3,1,9,0,3,"AssetManager::AssetManager@19-21@C:\proyecto_code_ia\metricas_realizadas\Prog-Concurrente\2026-PROGC-Q1-M5\Codigo_IA_generado\Sheriffsss\src\SheriffsssPackage\AssetManager.java","C:\proyecto_code_ia\metricas_realizadas\Prog-Concurrente\2026-PROGC-Q1-M5\Codigo_IA_generado\Sheriffsss\src\SheriffsssPackage\AssetManager.java","AssetManager::AssetManager","AssetManager::AssetManager()",19,21
9,2,52,1,9,"AssetManager::getImage@23-31@C:\proyecto_code_ia\metricas_realizadas\Prog-Concurrente\2026-PROGC-Q1-M5\Codigo_IA_generado\Sheriffsss\src\SheriffsssPackage\AssetManager.java","C:\proyecto_code_ia\metricas_realizadas\Prog-Concurrente\2026-PROGC-Q1-M5\Codigo_IA_generado\Sheriffsss\src\SheriffsssPackage\AssetManager.java","AssetManager::getImage","AssetManager::getImage( String path)",23,31
12,2,102,1,12,"AssetManager::getCursor@33-44@C:\proyecto_code_ia\metricas_realizadas\Prog-Concurrente\2026-PROGC-Q1-M5\Codigo_IA_generado\Sheriffsss\src\SheriffsssPackage\AssetManager.java","C:\proyecto_code_ia\metricas_realizadas\Prog-Concurrente\2026-PROGC-Q1-M5\Codigo_IA_generado\Sheriffsss\src\SheriffsssPackage\AssetManager.java","AssetManager::getCursor","AssetManager::getCursor( CursorType cursorType)",33,44
28,7,169,0,28,"AssetManager::preload@46-73@C:\proyecto_code_ia\metricas_realizadas\Prog-Concurrente\2026-PROGC-Q1-M5\Codigo_IA_generado\Sheriffsss\src\SheriffsssPackage\AssetManager.java","C:\proyecto_code_ia\metricas_realizadas\Prog-Concurrente\2026-PROGC-Q1-M5\Codigo_IA_generado\Sheriffsss\src\SheriffsssPackage\AssetManager.java","AssetManager::preload","AssetManager::preload()",46,73
11,3,69,1,11,"AssetManager::loadImage@75-85@C:\proyecto_code_ia\metricas_realizadas\Prog-Concurrente\2026-PROGC-Q1-M5\Codigo_IA_generado\Sheriffsss\src\SheriffsssPackage\AssetManager.java","C:\proyecto_code_ia\metricas_realizadas\Prog-Concurrente\2026-PROGC-Q1-M5\Codigo_IA_generado\Sheriffsss\src\SheriffsssPackage\AssetManager.java","AssetManager::loadImage","AssetManager::loadImage( String path)",75,85
29,6,184,2,29,"AudioManager::playLoop@37-65@C:\proyecto_code_ia\metricas_realizadas\Prog-Concurrente\2026-PROGC-Q1-M5\Codigo_IA_generado\Sheriffsss\src\SheriffsssPackage\AudioManager.java","C:\proyecto_code_ia\metricas_realizadas\Prog-Concurrente\2026-PROGC-Q1-M5\Codigo_IA_generado\Sheriffsss\src\SheriffsssPackage\AudioManager.java","AudioManager::playLoop","AudioManager::playLoop( String resourcePath , float gainDb)",37,65
3,1,19,2,3,"AudioManager::playOnce@67-69@C:\proyecto_code_ia\metricas_realizadas\Prog-Concurrente\2026-PROGC-Q1-M5\Codigo_IA_generado\Sheriffsss\src\SheriffsssPackage\AudioManager.java","C:\proyecto_code_ia\metricas_realizadas\Prog-Concurrente\2026-PROGC-Q1-M5\Codigo_IA_generado\Sheriffsss\src\SheriffsssPackage\AudioManager.java","AudioManager::playOnce","AudioManager::playOnce( String resourcePath , float gainDb)",67,69
12,3,73,3,12,"AudioManager::playOnce@71-82@C:\proyecto_code_ia\metricas_realizadas\Prog-Concurrente\2026-PROGC-Q1-M5\Codigo_IA_generado\Sheriffsss\src\SheriffsssPackage\AudioManager.java","C:\proyecto_code_ia\metricas_realizadas\Prog-Concurrente\2026-PROGC-Q1-M5\Codigo_IA_generado\Sheriffsss\src\SheriffsssPackage\AudioManager.java","AudioManager::playOnce","AudioManager::playOnce( String resourcePath , float gainDb , double volumeScale)",71,82
9,3,62,1,9,"(anonymous)::update@95-103@C:\proyecto_code_ia\metricas_realizadas\Prog-Concurrente\2026-PROGC-Q1-M5\Codigo_IA_generado\Sheriffsss\src\SheriffsssPackage\AudioManager.java","C:\proyecto_code_ia\metricas_realizadas\Prog-Concurrente\2026-PROGC-Q1-M5\Codigo_IA_generado\Sheriffsss\src\SheriffsssPackage\AudioManager.java","(anonymous)::update","AudioManager::AudioManager::playOnceUntilFinished.update( LineEvent event)",95,103
17,3,93,3,25,"AudioManager::playOnceUntilFinished@84-108@C:\proyecto_code_ia\metricas_realizadas\Prog-Concurrente\2026-PROGC-Q1-M5\Codigo_IA_generado\Sheriffsss\src\SheriffsssPackage\AudioManager.java","C:\proyecto_code_ia\metricas_realizadas\Prog-Concurrente\2026-PROGC-Q1-M5\Codigo_IA_generado\Sheriffsss\src\SheriffsssPackage\AudioManager.java","AudioManager::playOnceUntilFinished","AudioManager::playOnceUntilFinished( String resourcePath , float gainDb , double volumeScale)",84,108
3,1,19,2,3,"AudioManager::playSfxLoop@110-112@C:\proyecto_code_ia\metricas_realizadas\Prog-Concurrente\2026-PROGC-Q1-M5\Codigo_IA_generado\Sheriffsss\src\SheriffsssPackage\AudioManager.java","C:\proyecto_code_ia\metricas_realizadas\Prog-Concurrente\2026-PROGC-Q1-M5\Codigo_IA_generado\Sheriffsss\src\SheriffsssPackage\AudioManager.java","AudioManager::playSfxLoop","AudioManager::playSfxLoop( String resourcePath , float gainDb)",110,112
33,7,211,3,33,"AudioManager::playSfxLoop@114-146@C:\proyecto_code_ia\metricas_realizadas\Prog-Concurrente\2026-PROGC-Q1-M5\Codigo_IA_generado\Sheriffsss\src\SheriffsssPackage\AudioManager.java","C:\proyecto_code_ia\metricas_realizadas\Prog-Concurrente\2026-PROGC-Q1-M5\Codigo_IA_generado\Sheriffsss\src\SheriffsssPackage\AudioManager.java","AudioManager::playSfxLoop","AudioManager::playSfxLoop( String resourcePath , float gainDb , double volumeScale)",114,146
20,6,164,4,20,"AudioManager::playSfxLoop@148-167@C:\proyecto_code_ia\metricas_realizadas\Prog-Concurrente\2026-PROGC-Q1-M5\Codigo_IA_generado\Sheriffsss\src\SheriffsssPackage\AudioManager.java","C:\proyecto_code_ia\metricas_realizadas\Prog-Concurrente\2026-PROGC-Q1-M5\Codigo_IA_generado\Sheriffsss\src\SheriffsssPackage\AudioManager.java","AudioManager::playSfxLoop","AudioManager::playSfxLoop( String key , String resourcePath , float gainDb , double volumeScale)",148,167
8,2,44,0,8,"AudioManager::stopLoop@169-176@C:\proyecto_code_ia\metricas_realizadas\Prog-Concurrente\2026-PROGC-Q1-M5\Codigo_IA_generado\Sheriffsss\src\SheriffsssPackage\AudioManager.java","C:\proyecto_code_ia\metricas_realizadas\Prog-Concurrente\2026-PROGC-Q1-M5\Codigo_IA_generado\Sheriffsss\src\SheriffsssPackage\AudioManager.java","AudioManager::stopLoop","AudioManager::stopLoop()",169,176
8,2,44,0,8,"AudioManager::stopSfxLoop@178-185@C:\proyecto_code_ia\metricas_realizadas\Prog-Concurrente\2026-PROGC-Q1-M5\Codigo_IA_generado\Sheriffsss\src\SheriffsssPackage\AudioManager.java","C:\proyecto_code_ia\metricas_realizadas\Prog-Concurrente\2026-PROGC-Q1-M5\Codigo_IA_generado\Sheriffsss\src\SheriffsssPackage\AudioManager.java","AudioManager::stopSfxLoop","AudioManager::stopSfxLoop()",178,185
13,2,84,1,13,"AudioManager::stopSfxLoop@187-199@C:\proyecto_code_ia\metricas_realizadas\Prog-Concurrente\2026-PROGC-Q1-M5\Codigo_IA_generado\Sheriffsss\src\SheriffsssPackage\AudioManager.java","C:\proyecto_code_ia\metricas_realizadas\Prog-Concurrente\2026-PROGC-Q1-M5\Codigo_IA_generado\Sheriffsss\src\SheriffsssPackage\AudioManager.java","AudioManager::stopSfxLoop","AudioManager::stopSfxLoop( String key)",187,199
6,2,44,1,6,"AudioManager::setMusicVolume@201-206@C:\proyecto_code_ia\metricas_realizadas\Prog-Concurrente\2026-PROGC-Q1-M5\Codigo_IA_generado\Sheriffsss\src\SheriffsssPackage\AudioManager.java","C:\proyecto_code_ia\metricas_realizadas\Prog-Concurrente\2026-PROGC-Q1-M5\Codigo_IA_generado\Sheriffsss\src\SheriffsssPackage\AudioManager.java","AudioManager::setMusicVolume","AudioManager::setMusicVolume( double volume)",201,206
13,5,138,1,13,"AudioManager::setSfxVolume@208-220@C:\proyecto_code_ia\metricas_realizadas\Prog-Concurrente\2026-PROGC-Q1-M5\Codigo_IA_generado\Sheriffsss\src\SheriffsssPackage\AudioManager.java","C:\proyecto_code_ia\metricas_realizadas\Prog-Concurrente\2026-PROGC-Q1-M5\Codigo_IA_generado\Sheriffsss\src\SheriffsssPackage\AudioManager.java","AudioManager::setSfxVolume","AudioManager::setSfxVolume( double volume)",208,220
3,1,10,0,3,"AudioManager::getMusicVolume@222-224@C:\proyecto_code_ia\metricas_realizadas\Prog-Concurrente\2026-PROGC-Q1-M5\Codigo_IA_generado\Sheriffsss\src\SheriffsssPackage\AudioManager.java","C:\proyecto_code_ia\metricas_realizadas\Prog-Concurrente\2026-PROGC-Q1-M5\Codigo_IA_generado\Sheriffsss\src\SheriffsssPackage\AudioManager.java","AudioManager::getMusicVolume","AudioManager::getMusicVolume()",222,224
3,1,10,0,3,"AudioManager::getSfxVolume@226-228@C:\proyecto_code_ia\metricas_realizadas\Prog-Concurrente\2026-PROGC-Q1-M5\Codigo_IA_generado\Sheriffsss\src\SheriffsssPackage\AudioManager.java","C:\proyecto_code_ia\metricas_realizadas\Prog-Concurrente\2026-PROGC-Q1-M5\Codigo_IA_generado\Sheriffsss\src\SheriffsssPackage\AudioManager.java","AudioManager::getSfxVolume","AudioManager::getSfxVolume()",226,228
37,7,249,0,37,"AudioManager::shutdown@230-266@C:\proyecto_code_ia\metricas_realizadas\Prog-Concurrente\2026-PROGC-Q1-M5\Codigo_IA_generado\Sheriffsss\src\SheriffsssPackage\AudioManager.java","C:\proyecto_code_ia\metricas_realizadas\Prog-Concurrente\2026-PROGC-Q1-M5\Codigo_IA_generado\Sheriffsss\src\SheriffsssPackage\AudioManager.java","AudioManager::shutdown","AudioManager::shutdown()",230,266
9,2,52,1,9,"AudioManager::getClip@268-276@C:\proyecto_code_ia\metricas_realizadas\Prog-Concurrente\2026-PROGC-Q1-M5\Codigo_IA_generado\Sheriffsss\src\SheriffsssPackage\AudioManager.java","C:\proyecto_code_ia\metricas_realizadas\Prog-Concurrente\2026-PROGC-Q1-M5\Codigo_IA_generado\Sheriffsss\src\SheriffsssPackage\AudioManager.java","AudioManager::getClip","AudioManager::getClip( String resourcePath)",268,276
24,5,164,1,24,"AudioManager::getOneShotClip@278-301@C:\proyecto_code_ia\metricas_realizadas\Prog-Concurrente\2026-PROGC-Q1-M5\Codigo_IA_generado\Sheriffsss\src\SheriffsssPackage\AudioManager.java","C:\proyecto_code_ia\metricas_realizadas\Prog-Concurrente\2026-PROGC-Q1-M5\Codigo_IA_generado\Sheriffsss\src\SheriffsssPackage\AudioManager.java","AudioManager::getOneShotClip","AudioManager::getOneShotClip( String resourcePath)",278,301
15,4,100,2,15,"AudioManager::getKeyedSfxLoopClip@303-317@C:\proyecto_code_ia\metricas_realizadas\Prog-Concurrente\2026-PROGC-Q1-M5\Codigo_IA_generado\Sheriffsss\src\SheriffsssPackage\AudioManager.java","C:\proyecto_code_ia\metricas_realizadas\Prog-Concurrente\2026-PROGC-Q1-M5\Codigo_IA_generado\Sheriffsss\src\SheriffsssPackage\AudioManager.java","AudioManager::getKeyedSfxLoopClip","AudioManager::getKeyedSfxLoopClip( String key , String resourcePath)",303,317
6,2,34,1,6,"AudioManager::removeCompletionListener@319-324@C:\proyecto_code_ia\metricas_realizadas\Prog-Concurrente\2026-PROGC-Q1-M5\Codigo_IA_generado\Sheriffsss\src\SheriffsssPackage\AudioManager.java","C:\proyecto_code_ia\metricas_realizadas\Prog-Concurrente\2026-PROGC-Q1-M5\Codigo_IA_generado\Sheriffsss\src\SheriffsssPackage\AudioManager.java","AudioManager::removeCompletionListener","AudioManager::removeCompletionListener( Clip clip)",319,324
7,2,34,1,7,"AudioManager::loadClip@326-332@C:\proyecto_code_ia\metricas_realizadas\Prog-Concurrente\2026-PROGC-Q1-M5\Codigo_IA_generado\Sheriffsss\src\SheriffsssPackage\AudioManager.java","C:\proyecto_code_ia\metricas_realizadas\Prog-Concurrente\2026-PROGC-Q1-M5\Codigo_IA_generado\Sheriffsss\src\SheriffsssPackage\AudioManager.java","AudioManager::loadClip","AudioManager::loadClip( String resourcePath)",326,332
18,3,103,1,18,"AudioManager::loadClipResource@334-351@C:\proyecto_code_ia\metricas_realizadas\Prog-Concurrente\2026-PROGC-Q1-M5\Codigo_IA_generado\Sheriffsss\src\SheriffsssPackage\AudioManager.java","C:\proyecto_code_ia\metricas_realizadas\Prog-Concurrente\2026-PROGC-Q1-M5\Codigo_IA_generado\Sheriffsss\src\SheriffsssPackage\AudioManager.java","AudioManager::loadClipResource","AudioManager::loadClipResource( String resourcePath)",334,351
16,2,88,1,16,"AudioManager::toPlayableStream@353-368@C:\proyecto_code_ia\metricas_realizadas\Prog-Concurrente\2026-PROGC-Q1-M5\Codigo_IA_generado\Sheriffsss\src\SheriffsssPackage\AudioManager.java","C:\proyecto_code_ia\metricas_realizadas\Prog-Concurrente\2026-PROGC-Q1-M5\Codigo_IA_generado\Sheriffsss\src\SheriffsssPackage\AudioManager.java","AudioManager::toPlayableStream","AudioManager::toPlayableStream( AudioInputStream audioInputStream)",353,368
6,2,71,2,6,"AudioManager::configureGain@370-375@C:\proyecto_code_ia\metricas_realizadas\Prog-Concurrente\2026-PROGC-Q1-M5\Codigo_IA_generado\Sheriffsss\src\SheriffsssPackage\AudioManager.java","C:\proyecto_code_ia\metricas_realizadas\Prog-Concurrente\2026-PROGC-Q1-M5\Codigo_IA_generado\Sheriffsss\src\SheriffsssPackage\AudioManager.java","AudioManager::configureGain","AudioManager::configureGain( Clip clip , float gainDb)",370,375
6,2,39,2,6,"AudioManager::effectiveGain@377-382@C:\proyecto_code_ia\metricas_realizadas\Prog-Concurrente\2026-PROGC-Q1-M5\Codigo_IA_generado\Sheriffsss\src\SheriffsssPackage\AudioManager.java","C:\proyecto_code_ia\metricas_realizadas\Prog-Concurrente\2026-PROGC-Q1-M5\Codigo_IA_generado\Sheriffsss\src\SheriffsssPackage\AudioManager.java","AudioManager::effectiveGain","AudioManager::effectiveGain( float baseGainDb , double volume)",377,382
3,1,24,1,3,"AudioManager::clamp01@384-386@C:\proyecto_code_ia\metricas_realizadas\Prog-Concurrente\2026-PROGC-Q1-M5\Codigo_IA_generado\Sheriffsss\src\SheriffsssPackage\AudioManager.java","C:\proyecto_code_ia\metricas_realizadas\Prog-Concurrente\2026-PROGC-Q1-M5\Codigo_IA_generado\Sheriffsss\src\SheriffsssPackage\AudioManager.java","AudioManager::clamp01","AudioManager::clamp01( double value)",384,386
8,1,114,2,8,"Camera::update@11-18@C:\proyecto_code_ia\metricas_realizadas\Prog-Concurrente\2026-PROGC-Q1-M5\Codigo_IA_generado\Sheriffsss\src\SheriffsssPackage\Camera.java","C:\proyecto_code_ia\metricas_realizadas\Prog-Concurrente\2026-PROGC-Q1-M5\Codigo_IA_generado\Sheriffsss\src\SheriffsssPackage\Camera.java","Camera::update","Camera::update( int centerWorldX , int centerWorldY)",11,18
3,1,22,1,3,"Camera::tileToScreenX@20-22@C:\proyecto_code_ia\metricas_realizadas\Prog-Concurrente\2026-PROGC-Q1-M5\Codigo_IA_generado\Sheriffsss\src\SheriffsssPackage\Camera.java","C:\proyecto_code_ia\metricas_realizadas\Prog-Concurrente\2026-PROGC-Q1-M5\Codigo_IA_generado\Sheriffsss\src\SheriffsssPackage\Camera.java","Camera::tileToScreenX","Camera::tileToScreenX( int tileX)",20,22
3,1,22,1,3,"Camera::tileToScreenY@24-26@C:\proyecto_code_ia\metricas_realizadas\Prog-Concurrente\2026-PROGC-Q1-M5\Codigo_IA_generado\Sheriffsss\src\SheriffsssPackage\Camera.java","C:\proyecto_code_ia\metricas_realizadas\Prog-Concurrente\2026-PROGC-Q1-M5\Codigo_IA_generado\Sheriffsss\src\SheriffsssPackage\Camera.java","Camera::tileToScreenY","Camera::tileToScreenY( int tileY)",24,26
3,1,18,1,3,"Camera::worldToScreenX@28-30@C:\proyecto_code_ia\metricas_realizadas\Prog-Concurrente\2026-PROGC-Q1-M5\Codigo_IA_generado\Sheriffsss\src\SheriffsssPackage\Camera.java","C:\proyecto_code_ia\metricas_realizadas\Prog-Concurrente\2026-PROGC-Q1-M5\Codigo_IA_generado\Sheriffsss\src\SheriffsssPackage\Camera.java","Camera::worldToScreenX","Camera::worldToScreenX( int worldX)",28,30
3,1,18,1,3,"Camera::worldToScreenY@32-34@C:\proyecto_code_ia\metricas_realizadas\Prog-Concurrente\2026-PROGC-Q1-M5\Codigo_IA_generado\Sheriffsss\src\SheriffsssPackage\Camera.java","C:\proyecto_code_ia\metricas_realizadas\Prog-Concurrente\2026-PROGC-Q1-M5\Codigo_IA_generado\Sheriffsss\src\SheriffsssPackage\Camera.java","Camera::worldToScreenY","Camera::worldToScreenY( int worldY)",32,34
3,1,10,0,3,"Camera::getStartTileX@36-38@C:\proyecto_code_ia\metricas_realizadas\Prog-Concurrente\2026-PROGC-Q1-M5\Codigo_IA_generado\Sheriffsss\src\SheriffsssPackage\Camera.java","C:\proyecto_code_ia\metricas_realizadas\Prog-Concurrente\2026-PROGC-Q1-M5\Codigo_IA_generado\Sheriffsss\src\SheriffsssPackage\Camera.java","Camera::getStartTileX","Camera::getStartTileX()",36,38
3,1,10,0,3,"Camera::getEndTileX@40-42@C:\proyecto_code_ia\metricas_realizadas\Prog-Concurrente\2026-PROGC-Q1-M5\Codigo_IA_generado\Sheriffsss\src\SheriffsssPackage\Camera.java","C:\proyecto_code_ia\metricas_realizadas\Prog-Concurrente\2026-PROGC-Q1-M5\Codigo_IA_generado\Sheriffsss\src\SheriffsssPackage\Camera.java","Camera::getEndTileX","Camera::getEndTileX()",40,42
3,1,10,0,3,"Camera::getStartTileY@44-46@C:\proyecto_code_ia\metricas_realizadas\Prog-Concurrente\2026-PROGC-Q1-M5\Codigo_IA_generado\Sheriffsss\src\SheriffsssPackage\Camera.java","C:\proyecto_code_ia\metricas_realizadas\Prog-Concurrente\2026-PROGC-Q1-M5\Codigo_IA_generado\Sheriffsss\src\SheriffsssPackage\Camera.java","Camera::getStartTileY","Camera::getStartTileY()",44,46
3,1,10,0,3,"Camera::getEndTileY@48-50@C:\proyecto_code_ia\metricas_realizadas\Prog-Concurrente\2026-PROGC-Q1-M5\Codigo_IA_generado\Sheriffsss\src\SheriffsssPackage\Camera.java","C:\proyecto_code_ia\metricas_realizadas\Prog-Concurrente\2026-PROGC-Q1-M5\Codigo_IA_generado\Sheriffsss\src\SheriffsssPackage\Camera.java","Camera::getEndTileY","Camera::getEndTileY()",48,50
6,3,54,4,6,"CombatFloatingText::CombatFloatingText@15-20@C:\proyecto_code_ia\metricas_realizadas\Prog-Concurrente\2026-PROGC-Q1-M5\Codigo_IA_generado\Sheriffsss\src\SheriffsssPackage\CombatFloatingText.java","C:\proyecto_code_ia\metricas_realizadas\Prog-Concurrente\2026-PROGC-Q1-M5\Codigo_IA_generado\Sheriffsss\src\SheriffsssPackage\CombatFloatingText.java","CombatFloatingText::CombatFloatingText","CombatFloatingText::CombatFloatingText( int worldX , int worldY , String message , Color color)",15,20
3,1,10,0,3,"CombatFloatingText::update@22-24@C:\proyecto_code_ia\metricas_realizadas\Prog-Concurrente\2026-PROGC-Q1-M5\Codigo_IA_generado\Sheriffsss\src\SheriffsssPackage\CombatFloatingText.java","C:\proyecto_code_ia\metricas_realizadas\Prog-Concurrente\2026-PROGC-Q1-M5\Codigo_IA_generado\Sheriffsss\src\SheriffsssPackage\CombatFloatingText.java","CombatFloatingText::update","CombatFloatingText::update()",22,24
3,1,12,0,3,"CombatFloatingText::isExpired@26-28@C:\proyecto_code_ia\metricas_realizadas\Prog-Concurrente\2026-PROGC-Q1-M5\Codigo_IA_generado\Sheriffsss\src\SheriffsssPackage\CombatFloatingText.java","C:\proyecto_code_ia\metricas_realizadas\Prog-Concurrente\2026-PROGC-Q1-M5\Codigo_IA_generado\Sheriffsss\src\SheriffsssPackage\CombatFloatingText.java","CombatFloatingText::isExpired","CombatFloatingText::isExpired()",26,28
3,1,10,0,3,"CombatFloatingText::getWorldX@30-32@C:\proyecto_code_ia\metricas_realizadas\Prog-Concurrente\2026-PROGC-Q1-M5\Codigo_IA_generado\Sheriffsss\src\SheriffsssPackage\CombatFloatingText.java","C:\proyecto_code_ia\metricas_realizadas\Prog-Concurrente\2026-PROGC-Q1-M5\Codigo_IA_generado\Sheriffsss\src\SheriffsssPackage\CombatFloatingText.java","CombatFloatingText::getWorldX","CombatFloatingText::getWorldX()",30,32
3,1,10,0,3,"CombatFloatingText::getWorldY@34-36@C:\proyecto_code_ia\metricas_realizadas\Prog-Concurrente\2026-PROGC-Q1-M5\Codigo_IA_generado\Sheriffsss\src\SheriffsssPackage\CombatFloatingText.java","C:\proyecto_code_ia\metricas_realizadas\Prog-Concurrente\2026-PROGC-Q1-M5\Codigo_IA_generado\Sheriffsss\src\SheriffsssPackage\CombatFloatingText.java","CombatFloatingText::getWorldY","CombatFloatingText::getWorldY()",34,36
3,1,10,0,3,"CombatFloatingText::getMessage@38-40@C:\proyecto_code_ia\metricas_realizadas\Prog-Concurrente\2026-PROGC-Q1-M5\Codigo_IA_generado\Sheriffsss\src\SheriffsssPackage\CombatFloatingText.java","C:\proyecto_code_ia\metricas_realizadas\Prog-Concurrente\2026-PROGC-Q1-M5\Codigo_IA_generado\Sheriffsss\src\SheriffsssPackage\CombatFloatingText.java","CombatFloatingText::getMessage","CombatFloatingText::getMessage()",38,40
3,1,10,0,3,"CombatFloatingText::getColor@42-44@C:\proyecto_code_ia\metricas_realizadas\Prog-Concurrente\2026-PROGC-Q1-M5\Codigo_IA_generado\Sheriffsss\src\SheriffsssPackage\CombatFloatingText.java","C:\proyecto_code_ia\metricas_realizadas\Prog-Concurrente\2026-PROGC-Q1-M5\Codigo_IA_generado\Sheriffsss\src\SheriffsssPackage\CombatFloatingText.java","CombatFloatingText::getColor","CombatFloatingText::getColor()",42,44
3,1,14,0,3,"CombatFloatingText::getOffsetPixels@46-48@C:\proyecto_code_ia\metricas_realizadas\Prog-Concurrente\2026-PROGC-Q1-M5\Codigo_IA_generado\Sheriffsss\src\SheriffsssPackage\CombatFloatingText.java","C:\proyecto_code_ia\metricas_realizadas\Prog-Concurrente\2026-PROGC-Q1-M5\Codigo_IA_generado\Sheriffsss\src\SheriffsssPackage\CombatFloatingText.java","CombatFloatingText::getOffsetPixels","CombatFloatingText::getOffsetPixels()",46,48
3,1,23,0,3,"CombatFloatingText::getAlpha@50-52@C:\proyecto_code_ia\metricas_realizadas\Prog-Concurrente\2026-PROGC-Q1-M5\Codigo_IA_generado\Sheriffsss\src\SheriffsssPackage\CombatFloatingText.java","C:\proyecto_code_ia\metricas_realizadas\Prog-Concurrente\2026-PROGC-Q1-M5\Codigo_IA_generado\Sheriffsss\src\SheriffsssPackage\CombatFloatingText.java","CombatFloatingText::getAlpha","CombatFloatingText::getAlpha()",50,52
4,1,17,0,4,"DayNightCycle::reset@13-16@C:\proyecto_code_ia\metricas_realizadas\Prog-Concurrente\2026-PROGC-Q1-M5\Codigo_IA_generado\Sheriffsss\src\SheriffsssPackage\DayNightCycle.java","C:\proyecto_code_ia\metricas_realizadas\Prog-Concurrente\2026-PROGC-Q1-M5\Codigo_IA_generado\Sheriffsss\src\SheriffsssPackage\DayNightCycle.java","DayNightCycle::reset","DayNightCycle::reset()",13,16
4,1,58,1,4,"DayNightCycle::setDayProgress@18-21@C:\proyecto_code_ia\metricas_realizadas\Prog-Concurrente\2026-PROGC-Q1-M5\Codigo_IA_generado\Sheriffsss\src\SheriffsssPackage\DayNightCycle.java","C:\proyecto_code_ia\metricas_realizadas\Prog-Concurrente\2026-PROGC-Q1-M5\Codigo_IA_generado\Sheriffsss\src\SheriffsssPackage\DayNightCycle.java","DayNightCycle::setDayProgress","DayNightCycle::setDayProgress( double progress)",18,21
3,1,10,0,3,"DayNightCycle::getDayCount@23-25@C:\proyecto_code_ia\metricas_realizadas\Prog-Concurrente\2026-PROGC-Q1-M5\Codigo_IA_generado\Sheriffsss\src\SheriffsssPackage\DayNightCycle.java","C:\proyecto_code_ia\metricas_realizadas\Prog-Concurrente\2026-PROGC-Q1-M5\Codigo_IA_generado\Sheriffsss\src\SheriffsssPackage\DayNightCycle.java","DayNightCycle::getDayCount","DayNightCycle::getDayCount()",23,25
13,4,56,0,13,"DayNightCycle::getPhase@27-39@C:\proyecto_code_ia\metricas_realizadas\Prog-Concurrente\2026-PROGC-Q1-M5\Codigo_IA_generado\Sheriffsss\src\SheriffsssPackage\DayNightCycle.java","C:\proyecto_code_ia\metricas_realizadas\Prog-Concurrente\2026-PROGC-Q1-M5\Codigo_IA_generado\Sheriffsss\src\SheriffsssPackage\DayNightCycle.java","DayNightCycle::getPhase","DayNightCycle::getPhase()",27,39
16,5,119,0,16,"DayNightCycle::getAmbientLight@41-56@C:\proyecto_code_ia\metricas_realizadas\Prog-Concurrente\2026-PROGC-Q1-M5\Codigo_IA_generado\Sheriffsss\src\SheriffsssPackage\DayNightCycle.java","C:\proyecto_code_ia\metricas_realizadas\Prog-Concurrente\2026-PROGC-Q1-M5\Codigo_IA_generado\Sheriffsss\src\SheriffsssPackage\DayNightCycle.java","DayNightCycle::getAmbientLight","DayNightCycle::getAmbientLight()",41,56
9,3,68,0,9,"DayNightCycle::getSunsetTintAlpha@58-66@C:\proyecto_code_ia\metricas_realizadas\Prog-Concurrente\2026-PROGC-Q1-M5\Codigo_IA_generado\Sheriffsss\src\SheriffsssPackage\DayNightCycle.java","C:\proyecto_code_ia\metricas_realizadas\Prog-Concurrente\2026-PROGC-Q1-M5\Codigo_IA_generado\Sheriffsss\src\SheriffsssPackage\DayNightCycle.java","DayNightCycle::getSunsetTintAlpha","DayNightCycle::getSunsetTintAlpha()",58,66
3,1,12,0,3,"DayNightCycle::isNaturallyBright@68-70@C:\proyecto_code_ia\metricas_realizadas\Prog-Concurrente\2026-PROGC-Q1-M5\Codigo_IA_generado\Sheriffsss\src\SheriffsssPackage\DayNightCycle.java","C:\proyecto_code_ia\metricas_realizadas\Prog-Concurrente\2026-PROGC-Q1-M5\Codigo_IA_generado\Sheriffsss\src\SheriffsssPackage\DayNightCycle.java","DayNightCycle::isNaturallyBright","DayNightCycle::isNaturallyBright()",68,70
3,1,15,0,3,"DayNightCycle::getDayProgress@72-74@C:\proyecto_code_ia\metricas_realizadas\Prog-Concurrente\2026-PROGC-Q1-M5\Codigo_IA_generado\Sheriffsss\src\SheriffsssPackage\DayNightCycle.java","C:\proyecto_code_ia\metricas_realizadas\Prog-Concurrente\2026-PROGC-Q1-M5\Codigo_IA_generado\Sheriffsss\src\SheriffsssPackage\DayNightCycle.java","DayNightCycle::getDayProgress","DayNightCycle::getDayProgress()",72,74
3,1,24,3,3,"DayNightCycle::lerp@76-78@C:\proyecto_code_ia\metricas_realizadas\Prog-Concurrente\2026-PROGC-Q1-M5\Codigo_IA_generado\Sheriffsss\src\SheriffsssPackage\DayNightCycle.java","C:\proyecto_code_ia\metricas_realizadas\Prog-Concurrente\2026-PROGC-Q1-M5\Codigo_IA_generado\Sheriffsss\src\SheriffsssPackage\DayNightCycle.java","DayNightCycle::lerp","DayNightCycle::lerp( double start , double end , double amount)",76,78
3,1,13,1,3,"DayPhase::DayPhase@11-13@C:\proyecto_code_ia\metricas_realizadas\Prog-Concurrente\2026-PROGC-Q1-M5\Codigo_IA_generado\Sheriffsss\src\SheriffsssPackage\DayPhase.java","C:\proyecto_code_ia\metricas_realizadas\Prog-Concurrente\2026-PROGC-Q1-M5\Codigo_IA_generado\Sheriffsss\src\SheriffsssPackage\DayPhase.java","DayPhase::DayPhase","DayPhase( String displayName)",11,13
3,1,10,0,3,"DayPhase::getDisplayName@15-17@C:\proyecto_code_ia\metricas_realizadas\Prog-Concurrente\2026-PROGC-Q1-M5\Codigo_IA_generado\Sheriffsss\src\SheriffsssPackage\DayPhase.java","C:\proyecto_code_ia\metricas_realizadas\Prog-Concurrente\2026-PROGC-Q1-M5\Codigo_IA_generado\Sheriffsss\src\SheriffsssPackage\DayPhase.java","DayPhase::getDisplayName","getDisplayName()",15,17
6,1,45,3,6,"Debuff::BURN@4-9@C:\proyecto_code_ia\metricas_realizadas\Prog-Concurrente\2026-PROGC-Q1-M5\Codigo_IA_generado\Sheriffsss\src\SheriffsssPackage\Debuff.java","C:\proyecto_code_ia\metricas_realizadas\Prog-Concurrente\2026-PROGC-Q1-M5\Codigo_IA_generado\Sheriffsss\src\SheriffsssPackage\Debuff.java","Debuff::BURN","BURN( GameConfig . TARGET_FPS * 5 , 3 , 0.34)",4,9
3,1,16,1,3,"Debuff::Debuff@15-17@C:\proyecto_code_ia\metricas_realizadas\Prog-Concurrente\2026-PROGC-Q1-M5\Codigo_IA_generado\Sheriffsss\src\SheriffsssPackage\Debuff.java","C:\proyecto_code_ia\metricas_realizadas\Prog-Concurrente\2026-PROGC-Q1-M5\Codigo_IA_generado\Sheriffsss\src\SheriffsssPackage\Debuff.java","Debuff::Debuff","Debuff( int durationTicks)",15,17
5,1,45,3,5,"Debuff::Debuff@19-23@C:\proyecto_code_ia\metricas_realizadas\Prog-Concurrente\2026-PROGC-Q1-M5\Codigo_IA_generado\Sheriffsss\src\SheriffsssPackage\Debuff.java","C:\proyecto_code_ia\metricas_realizadas\Prog-Concurrente\2026-PROGC-Q1-M5\Codigo_IA_generado\Sheriffsss\src\SheriffsssPackage\Debuff.java","Debuff::Debuff","Debuff( int durationTicks , int lightRadiusTiles , double lightIntensity)",19,23
3,1,10,0,3,"Debuff::getDurationTicks@25-27@C:\proyecto_code_ia\metricas_realizadas\Prog-Concurrente\2026-PROGC-Q1-M5\Codigo_IA_generado\Sheriffsss\src\SheriffsssPackage\Debuff.java","C:\proyecto_code_ia\metricas_realizadas\Prog-Concurrente\2026-PROGC-Q1-M5\Codigo_IA_generado\Sheriffsss\src\SheriffsssPackage\Debuff.java","Debuff::getDurationTicks","getDurationTicks()",25,27
3,1,10,0,3,"Debuff::getLightRadiusTiles@29-31@C:\proyecto_code_ia\metricas_realizadas\Prog-Concurrente\2026-PROGC-Q1-M5\Codigo_IA_generado\Sheriffsss\src\SheriffsssPackage\Debuff.java","C:\proyecto_code_ia\metricas_realizadas\Prog-Concurrente\2026-PROGC-Q1-M5\Codigo_IA_generado\Sheriffsss\src\SheriffsssPackage\Debuff.java","Debuff::getLightRadiusTiles","getLightRadiusTiles()",29,31
3,1,10,0,3,"Debuff::getLightIntensity@33-35@C:\proyecto_code_ia\metricas_realizadas\Prog-Concurrente\2026-PROGC-Q1-M5\Codigo_IA_generado\Sheriffsss\src\SheriffsssPackage\Debuff.java","C:\proyecto_code_ia\metricas_realizadas\Prog-Concurrente\2026-PROGC-Q1-M5\Codigo_IA_generado\Sheriffsss\src\SheriffsssPackage\Debuff.java","Debuff::getLightIntensity","getLightIntensity()",33,35
2,1,7,1,2,"Debuff::update@37-38@C:\proyecto_code_ia\metricas_realizadas\Prog-Concurrente\2026-PROGC-Q1-M5\Codigo_IA_generado\Sheriffsss\src\SheriffsssPackage\Debuff.java","C:\proyecto_code_ia\metricas_realizadas\Prog-Concurrente\2026-PROGC-Q1-M5\Codigo_IA_generado\Sheriffsss\src\SheriffsssPackage\Debuff.java","Debuff::update","update( Enemy enemy)",37,38
6,1,40,4,6,"DebugBulletTrajectory::DebugBulletTrajectory@9-14@C:\proyecto_code_ia\metricas_realizadas\Prog-Concurrente\2026-PROGC-Q1-M5\Codigo_IA_generado\Sheriffsss\src\SheriffsssPackage\DebugBulletTrajectory.java","C:\proyecto_code_ia\metricas_realizadas\Prog-Concurrente\2026-PROGC-Q1-M5\Codigo_IA_generado\Sheriffsss\src\SheriffsssPackage\DebugBulletTrajectory.java","DebugBulletTrajectory::DebugBulletTrajectory","DebugBulletTrajectory::DebugBulletTrajectory( int startWorldX , int startWorldY , int endWorldX , int endWorldY)",9,14
3,1,10,0,3,"DebugBulletTrajectory::getStartWorldX@16-18@C:\proyecto_code_ia\metricas_realizadas\Prog-Concurrente\2026-PROGC-Q1-M5\Codigo_IA_generado\Sheriffsss\src\SheriffsssPackage\DebugBulletTrajectory.java","C:\proyecto_code_ia\metricas_realizadas\Prog-Concurrente\2026-PROGC-Q1-M5\Codigo_IA_generado\Sheriffsss\src\SheriffsssPackage\DebugBulletTrajectory.java","DebugBulletTrajectory::getStartWorldX","DebugBulletTrajectory::getStartWorldX()",16,18
3,1,10,0,3,"DebugBulletTrajectory::getStartWorldY@20-22@C:\proyecto_code_ia\metricas_realizadas\Prog-Concurrente\2026-PROGC-Q1-M5\Codigo_IA_generado\Sheriffsss\src\SheriffsssPackage\DebugBulletTrajectory.java","C:\proyecto_code_ia\metricas_realizadas\Prog-Concurrente\2026-PROGC-Q1-M5\Codigo_IA_generado\Sheriffsss\src\SheriffsssPackage\DebugBulletTrajectory.java","DebugBulletTrajectory::getStartWorldY","DebugBulletTrajectory::getStartWorldY()",20,22
3,1,10,0,3,"DebugBulletTrajectory::getEndWorldX@24-26@C:\proyecto_code_ia\metricas_realizadas\Prog-Concurrente\2026-PROGC-Q1-M5\Codigo_IA_generado\Sheriffsss\src\SheriffsssPackage\DebugBulletTrajectory.java","C:\proyecto_code_ia\metricas_realizadas\Prog-Concurrente\2026-PROGC-Q1-M5\Codigo_IA_generado\Sheriffsss\src\SheriffsssPackage\DebugBulletTrajectory.java","DebugBulletTrajectory::getEndWorldX","DebugBulletTrajectory::getEndWorldX()",24,26
3,1,10,0,3,"DebugBulletTrajectory::getEndWorldY@28-30@C:\proyecto_code_ia\metricas_realizadas\Prog-Concurrente\2026-PROGC-Q1-M5\Codigo_IA_generado\Sheriffsss\src\SheriffsssPackage\DebugBulletTrajectory.java","C:\proyecto_code_ia\metricas_realizadas\Prog-Concurrente\2026-PROGC-Q1-M5\Codigo_IA_generado\Sheriffsss\src\SheriffsssPackage\DebugBulletTrajectory.java","DebugBulletTrajectory::getEndWorldY","DebugBulletTrajectory::getEndWorldY()",28,30
3,1,14,0,3,"DebugOptions::toggleMenu@43-45@C:\proyecto_code_ia\metricas_realizadas\Prog-Concurrente\2026-PROGC-Q1-M5\Codigo_IA_generado\Sheriffsss\src\SheriffsssPackage\DebugOptions.java","C:\proyecto_code_ia\metricas_realizadas\Prog-Concurrente\2026-PROGC-Q1-M5\Codigo_IA_generado\Sheriffsss\src\SheriffsssPackage\DebugOptions.java","DebugOptions::toggleMenu","DebugOptions::toggleMenu()",43,45
25,12,147,2,25,"DebugOptions::handleClick@47-71@C:\proyecto_code_ia\metricas_realizadas\Prog-Concurrente\2026-PROGC-Q1-M5\Codigo_IA_generado\Sheriffsss\src\SheriffsssPackage\DebugOptions.java","C:\proyecto_code_ia\metricas_realizadas\Prog-Concurrente\2026-PROGC-Q1-M5\Codigo_IA_generado\Sheriffsss\src\SheriffsssPackage\DebugOptions.java","DebugOptions::handleClick","DebugOptions::handleClick( int mouseX , int mouseY)",47,71
19,1,109,0,19,"DebugOptions::resetAll@73-91@C:\proyecto_code_ia\metricas_realizadas\Prog-Concurrente\2026-PROGC-Q1-M5\Codigo_IA_generado\Sheriffsss\src\SheriffsssPackage\DebugOptions.java","C:\proyecto_code_ia\metricas_realizadas\Prog-Concurrente\2026-PROGC-Q1-M5\Codigo_IA_generado\Sheriffsss\src\SheriffsssPackage\DebugOptions.java","DebugOptions::resetAll","DebugOptions::resetAll()",73,91
27,13,222,1,27,"DebugOptions::toggleRow@93-119@C:\proyecto_code_ia\metricas_realizadas\Prog-Concurrente\2026-PROGC-Q1-M5\Codigo_IA_generado\Sheriffsss\src\SheriffsssPackage\DebugOptions.java","C:\proyecto_code_ia\metricas_realizadas\Prog-Concurrente\2026-PROGC-Q1-M5\Codigo_IA_generado\Sheriffsss\src\SheriffsssPackage\DebugOptions.java","DebugOptions::toggleRow","DebugOptions::toggleRow( int row)",93,119
7,5,37,2,7,"DebugOptions::isTrajectorySliderHovered@121-127@C:\proyecto_code_ia\metricas_realizadas\Prog-Concurrente\2026-PROGC-Q1-M5\Codigo_IA_generado\Sheriffsss\src\SheriffsssPackage\DebugOptions.java","C:\proyecto_code_ia\metricas_realizadas\Prog-Concurrente\2026-PROGC-Q1-M5\Codigo_IA_generado\Sheriffsss\src\SheriffsssPackage\DebugOptions.java","DebugOptions::isTrajectorySliderHovered","DebugOptions::isTrajectorySliderHovered( int mouseX , int mouseY)",121,127
4,1,50,1,4,"DebugOptions::setBulletTrajectoryLimitFromMouse@129-132@C:\proyecto_code_ia\metricas_realizadas\Prog-Concurrente\2026-PROGC-Q1-M5\Codigo_IA_generado\Sheriffsss\src\SheriffsssPackage\DebugOptions.java","C:\proyecto_code_ia\metricas_realizadas\Prog-Concurrente\2026-PROGC-Q1-M5\Codigo_IA_generado\Sheriffsss\src\SheriffsssPackage\DebugOptions.java","DebugOptions::setBulletTrajectoryLimitFromMouse","DebugOptions::setBulletTrajectoryLimitFromMouse( int mouseX)",129,132
4,1,31,1,4,"DebugOptions::setBulletTrajectoryLimit@134-137@C:\proyecto_code_ia\metricas_realizadas\Prog-Concurrente\2026-PROGC-Q1-M5\Codigo_IA_generado\Sheriffsss\src\SheriffsssPackage\DebugOptions.java","C:\proyecto_code_ia\metricas_realizadas\Prog-Concurrente\2026-PROGC-Q1-M5\Codigo_IA_generado\Sheriffsss\src\SheriffsssPackage\DebugOptions.java","DebugOptions::setBulletTrajectoryLimit","DebugOptions::setBulletTrajectoryLimit( int limit)",134,137
8,2,59,4,8,"DebugOptions::recordBulletTrajectory@139-146@C:\proyecto_code_ia\metricas_realizadas\Prog-Concurrente\2026-PROGC-Q1-M5\Codigo_IA_generado\Sheriffsss\src\SheriffsssPackage\DebugOptions.java","C:\proyecto_code_ia\metricas_realizadas\Prog-Concurrente\2026-PROGC-Q1-M5\Codigo_IA_generado\Sheriffsss\src\SheriffsssPackage\DebugOptions.java","DebugOptions::recordBulletTrajectory","DebugOptions::recordBulletTrajectory( int startWorldX , int startWorldY , int endWorldX , int endWorldY)",139,146
5,2,30,0,5,"DebugOptions::trimBulletTrajectories@148-152@C:\proyecto_code_ia\metricas_realizadas\Prog-Concurrente\2026-PROGC-Q1-M5\Codigo_IA_generado\Sheriffsss\src\SheriffsssPackage\DebugOptions.java","C:\proyecto_code_ia\metricas_realizadas\Prog-Concurrente\2026-PROGC-Q1-M5\Codigo_IA_generado\Sheriffsss\src\SheriffsssPackage\DebugOptions.java","DebugOptions::trimBulletTrajectories","DebugOptions::trimBulletTrajectories()",148,152
3,1,10,0,3,"DebugOptions::isMenuOpen@154-156@C:\proyecto_code_ia\metricas_realizadas\Prog-Concurrente\2026-PROGC-Q1-M5\Codigo_IA_generado\Sheriffsss\src\SheriffsssPackage\DebugOptions.java","C:\proyecto_code_ia\metricas_realizadas\Prog-Concurrente\2026-PROGC-Q1-M5\Codigo_IA_generado\Sheriffsss\src\SheriffsssPackage\DebugOptions.java","DebugOptions::isMenuOpen","DebugOptions::isMenuOpen()",154,156
3,1,13,1,3,"DebugOptions::setMenuOpen@158-160@C:\proyecto_code_ia\metricas_realizadas\Prog-Concurrente\2026-PROGC-Q1-M5\Codigo_IA_generado\Sheriffsss\src\SheriffsssPackage\DebugOptions.java","C:\proyecto_code_ia\metricas_realizadas\Prog-Concurrente\2026-PROGC-Q1-M5\Codigo_IA_generado\Sheriffsss\src\SheriffsssPackage\DebugOptions.java","DebugOptions::setMenuOpen","DebugOptions::setMenuOpen( boolean menuOpen)",158,160
3,1,10,0,3,"DebugOptions::shouldDrawHitboxes@162-164@C:\proyecto_code_ia\metricas_realizadas\Prog-Concurrente\2026-PROGC-Q1-M5\Codigo_IA_generado\Sheriffsss\src\SheriffsssPackage\DebugOptions.java","C:\proyecto_code_ia\metricas_realizadas\Prog-Concurrente\2026-PROGC-Q1-M5\Codigo_IA_generado\Sheriffsss\src\SheriffsssPackage\DebugOptions.java","DebugOptions::shouldDrawHitboxes","DebugOptions::shouldDrawHitboxes()",162,164
3,1,10,0,3,"DebugOptions::shouldDrawSpritePerimeters@166-168@C:\proyecto_code_ia\metricas_realizadas\Prog-Concurrente\2026-PROGC-Q1-M5\Codigo_IA_generado\Sheriffsss\src\SheriffsssPackage\DebugOptions.java","C:\proyecto_code_ia\metricas_realizadas\Prog-Concurrente\2026-PROGC-Q1-M5\Codigo_IA_generado\Sheriffsss\src\SheriffsssPackage\DebugOptions.java","DebugOptions::shouldDrawSpritePerimeters","DebugOptions::shouldDrawSpritePerimeters()",166,168
3,1,10,0,3,"DebugOptions::shouldDrawPlayerMouseLine@170-172@C:\proyecto_code_ia\metricas_realizadas\Prog-Concurrente\2026-PROGC-Q1-M5\Codigo_IA_generado\Sheriffsss\src\SheriffsssPackage\DebugOptions.java","C:\proyecto_code_ia\metricas_realizadas\Prog-Concurrente\2026-PROGC-Q1-M5\Codigo_IA_generado\Sheriffsss\src\SheriffsssPackage\DebugOptions.java","DebugOptions::shouldDrawPlayerMouseLine","DebugOptions::shouldDrawPlayerMouseLine()",170,172
3,1,10,0,3,"DebugOptions::shouldDrawPlayerOrigin@174-176@C:\proyecto_code_ia\metricas_realizadas\Prog-Concurrente\2026-PROGC-Q1-M5\Codigo_IA_generado\Sheriffsss\src\SheriffsssPackage\DebugOptions.java","C:\proyecto_code_ia\metricas_realizadas\Prog-Concurrente\2026-PROGC-Q1-M5\Codigo_IA_generado\Sheriffsss\src\SheriffsssPackage\DebugOptions.java","DebugOptions::shouldDrawPlayerOrigin","DebugOptions::shouldDrawPlayerOrigin()",174,176
3,1,10,0,3,"DebugOptions::shouldDrawWeaponOrigin@178-180@C:\proyecto_code_ia\metricas_realizadas\Prog-Concurrente\2026-PROGC-Q1-M5\Codigo_IA_generado\Sheriffsss\src\SheriffsssPackage\DebugOptions.java","C:\proyecto_code_ia\metricas_realizadas\Prog-Concurrente\2026-PROGC-Q1-M5\Codigo_IA_generado\Sheriffsss\src\SheriffsssPackage\DebugOptions.java","DebugOptions::shouldDrawWeaponOrigin","DebugOptions::shouldDrawWeaponOrigin()",178,180
3,1,10,0,3,"DebugOptions::shouldDrawWeaponGripAnchor@182-184@C:\proyecto_code_ia\metricas_realizadas\Prog-Concurrente\2026-PROGC-Q1-M5\Codigo_IA_generado\Sheriffsss\src\SheriffsssPackage\DebugOptions.java","C:\proyecto_code_ia\metricas_realizadas\Prog-Concurrente\2026-PROGC-Q1-M5\Codigo_IA_generado\Sheriffsss\src\SheriffsssPackage\DebugOptions.java","DebugOptions::shouldDrawWeaponGripAnchor","DebugOptions::shouldDrawWeaponGripAnchor()",182,184
3,1,10,0,3,"DebugOptions::shouldDrawWeaponBarrelAnchor@186-188@C:\proyecto_code_ia\metricas_realizadas\Prog-Concurrente\2026-PROGC-Q1-M5\Codigo_IA_generado\Sheriffsss\src\SheriffsssPackage\DebugOptions.java","C:\proyecto_code_ia\metricas_realizadas\Prog-Concurrente\2026-PROGC-Q1-M5\Codigo_IA_generado\Sheriffsss\src\SheriffsssPackage\DebugOptions.java","DebugOptions::shouldDrawWeaponBarrelAnchor","DebugOptions::shouldDrawWeaponBarrelAnchor()",186,188
3,1,10,0,3,"DebugOptions::shouldDrawFullAccuracyCone@190-192@C:\proyecto_code_ia\metricas_realizadas\Prog-Concurrente\2026-PROGC-Q1-M5\Codigo_IA_generado\Sheriffsss\src\SheriffsssPackage\DebugOptions.java","C:\proyecto_code_ia\metricas_realizadas\Prog-Concurrente\2026-PROGC-Q1-M5\Codigo_IA_generado\Sheriffsss\src\SheriffsssPackage\DebugOptions.java","DebugOptions::shouldDrawFullAccuracyCone","DebugOptions::shouldDrawFullAccuracyCone()",190,192
3,1,10,0,3,"DebugOptions::shouldDrawWeaponAccuracyCone@194-196@C:\proyecto_code_ia\metricas_realizadas\Prog-Concurrente\2026-PROGC-Q1-M5\Codigo_IA_generado\Sheriffsss\src\SheriffsssPackage\DebugOptions.java","C:\proyecto_code_ia\metricas_realizadas\Prog-Concurrente\2026-PROGC-Q1-M5\Codigo_IA_generado\Sheriffsss\src\SheriffsssPackage\DebugOptions.java","DebugOptions::shouldDrawWeaponAccuracyCone","DebugOptions::shouldDrawWeaponAccuracyCone()",194,196
3,1,10,0,3,"DebugOptions::shouldDrawBulletTrajectories@198-200@C:\proyecto_code_ia\metricas_realizadas\Prog-Concurrente\2026-PROGC-Q1-M5\Codigo_IA_generado\Sheriffsss\src\SheriffsssPackage\DebugOptions.java","C:\proyecto_code_ia\metricas_realizadas\Prog-Concurrente\2026-PROGC-Q1-M5\Codigo_IA_generado\Sheriffsss\src\SheriffsssPackage\DebugOptions.java","DebugOptions::shouldDrawBulletTrajectories","DebugOptions::shouldDrawBulletTrajectories()",198,200
3,1,10,0,3,"DebugOptions::shouldForceTrainingPerfectAccuracy@202-204@C:\proyecto_code_ia\metricas_realizadas\Prog-Concurrente\2026-PROGC-Q1-M5\Codigo_IA_generado\Sheriffsss\src\SheriffsssPackage\DebugOptions.java","C:\proyecto_code_ia\metricas_realizadas\Prog-Concurrente\2026-PROGC-Q1-M5\Codigo_IA_generado\Sheriffsss\src\SheriffsssPackage\DebugOptions.java","DebugOptions::shouldForceTrainingPerfectAccuracy","DebugOptions::shouldForceTrainingPerfectAccuracy()",202,204
3,1,10,0,3,"DebugOptions::shouldDrawTrainingFailurePerimeter@206-208@C:\proyecto_code_ia\metricas_realizadas\Prog-Concurrente\2026-PROGC-Q1-M5\Codigo_IA_generado\Sheriffsss\src\SheriffsssPackage\DebugOptions.java","C:\proyecto_code_ia\metricas_realizadas\Prog-Concurrente\2026-PROGC-Q1-M5\Codigo_IA_generado\Sheriffsss\src\SheriffsssPackage\DebugOptions.java","DebugOptions::shouldDrawTrainingFailurePerimeter","DebugOptions::shouldDrawTrainingFailurePerimeter()",206,208
3,1,10,0,3,"DebugOptions::shouldUnlockAllWeapons@210-212@C:\proyecto_code_ia\metricas_realizadas\Prog-Concurrente\2026-PROGC-Q1-M5\Codigo_IA_generado\Sheriffsss\src\SheriffsssPackage\DebugOptions.java","C:\proyecto_code_ia\metricas_realizadas\Prog-Concurrente\2026-PROGC-Q1-M5\Codigo_IA_generado\Sheriffsss\src\SheriffsssPackage\DebugOptions.java","DebugOptions::shouldUnlockAllWeapons","DebugOptions::shouldUnlockAllWeapons()",210,212
15,13,58,0,15,"DebugOptions::hasAnyModeEnabled@214-228@C:\proyecto_code_ia\metricas_realizadas\Prog-Concurrente\2026-PROGC-Q1-M5\Codigo_IA_generado\Sheriffsss\src\SheriffsssPackage\DebugOptions.java","C:\proyecto_code_ia\metricas_realizadas\Prog-Concurrente\2026-PROGC-Q1-M5\Codigo_IA_generado\Sheriffsss\src\SheriffsssPackage\DebugOptions.java","DebugOptions::hasAnyModeEnabled","DebugOptions::hasAnyModeEnabled()",214,228
3,1,10,0,3,"DebugOptions::getBulletTrajectoryLimit@230-232@C:\proyecto_code_ia\metricas_realizadas\Prog-Concurrente\2026-PROGC-Q1-M5\Codigo_IA_generado\Sheriffsss\src\SheriffsssPackage\DebugOptions.java","C:\proyecto_code_ia\metricas_realizadas\Prog-Concurrente\2026-PROGC-Q1-M5\Codigo_IA_generado\Sheriffsss\src\SheriffsssPackage\DebugOptions.java","DebugOptions::getBulletTrajectoryLimit","DebugOptions::getBulletTrajectoryLimit()",230,232
3,1,15,0,3,"DebugOptions::getBulletTrajectorySliderValue@234-236@C:\proyecto_code_ia\metricas_realizadas\Prog-Concurrente\2026-PROGC-Q1-M5\Codigo_IA_generado\Sheriffsss\src\SheriffsssPackage\DebugOptions.java","C:\proyecto_code_ia\metricas_realizadas\Prog-Concurrente\2026-PROGC-Q1-M5\Codigo_IA_generado\Sheriffsss\src\SheriffsssPackage\DebugOptions.java","DebugOptions::getBulletTrajectorySliderValue","DebugOptions::getBulletTrajectorySliderValue()",234,236
3,1,10,0,3,"DebugOptions::getBulletTrajectories@238-240@C:\proyecto_code_ia\metricas_realizadas\Prog-Concurrente\2026-PROGC-Q1-M5\Codigo_IA_generado\Sheriffsss\src\SheriffsssPackage\DebugOptions.java","C:\proyecto_code_ia\metricas_realizadas\Prog-Concurrente\2026-PROGC-Q1-M5\Codigo_IA_generado\Sheriffsss\src\SheriffsssPackage\DebugOptions.java","DebugOptions::getBulletTrajectories","DebugOptions::getBulletTrajectories()",238,240
5,1,21,0,5,"DebugOptions::consumeUnlockAllWeaponsRequest@242-246@C:\proyecto_code_ia\metricas_realizadas\Prog-Concurrente\2026-PROGC-Q1-M5\Codigo_IA_generado\Sheriffsss\src\SheriffsssPackage\DebugOptions.java","C:\proyecto_code_ia\metricas_realizadas\Prog-Concurrente\2026-PROGC-Q1-M5\Codigo_IA_generado\Sheriffsss\src\SheriffsssPackage\DebugOptions.java","DebugOptions::consumeUnlockAllWeaponsRequest","DebugOptions::consumeUnlockAllWeaponsRequest()",242,246
42,14,179,1,42,"DebugOptions::isRowEnabled@248-289@C:\proyecto_code_ia\metricas_realizadas\Prog-Concurrente\2026-PROGC-Q1-M5\Codigo_IA_generado\Sheriffsss\src\SheriffsssPackage\DebugOptions.java","C:\proyecto_code_ia\metricas_realizadas\Prog-Concurrente\2026-PROGC-Q1-M5\Codigo_IA_generado\Sheriffsss\src\SheriffsssPackage\DebugOptions.java","DebugOptions::isRowEnabled","DebugOptions::isRowEnabled( int row)",248,289
3,1,34,4,3,"Enemy::Enemy@33-35@C:\proyecto_code_ia\metricas_realizadas\Prog-Concurrente\2026-PROGC-Q1-M5\Codigo_IA_generado\Sheriffsss\src\SheriffsssPackage\Enemy.java","C:\proyecto_code_ia\metricas_realizadas\Prog-Concurrente\2026-PROGC-Q1-M5\Codigo_IA_generado\Sheriffsss\src\SheriffsssPackage\Enemy.java","Enemy::Enemy","Enemy::Enemy( EnemyType type , int worldX , int worldY , int dayCount)",33,35
11,1,102,5,11,"Enemy::Enemy@37-47@C:\proyecto_code_ia\metricas_realizadas\Prog-Concurrente\2026-PROGC-Q1-M5\Codigo_IA_generado\Sheriffsss\src\SheriffsssPackage\Enemy.java","C:\proyecto_code_ia\metricas_realizadas\Prog-Concurrente\2026-PROGC-Q1-M5\Codigo_IA_generado\Sheriffsss\src\SheriffsssPackage\Enemy.java","Enemy::Enemy","Enemy::Enemy( EnemyType type , int worldX , int worldY , int dayCount , double currentHP)",37,47
6,2,37,2,6,"Enemy::restoreTransientState@49-54@C:\proyecto_code_ia\metricas_realizadas\Prog-Concurrente\2026-PROGC-Q1-M5\Codigo_IA_generado\Sheriffsss\src\SheriffsssPackage\Enemy.java","C:\proyecto_code_ia\metricas_realizadas\Prog-Concurrente\2026-PROGC-Q1-M5\Codigo_IA_generado\Sheriffsss\src\SheriffsssPackage\Enemy.java","Enemy::restoreTransientState","Enemy::restoreTransientState( int animationTicks , Facing facing)",49,54
19,4,130,2,20,"Enemy::update@56-75@C:\proyecto_code_ia\metricas_realizadas\Prog-Concurrente\2026-PROGC-Q1-M5\Codigo_IA_generado\Sheriffsss\src\SheriffsssPackage\Enemy.java","C:\proyecto_code_ia\metricas_realizadas\Prog-Concurrente\2026-PROGC-Q1-M5\Codigo_IA_generado\Sheriffsss\src\SheriffsssPackage\Enemy.java","Enemy::update","Enemy::update( GameMap map , Player player)",56,75
3,1,13,1,3,"Enemy::setBehaviorOverride@77-79@C:\proyecto_code_ia\metricas_realizadas\Prog-Concurrente\2026-PROGC-Q1-M5\Codigo_IA_generado\Sheriffsss\src\SheriffsssPackage\Enemy.java","C:\proyecto_code_ia\metricas_realizadas\Prog-Concurrente\2026-PROGC-Q1-M5\Codigo_IA_generado\Sheriffsss\src\SheriffsssPackage\Enemy.java","Enemy::setBehaviorOverride","Enemy::setBehaviorOverride( EnemyBehavior behavior)",77,79
3,2,24,0,3,"Enemy::effectiveBehavior@81-83@C:\proyecto_code_ia\metricas_realizadas\Prog-Concurrente\2026-PROGC-Q1-M5\Codigo_IA_generado\Sheriffsss\src\SheriffsssPackage\Enemy.java","C:\proyecto_code_ia\metricas_realizadas\Prog-Concurrente\2026-PROGC-Q1-M5\Codigo_IA_generado\Sheriffsss\src\SheriffsssPackage\Enemy.java","Enemy::effectiveBehavior","Enemy::effectiveBehavior()",81,83
13,3,71,2,13,"Enemy::update@85-97@C:\proyecto_code_ia\metricas_realizadas\Prog-Concurrente\2026-PROGC-Q1-M5\Codigo_IA_generado\Sheriffsss\src\SheriffsssPackage\Enemy.java","C:\proyecto_code_ia\metricas_realizadas\Prog-Concurrente\2026-PROGC-Q1-M5\Codigo_IA_generado\Sheriffsss\src\SheriffsssPackage\Enemy.java","Enemy::update","Enemy::update( GameMap map , java . util . List<Player> players)",85,97
18,5,130,1,18,"Enemy::nearestLivingPlayer@99-116@C:\proyecto_code_ia\metricas_realizadas\Prog-Concurrente\2026-PROGC-Q1-M5\Codigo_IA_generado\Sheriffsss\src\SheriffsssPackage\Enemy.java","C:\proyecto_code_ia\metricas_realizadas\Prog-Concurrente\2026-PROGC-Q1-M5\Codigo_IA_generado\Sheriffsss\src\SheriffsssPackage\Enemy.java","Enemy::nearestLivingPlayer","Enemy::nearestLivingPlayer( java . util . List<Player> players)",99,116
12,4,78,0,12,"Enemy::updateDebuffs@118-129@C:\proyecto_code_ia\metricas_realizadas\Prog-Concurrente\2026-PROGC-Q1-M5\Codigo_IA_generado\Sheriffsss\src\SheriffsssPackage\Enemy.java","C:\proyecto_code_ia\metricas_realizadas\Prog-Concurrente\2026-PROGC-Q1-M5\Codigo_IA_generado\Sheriffsss\src\SheriffsssPackage\Enemy.java","Enemy::updateDebuffs","Enemy::updateDebuffs()",118,129
5,2,34,0,5,"Enemy::resetDebuffDamageMultipliers@131-135@C:\proyecto_code_ia\metricas_realizadas\Prog-Concurrente\2026-PROGC-Q1-M5\Codigo_IA_generado\Sheriffsss\src\SheriffsssPackage\Enemy.java","C:\proyecto_code_ia\metricas_realizadas\Prog-Concurrente\2026-PROGC-Q1-M5\Codigo_IA_generado\Sheriffsss\src\SheriffsssPackage\Enemy.java","Enemy::resetDebuffDamageMultipliers","Enemy::resetDebuffDamageMultipliers()",131,135
22,4,140,3,22,"Enemy::updateJumpingMovement@137-158@C:\proyecto_code_ia\metricas_realizadas\Prog-Concurrente\2026-PROGC-Q1-M5\Codigo_IA_generado\Sheriffsss\src\SheriffsssPackage\Enemy.java","C:\proyecto_code_ia\metricas_realizadas\Prog-Concurrente\2026-PROGC-Q1-M5\Codigo_IA_generado\Sheriffsss\src\SheriffsssPackage\Enemy.java","Enemy::updateJumpingMovement","Enemy::updateJumpingMovement( GameMap map , double deltaX , double deltaY)",137,158
7,2,59,4,7,"Enemy::moveToward@160-166@C:\proyecto_code_ia\metricas_realizadas\Prog-Concurrente\2026-PROGC-Q1-M5\Codigo_IA_generado\Sheriffsss\src\SheriffsssPackage\Enemy.java","C:\proyecto_code_ia\metricas_realizadas\Prog-Concurrente\2026-PROGC-Q1-M5\Codigo_IA_generado\Sheriffsss\src\SheriffsssPackage\Enemy.java","Enemy::moveToward","Enemy::moveToward( GameMap map , double deltaX , double deltaY , double movementSpeed)",160,166
10,3,74,1,10,"Enemy::applyKnockback@168-177@C:\proyecto_code_ia\metricas_realizadas\Prog-Concurrente\2026-PROGC-Q1-M5\Codigo_IA_generado\Sheriffsss\src\SheriffsssPackage\Enemy.java","C:\proyecto_code_ia\metricas_realizadas\Prog-Concurrente\2026-PROGC-Q1-M5\Codigo_IA_generado\Sheriffsss\src\SheriffsssPackage\Enemy.java","Enemy::applyKnockback","Enemy::applyKnockback( GameMap map)",168,177
14,3,91,3,14,"Enemy::moveWithCollision@179-192@C:\proyecto_code_ia\metricas_realizadas\Prog-Concurrente\2026-PROGC-Q1-M5\Codigo_IA_generado\Sheriffsss\src\SheriffsssPackage\Enemy.java","C:\proyecto_code_ia\metricas_realizadas\Prog-Concurrente\2026-PROGC-Q1-M5\Codigo_IA_generado\Sheriffsss\src\SheriffsssPackage\Enemy.java","Enemy::moveWithCollision","Enemy::moveWithCollision( GameMap map , double deltaX , double deltaY)",179,192
7,3,83,3,7,"Enemy::canStandAt@194-200@C:\proyecto_code_ia\metricas_realizadas\Prog-Concurrente\2026-PROGC-Q1-M5\Codigo_IA_generado\Sheriffsss\src\SheriffsssPackage\Enemy.java","C:\proyecto_code_ia\metricas_realizadas\Prog-Concurrente\2026-PROGC-Q1-M5\Codigo_IA_generado\Sheriffsss\src\SheriffsssPackage\Enemy.java","Enemy::canStandAt","Enemy::canStandAt( GameMap map , double worldX , double worldY)",194,200
3,1,22,3,3,"Enemy::pushBy@202-204@C:\proyecto_code_ia\metricas_realizadas\Prog-Concurrente\2026-PROGC-Q1-M5\Codigo_IA_generado\Sheriffsss\src\SheriffsssPackage\Enemy.java","C:\proyecto_code_ia\metricas_realizadas\Prog-Concurrente\2026-PROGC-Q1-M5\Codigo_IA_generado\Sheriffsss\src\SheriffsssPackage\Enemy.java","Enemy::pushBy","Enemy::pushBy( GameMap map , double deltaX , double deltaY)",202,204
15,4,129,1,15,"Enemy::attackPlayerIfInRange@206-220@C:\proyecto_code_ia\metricas_realizadas\Prog-Concurrente\2026-PROGC-Q1-M5\Codigo_IA_generado\Sheriffsss\src\SheriffsssPackage\Enemy.java","C:\proyecto_code_ia\metricas_realizadas\Prog-Concurrente\2026-PROGC-Q1-M5\Codigo_IA_generado\Sheriffsss\src\SheriffsssPackage\Enemy.java","Enemy::attackPlayerIfInRange","Enemy::attackPlayerIfInRange( Player player)",206,220
9,4,72,2,9,"Enemy::updateFacing@222-230@C:\proyecto_code_ia\metricas_realizadas\Prog-Concurrente\2026-PROGC-Q1-M5\Codigo_IA_generado\Sheriffsss\src\SheriffsssPackage\Enemy.java","C:\proyecto_code_ia\metricas_realizadas\Prog-Concurrente\2026-PROGC-Q1-M5\Codigo_IA_generado\Sheriffsss\src\SheriffsssPackage\Enemy.java","Enemy::updateFacing","Enemy::updateFacing( double deltaX , double deltaY)",222,230
3,1,20,2,3,"Enemy::containsWorldPoint@232-234@C:\proyecto_code_ia\metricas_realizadas\Prog-Concurrente\2026-PROGC-Q1-M5\Codigo_IA_generado\Sheriffsss\src\SheriffsssPackage\Enemy.java","C:\proyecto_code_ia\metricas_realizadas\Prog-Concurrente\2026-PROGC-Q1-M5\Codigo_IA_generado\Sheriffsss\src\SheriffsssPackage\Enemy.java","Enemy::containsWorldPoint","Enemy::containsWorldPoint( int worldX , int worldY)",232,234
7,4,92,3,7,"Enemy::containsWorldPoint@236-242@C:\proyecto_code_ia\metricas_realizadas\Prog-Concurrente\2026-PROGC-Q1-M5\Codigo_IA_generado\Sheriffsss\src\SheriffsssPackage\Enemy.java","C:\proyecto_code_ia\metricas_realizadas\Prog-Concurrente\2026-PROGC-Q1-M5\Codigo_IA_generado\Sheriffsss\src\SheriffsssPackage\Enemy.java","Enemy::containsWorldPoint","Enemy::containsWorldPoint( int worldX , int worldY , int paddingPixels)",236,242
3,1,13,1,3,"Enemy::damage@244-246@C:\proyecto_code_ia\metricas_realizadas\Prog-Concurrente\2026-PROGC-Q1-M5\Codigo_IA_generado\Sheriffsss\src\SheriffsssPackage\Enemy.java","C:\proyecto_code_ia\metricas_realizadas\Prog-Concurrente\2026-PROGC-Q1-M5\Codigo_IA_generado\Sheriffsss\src\SheriffsssPackage\Enemy.java","Enemy::damage","Enemy::damage( double amount)",244,246
6,2,29,2,6,"Enemy::damage@248-253@C:\proyecto_code_ia\metricas_realizadas\Prog-Concurrente\2026-PROGC-Q1-M5\Codigo_IA_generado\Sheriffsss\src\SheriffsssPackage\Enemy.java","C:\proyecto_code_ia\metricas_realizadas\Prog-Concurrente\2026-PROGC-Q1-M5\Codigo_IA_generado\Sheriffsss\src\SheriffsssPackage\Enemy.java","Enemy::damage","Enemy::damage( double amount , Player sourcePlayer)",248,253
4,2,37,2,4,"Enemy::damageFromDebuff@255-258@C:\proyecto_code_ia\metricas_realizadas\Prog-Concurrente\2026-PROGC-Q1-M5\Codigo_IA_generado\Sheriffsss\src\SheriffsssPackage\Enemy.java","C:\proyecto_code_ia\metricas_realizadas\Prog-Concurrente\2026-PROGC-Q1-M5\Codigo_IA_generado\Sheriffsss\src\SheriffsssPackage\Enemy.java","Enemy::damageFromDebuff","Enemy::damageFromDebuff( Debuff debuff , double amount)",255,258
3,1,14,1,3,"Enemy::applyDebuff@260-262@C:\proyecto_code_ia\metricas_realizadas\Prog-Concurrente\2026-PROGC-Q1-M5\Codigo_IA_generado\Sheriffsss\src\SheriffsssPackage\Enemy.java","C:\proyecto_code_ia\metricas_realizadas\Prog-Concurrente\2026-PROGC-Q1-M5\Codigo_IA_generado\Sheriffsss\src\SheriffsssPackage\Enemy.java","Enemy::applyDebuff","Enemy::applyDebuff( Debuff debuff)",260,262
9,2,60,2,9,"Enemy::applyDebuff@264-272@C:\proyecto_code_ia\metricas_realizadas\Prog-Concurrente\2026-PROGC-Q1-M5\Codigo_IA_generado\Sheriffsss\src\SheriffsssPackage\Enemy.java","C:\proyecto_code_ia\metricas_realizadas\Prog-Concurrente\2026-PROGC-Q1-M5\Codigo_IA_generado\Sheriffsss\src\SheriffsssPackage\Enemy.java","Enemy::applyDebuff","Enemy::applyDebuff( Debuff debuff , Player sourcePlayer)",264,272
6,2,35,2,6,"Enemy::resolveDebuffDamage@274-279@C:\proyecto_code_ia\metricas_realizadas\Prog-Concurrente\2026-PROGC-Q1-M5\Codigo_IA_generado\Sheriffsss\src\SheriffsssPackage\Enemy.java","C:\proyecto_code_ia\metricas_realizadas\Prog-Concurrente\2026-PROGC-Q1-M5\Codigo_IA_generado\Sheriffsss\src\SheriffsssPackage\Enemy.java","Enemy::resolveDebuffDamage","Enemy::resolveDebuffDamage( Debuff debuff , double baseDamage)",274,279
12,2,89,3,12,"Enemy::applyKnockbackFrom@281-292@C:\proyecto_code_ia\metricas_realizadas\Prog-Concurrente\2026-PROGC-Q1-M5\Codigo_IA_generado\Sheriffsss\src\SheriffsssPackage\Enemy.java","C:\proyecto_code_ia\metricas_realizadas\Prog-Concurrente\2026-PROGC-Q1-M5\Codigo_IA_generado\Sheriffsss\src\SheriffsssPackage\Enemy.java","Enemy::applyKnockbackFrom","Enemy::applyKnockbackFrom( int sourceX , int sourceY , double strength)",281,292
3,1,12,0,3,"Enemy::isDead@294-296@C:\proyecto_code_ia\metricas_realizadas\Prog-Concurrente\2026-PROGC-Q1-M5\Codigo_IA_generado\Sheriffsss\src\SheriffsssPackage\Enemy.java","C:\proyecto_code_ia\metricas_realizadas\Prog-Concurrente\2026-PROGC-Q1-M5\Codigo_IA_generado\Sheriffsss\src\SheriffsssPackage\Enemy.java","Enemy::isDead","Enemy::isDead()",294,296
3,1,10,0,3,"Enemy::getType@298-300@C:\proyecto_code_ia\metricas_realizadas\Prog-Concurrente\2026-PROGC-Q1-M5\Codigo_IA_generado\Sheriffsss\src\SheriffsssPackage\Enemy.java","C:\proyecto_code_ia\metricas_realizadas\Prog-Concurrente\2026-PROGC-Q1-M5\Codigo_IA_generado\Sheriffsss\src\SheriffsssPackage\Enemy.java","Enemy::getType","Enemy::getType()",298,300
3,1,18,0,3,"Enemy::getWorldX@302-304@C:\proyecto_code_ia\metricas_realizadas\Prog-Concurrente\2026-PROGC-Q1-M5\Codigo_IA_generado\Sheriffsss\src\SheriffsssPackage\Enemy.java","C:\proyecto_code_ia\metricas_realizadas\Prog-Concurrente\2026-PROGC-Q1-M5\Codigo_IA_generado\Sheriffsss\src\SheriffsssPackage\Enemy.java","Enemy::getWorldX","Enemy::getWorldX()",302,304
3,1,18,0,3,"Enemy::getWorldY@306-308@C:\proyecto_code_ia\metricas_realizadas\Prog-Concurrente\2026-PROGC-Q1-M5\Codigo_IA_generado\Sheriffsss\src\SheriffsssPackage\Enemy.java","C:\proyecto_code_ia\metricas_realizadas\Prog-Concurrente\2026-PROGC-Q1-M5\Codigo_IA_generado\Sheriffsss\src\SheriffsssPackage\Enemy.java","Enemy::getWorldY","Enemy::getWorldY()",306,308
3,1,10,0,3,"Enemy::getCollisionX@310-312@C:\proyecto_code_ia\metricas_realizadas\Prog-Concurrente\2026-PROGC-Q1-M5\Codigo_IA_generado\Sheriffsss\src\SheriffsssPackage\Enemy.java","C:\proyecto_code_ia\metricas_realizadas\Prog-Concurrente\2026-PROGC-Q1-M5\Codigo_IA_generado\Sheriffsss\src\SheriffsssPackage\Enemy.java","Enemy::getCollisionX","Enemy::getCollisionX()",310,312
3,1,10,0,3,"Enemy::getCollisionY@314-316@C:\proyecto_code_ia\metricas_realizadas\Prog-Concurrente\2026-PROGC-Q1-M5\Codigo_IA_generado\Sheriffsss\src\SheriffsssPackage\Enemy.java","C:\proyecto_code_ia\metricas_realizadas\Prog-Concurrente\2026-PROGC-Q1-M5\Codigo_IA_generado\Sheriffsss\src\SheriffsssPackage\Enemy.java","Enemy::getCollisionY","Enemy::getCollisionY()",314,316
3,1,10,0,3,"Enemy::getCurrentHP@318-320@C:\proyecto_code_ia\metricas_realizadas\Prog-Concurrente\2026-PROGC-Q1-M5\Codigo_IA_generado\Sheriffsss\src\SheriffsssPackage\Enemy.java","C:\proyecto_code_ia\metricas_realizadas\Prog-Concurrente\2026-PROGC-Q1-M5\Codigo_IA_generado\Sheriffsss\src\SheriffsssPackage\Enemy.java","Enemy::getCurrentHP","Enemy::getCurrentHP()",318,320
3,1,10,0,3,"Enemy::getMaxHP@322-324@C:\proyecto_code_ia\metricas_realizadas\Prog-Concurrente\2026-PROGC-Q1-M5\Codigo_IA_generado\Sheriffsss\src\SheriffsssPackage\Enemy.java","C:\proyecto_code_ia\metricas_realizadas\Prog-Concurrente\2026-PROGC-Q1-M5\Codigo_IA_generado\Sheriffsss\src\SheriffsssPackage\Enemy.java","Enemy::getMaxHP","Enemy::getMaxHP()",322,324
3,1,10,0,3,"Enemy::getAnimationTicks@326-328@C:\proyecto_code_ia\metricas_realizadas\Prog-Concurrente\2026-PROGC-Q1-M5\Codigo_IA_generado\Sheriffsss\src\SheriffsssPackage\Enemy.java","C:\proyecto_code_ia\metricas_realizadas\Prog-Concurrente\2026-PROGC-Q1-M5\Codigo_IA_generado\Sheriffsss\src\SheriffsssPackage\Enemy.java","Enemy::getAnimationTicks","Enemy::getAnimationTicks()",326,328
3,2,25,1,3,"Enemy::hasDebuff@330-332@C:\proyecto_code_ia\metricas_realizadas\Prog-Concurrente\2026-PROGC-Q1-M5\Codigo_IA_generado\Sheriffsss\src\SheriffsssPackage\Enemy.java","C:\proyecto_code_ia\metricas_realizadas\Prog-Concurrente\2026-PROGC-Q1-M5\Codigo_IA_generado\Sheriffsss\src\SheriffsssPackage\Enemy.java","Enemy::hasDebuff","Enemy::hasDebuff( Debuff debuff)",330,332
9,5,66,0,9,"Enemy::hasLightEmittingDebuff@334-342@C:\proyecto_code_ia\metricas_realizadas\Prog-Concurrente\2026-PROGC-Q1-M5\Codigo_IA_generado\Sheriffsss\src\SheriffsssPackage\Enemy.java","C:\proyecto_code_ia\metricas_realizadas\Prog-Concurrente\2026-PROGC-Q1-M5\Codigo_IA_generado\Sheriffsss\src\SheriffsssPackage\Enemy.java","Enemy::hasLightEmittingDebuff","Enemy::hasLightEmittingDebuff()",334,342
3,1,10,0,3,"Enemy::getFacing@344-346@C:\proyecto_code_ia\metricas_realizadas\Prog-Concurrente\2026-PROGC-Q1-M5\Codigo_IA_generado\Sheriffsss\src\SheriffsssPackage\Enemy.java","C:\proyecto_code_ia\metricas_realizadas\Prog-Concurrente\2026-PROGC-Q1-M5\Codigo_IA_generado\Sheriffsss\src\SheriffsssPackage\Enemy.java","Enemy::getFacing","Enemy::getFacing()",344,346
5,2,37,3,5,"EnemyHitSound::EnemyHitSound@8-12@C:\proyecto_code_ia\metricas_realizadas\Prog-Concurrente\2026-PROGC-Q1-M5\Codigo_IA_generado\Sheriffsss\src\SheriffsssPackage\EnemyHitSound.java","C:\proyecto_code_ia\metricas_realizadas\Prog-Concurrente\2026-PROGC-Q1-M5\Codigo_IA_generado\Sheriffsss\src\SheriffsssPackage\EnemyHitSound.java","EnemyHitSound::EnemyHitSound","EnemyHitSound::EnemyHitSound( String resourcePath , int worldX , int worldY)",8,12
3,1,10,0,3,"EnemyHitSound::getResourcePath@14-16@C:\proyecto_code_ia\metricas_realizadas\Prog-Concurrente\2026-PROGC-Q1-M5\Codigo_IA_generado\Sheriffsss\src\SheriffsssPackage\EnemyHitSound.java","C:\proyecto_code_ia\metricas_realizadas\Prog-Concurrente\2026-PROGC-Q1-M5\Codigo_IA_generado\Sheriffsss\src\SheriffsssPackage\EnemyHitSound.java","EnemyHitSound::getResourcePath","EnemyHitSound::getResourcePath()",14,16
3,1,10,0,3,"EnemyHitSound::getWorldX@18-20@C:\proyecto_code_ia\metricas_realizadas\Prog-Concurrente\2026-PROGC-Q1-M5\Codigo_IA_generado\Sheriffsss\src\SheriffsssPackage\EnemyHitSound.java","C:\proyecto_code_ia\metricas_realizadas\Prog-Concurrente\2026-PROGC-Q1-M5\Codigo_IA_generado\Sheriffsss\src\SheriffsssPackage\EnemyHitSound.java","EnemyHitSound::getWorldX","EnemyHitSound::getWorldX()",18,20
3,1,10,0,3,"EnemyHitSound::getWorldY@22-24@C:\proyecto_code_ia\metricas_realizadas\Prog-Concurrente\2026-PROGC-Q1-M5\Codigo_IA_generado\Sheriffsss\src\SheriffsssPackage\EnemyHitSound.java","C:\proyecto_code_ia\metricas_realizadas\Prog-Concurrente\2026-PROGC-Q1-M5\Codigo_IA_generado\Sheriffsss\src\SheriffsssPackage\EnemyHitSound.java","EnemyHitSound::getWorldY","EnemyHitSound::getWorldY()",22,24
9,1,69,1,9,"EnemySystem::reset@28-36@C:\proyecto_code_ia\metricas_realizadas\Prog-Concurrente\2026-PROGC-Q1-M5\Codigo_IA_generado\Sheriffsss\src\SheriffsssPackage\EnemySystem.java","C:\proyecto_code_ia\metricas_realizadas\Prog-Concurrente\2026-PROGC-Q1-M5\Codigo_IA_generado\Sheriffsss\src\SheriffsssPackage\EnemySystem.java","EnemySystem::reset","EnemySystem::reset( int seedHash)",28,36
7,1,43,0,7,"EnemySystem::clear@38-44@C:\proyecto_code_ia\metricas_realizadas\Prog-Concurrente\2026-PROGC-Q1-M5\Codigo_IA_generado\Sheriffsss\src\SheriffsssPackage\EnemySystem.java","C:\proyecto_code_ia\metricas_realizadas\Prog-Concurrente\2026-PROGC-Q1-M5\Codigo_IA_generado\Sheriffsss\src\SheriffsssPackage\EnemySystem.java","EnemySystem::clear","EnemySystem::clear()",38,44
22,5,153,3,22,"EnemySystem::update@46-67@C:\proyecto_code_ia\metricas_realizadas\Prog-Concurrente\2026-PROGC-Q1-M5\Codigo_IA_generado\Sheriffsss\src\SheriffsssPackage\EnemySystem.java","C:\proyecto_code_ia\metricas_realizadas\Prog-Concurrente\2026-PROGC-Q1-M5\Codigo_IA_generado\Sheriffsss\src\SheriffsssPackage\EnemySystem.java","EnemySystem::update","EnemySystem::update( GameMap map , Player player , DayNightCycle cycle)",46,67
30,8,196,3,30,"EnemySystem::update@69-98@C:\proyecto_code_ia\metricas_realizadas\Prog-Concurrente\2026-PROGC-Q1-M5\Codigo_IA_generado\Sheriffsss\src\SheriffsssPackage\EnemySystem.java","C:\proyecto_code_ia\metricas_realizadas\Prog-Concurrente\2026-PROGC-Q1-M5\Codigo_IA_generado\Sheriffsss\src\SheriffsssPackage\EnemySystem.java","EnemySystem::update","EnemySystem::update( GameMap map , List<Player> players , DayNightCycle cycle)",69,98
24,9,152,1,24,"EnemySystem::chooseSpawnAnchor@100-123@C:\proyecto_code_ia\metricas_realizadas\Prog-Concurrente\2026-PROGC-Q1-M5\Codigo_IA_generado\Sheriffsss\src\SheriffsssPackage\EnemySystem.java","C:\proyecto_code_ia\metricas_realizadas\Prog-Concurrente\2026-PROGC-Q1-M5\Codigo_IA_generado\Sheriffsss\src\SheriffsssPackage\EnemySystem.java","EnemySystem::chooseSpawnAnchor","EnemySystem::chooseSpawnAnchor( List<Player> players)",100,123
6,4,63,2,6,"EnemySystem::shouldDespawn@125-130@C:\proyecto_code_ia\metricas_realizadas\Prog-Concurrente\2026-PROGC-Q1-M5\Codigo_IA_generado\Sheriffsss\src\SheriffsssPackage\EnemySystem.java","C:\proyecto_code_ia\metricas_realizadas\Prog-Concurrente\2026-PROGC-Q1-M5\Codigo_IA_generado\Sheriffsss\src\SheriffsssPackage\EnemySystem.java","EnemySystem::shouldDespawn","EnemySystem::shouldDespawn( Enemy enemy , Player player)",125,130
17,8,130,2,17,"EnemySystem::shouldDespawn@132-148@C:\proyecto_code_ia\metricas_realizadas\Prog-Concurrente\2026-PROGC-Q1-M5\Codigo_IA_generado\Sheriffsss\src\SheriffsssPackage\EnemySystem.java","C:\proyecto_code_ia\metricas_realizadas\Prog-Concurrente\2026-PROGC-Q1-M5\Codigo_IA_generado\Sheriffsss\src\SheriffsssPackage\EnemySystem.java","EnemySystem::shouldDespawn","EnemySystem::shouldDespawn( Enemy enemy , List<Player> players)",132,148
9,3,86,1,9,"EnemySystem::resolveEnemyCollisions@150-158@C:\proyecto_code_ia\metricas_realizadas\Prog-Concurrente\2026-PROGC-Q1-M5\Codigo_IA_generado\Sheriffsss\src\SheriffsssPackage\EnemySystem.java","C:\proyecto_code_ia\metricas_realizadas\Prog-Concurrente\2026-PROGC-Q1-M5\Codigo_IA_generado\Sheriffsss\src\SheriffsssPackage\EnemySystem.java","EnemySystem::resolveEnemyCollisions","EnemySystem::resolveEnemyCollisions( GameMap map)",150,158
26,6,246,5,26,"EnemySystem::resolveEnemyCollision@160-185@C:\proyecto_code_ia\metricas_realizadas\Prog-Concurrente\2026-PROGC-Q1-M5\Codigo_IA_generado\Sheriffsss\src\SheriffsssPackage\EnemySystem.java","C:\proyecto_code_ia\metricas_realizadas\Prog-Concurrente\2026-PROGC-Q1-M5\Codigo_IA_generado\Sheriffsss\src\SheriffsssPackage\EnemySystem.java","EnemySystem::resolveEnemyCollision","EnemySystem::resolveEnemyCollision( GameMap map , Enemy first , Enemy second , int firstIndex , int secondIndex)",160,185
12,4,104,4,12,"EnemySystem::damageEnemy@187-198@C:\proyecto_code_ia\metricas_realizadas\Prog-Concurrente\2026-PROGC-Q1-M5\Codigo_IA_generado\Sheriffsss\src\SheriffsssPackage\EnemySystem.java","C:\proyecto_code_ia\metricas_realizadas\Prog-Concurrente\2026-PROGC-Q1-M5\Codigo_IA_generado\Sheriffsss\src\SheriffsssPackage\EnemySystem.java","EnemySystem::damageEnemy","EnemySystem::damageEnemy( Enemy enemy , double amount , Player sourcePlayer , ItemDefinition weapon)",187,198
7,3,61,1,7,"EnemySystem::recordHitSound@200-206@C:\proyecto_code_ia\metricas_realizadas\Prog-Concurrente\2026-PROGC-Q1-M5\Codigo_IA_generado\Sheriffsss\src\SheriffsssPackage\EnemySystem.java","C:\proyecto_code_ia\metricas_realizadas\Prog-Concurrente\2026-PROGC-Q1-M5\Codigo_IA_generado\Sheriffsss\src\SheriffsssPackage\EnemySystem.java","EnemySystem::recordHitSound","EnemySystem::recordHitSound( Enemy enemy)",200,206
7,5,71,2,7,"EnemySystem::isCriticalHit@208-214@C:\proyecto_code_ia\metricas_realizadas\Prog-Concurrente\2026-PROGC-Q1-M5\Codigo_IA_generado\Sheriffsss\src\SheriffsssPackage\EnemySystem.java","C:\proyecto_code_ia\metricas_realizadas\Prog-Concurrente\2026-PROGC-Q1-M5\Codigo_IA_generado\Sheriffsss\src\SheriffsssPackage\EnemySystem.java","EnemySystem::isCriticalHit","EnemySystem::isCriticalHit( Player sourcePlayer , ItemDefinition weapon)",208,214
9,3,63,0,9,"EnemySystem::collectDeadEnemies@216-224@C:\proyecto_code_ia\metricas_realizadas\Prog-Concurrente\2026-PROGC-Q1-M5\Codigo_IA_generado\Sheriffsss\src\SheriffsssPackage\EnemySystem.java","C:\proyecto_code_ia\metricas_realizadas\Prog-Concurrente\2026-PROGC-Q1-M5\Codigo_IA_generado\Sheriffsss\src\SheriffsssPackage\EnemySystem.java","EnemySystem::collectDeadEnemies","EnemySystem::collectDeadEnemies()",216,224
14,4,80,4,14,"EnemySystem::updateSpawns@226-239@C:\proyecto_code_ia\metricas_realizadas\Prog-Concurrente\2026-PROGC-Q1-M5\Codigo_IA_generado\Sheriffsss\src\SheriffsssPackage\EnemySystem.java","C:\proyecto_code_ia\metricas_realizadas\Prog-Concurrente\2026-PROGC-Q1-M5\Codigo_IA_generado\Sheriffsss\src\SheriffsssPackage\EnemySystem.java","EnemySystem::updateSpawns","EnemySystem::updateSpawns( GameMap map , Player player , DayNightCycle cycle , int dayCount)",226,239
3,1,13,1,3,"EnemySystem::setAutoSpawnEnabled@241-243@C:\proyecto_code_ia\metricas_realizadas\Prog-Concurrente\2026-PROGC-Q1-M5\Codigo_IA_generado\Sheriffsss\src\SheriffsssPackage\EnemySystem.java","C:\proyecto_code_ia\metricas_realizadas\Prog-Concurrente\2026-PROGC-Q1-M5\Codigo_IA_generado\Sheriffsss\src\SheriffsssPackage\EnemySystem.java","EnemySystem::setAutoSpawnEnabled","EnemySystem::setAutoSpawnEnabled( boolean enabled)",241,243
6,3,97,2,6,"EnemySystem::nextSpawnCooldown@245-250@C:\proyecto_code_ia\metricas_realizadas\Prog-Concurrente\2026-PROGC-Q1-M5\Codigo_IA_generado\Sheriffsss\src\SheriffsssPackage\EnemySystem.java","C:\proyecto_code_ia\metricas_realizadas\Prog-Concurrente\2026-PROGC-Q1-M5\Codigo_IA_generado\Sheriffsss\src\SheriffsssPackage\EnemySystem.java","EnemySystem::nextSpawnCooldown","EnemySystem::nextSpawnCooldown( DayNightCycle cycle , int dayCount)",245,250
29,8,257,3,29,"EnemySystem::spawnNearPlayer@252-280@C:\proyecto_code_ia\metricas_realizadas\Prog-Concurrente\2026-PROGC-Q1-M5\Codigo_IA_generado\Sheriffsss\src\SheriffsssPackage\EnemySystem.java","C:\proyecto_code_ia\metricas_realizadas\Prog-Concurrente\2026-PROGC-Q1-M5\Codigo_IA_generado\Sheriffsss\src\SheriffsssPackage\EnemySystem.java","EnemySystem::spawnNearPlayer","EnemySystem::spawnNearPlayer( GameMap map , Player player , int dayCount)",252,280
25,7,154,1,25,"EnemySystem::chooseEnemyType@282-306@C:\proyecto_code_ia\metricas_realizadas\Prog-Concurrente\2026-PROGC-Q1-M5\Codigo_IA_generado\Sheriffsss\src\SheriffsssPackage\EnemySystem.java","C:\proyecto_code_ia\metricas_realizadas\Prog-Concurrente\2026-PROGC-Q1-M5\Codigo_IA_generado\Sheriffsss\src\SheriffsssPackage\EnemySystem.java","EnemySystem::chooseEnemyType","EnemySystem::chooseEnemyType( int dayCount)",282,306
9,3,66,0,9,"EnemySystem::updateFlameBurstEffects@308-316@C:\proyecto_code_ia\metricas_realizadas\Prog-Concurrente\2026-PROGC-Q1-M5\Codigo_IA_generado\Sheriffsss\src\SheriffsssPackage\EnemySystem.java","C:\proyecto_code_ia\metricas_realizadas\Prog-Concurrente\2026-PROGC-Q1-M5\Codigo_IA_generado\Sheriffsss\src\SheriffsssPackage\EnemySystem.java","EnemySystem::updateFlameBurstEffects","EnemySystem::updateFlameBurstEffects()",308,316
9,3,66,0,9,"EnemySystem::updateCombatFloatingTexts@318-326@C:\proyecto_code_ia\metricas_realizadas\Prog-Concurrente\2026-PROGC-Q1-M5\Codigo_IA_generado\Sheriffsss\src\SheriffsssPackage\EnemySystem.java","C:\proyecto_code_ia\metricas_realizadas\Prog-Concurrente\2026-PROGC-Q1-M5\Codigo_IA_generado\Sheriffsss\src\SheriffsssPackage\EnemySystem.java","EnemySystem::updateCombatFloatingTexts","EnemySystem::updateCombatFloatingTexts()",318,326
5,1,39,4,5,"EnemySystem::distanceSquared@328-332@C:\proyecto_code_ia\metricas_realizadas\Prog-Concurrente\2026-PROGC-Q1-M5\Codigo_IA_generado\Sheriffsss\src\SheriffsssPackage\EnemySystem.java","C:\proyecto_code_ia\metricas_realizadas\Prog-Concurrente\2026-PROGC-Q1-M5\Codigo_IA_generado\Sheriffsss\src\SheriffsssPackage\EnemySystem.java","EnemySystem::distanceSquared","EnemySystem::distanceSquared( int startX , int startY , int endX , int endY)",328,332
3,1,10,0,3,"EnemySystem::getEnemies@334-336@C:\proyecto_code_ia\metricas_realizadas\Prog-Concurrente\2026-PROGC-Q1-M5\Codigo_IA_generado\Sheriffsss\src\SheriffsssPackage\EnemySystem.java","C:\proyecto_code_ia\metricas_realizadas\Prog-Concurrente\2026-PROGC-Q1-M5\Codigo_IA_generado\Sheriffsss\src\SheriffsssPackage\EnemySystem.java","EnemySystem::getEnemies","EnemySystem::getEnemies()",334,336
3,1,10,0,3,"EnemySystem::getFlameBurstEffects@338-340@C:\proyecto_code_ia\metricas_realizadas\Prog-Concurrente\2026-PROGC-Q1-M5\Codigo_IA_generado\Sheriffsss\src\SheriffsssPackage\EnemySystem.java","C:\proyecto_code_ia\metricas_realizadas\Prog-Concurrente\2026-PROGC-Q1-M5\Codigo_IA_generado\Sheriffsss\src\SheriffsssPackage\EnemySystem.java","EnemySystem::getFlameBurstEffects","EnemySystem::getFlameBurstEffects()",338,340
3,1,10,0,3,"EnemySystem::getCombatFloatingTexts@342-344@C:\proyecto_code_ia\metricas_realizadas\Prog-Concurrente\2026-PROGC-Q1-M5\Codigo_IA_generado\Sheriffsss\src\SheriffsssPackage\EnemySystem.java","C:\proyecto_code_ia\metricas_realizadas\Prog-Concurrente\2026-PROGC-Q1-M5\Codigo_IA_generado\Sheriffsss\src\SheriffsssPackage\EnemySystem.java","EnemySystem::getCombatFloatingTexts","EnemySystem::getCombatFloatingTexts()",342,344
3,1,10,0,3,"EnemySystem::getHitSounds@346-348@C:\proyecto_code_ia\metricas_realizadas\Prog-Concurrente\2026-PROGC-Q1-M5\Codigo_IA_generado\Sheriffsss\src\SheriffsssPackage\EnemySystem.java","C:\proyecto_code_ia\metricas_realizadas\Prog-Concurrente\2026-PROGC-Q1-M5\Codigo_IA_generado\Sheriffsss\src\SheriffsssPackage\EnemySystem.java","EnemySystem::getHitSounds","EnemySystem::getHitSounds()",346,348
3,1,13,0,3,"EnemySystem::clearHitSounds@350-352@C:\proyecto_code_ia\metricas_realizadas\Prog-Concurrente\2026-PROGC-Q1-M5\Codigo_IA_generado\Sheriffsss\src\SheriffsssPackage\EnemySystem.java","C:\proyecto_code_ia\metricas_realizadas\Prog-Concurrente\2026-PROGC-Q1-M5\Codigo_IA_generado\Sheriffsss\src\SheriffsssPackage\EnemySystem.java","EnemySystem::clearHitSounds","EnemySystem::clearHitSounds()",350,352
24,2,181,19,24,"EnemyType::EnemyType@46-69@C:\proyecto_code_ia\metricas_realizadas\Prog-Concurrente\2026-PROGC-Q1-M5\Codigo_IA_generado\Sheriffsss\src\SheriffsssPackage\EnemyType.java","C:\proyecto_code_ia\metricas_realizadas\Prog-Concurrente\2026-PROGC-Q1-M5\Codigo_IA_generado\Sheriffsss\src\SheriffsssPackage\EnemyType.java","EnemyType::EnemyType","EnemyType( String spritePath , EnemyBehavior behavior , int frameWidth , int frameHeight , int framesPerRow , int rowCount , int drawWidth , int drawHeight , int collisionRadius , double baseMaxHP , double baseSpeed , double baseDamage , double attackKnockbackStrengthPixels , int attackRangePixels , int attackCooldownTicks , int spawnWeight , int minimumSpawnDay , EnemyDensity density , String hitSoundPath)",46,69
3,1,10,0,3,"EnemyType::getSpritePath@71-73@C:\proyecto_code_ia\metricas_realizadas\Prog-Concurrente\2026-PROGC-Q1-M5\Codigo_IA_generado\Sheriffsss\src\SheriffsssPackage\EnemyType.java","C:\proyecto_code_ia\metricas_realizadas\Prog-Concurrente\2026-PROGC-Q1-M5\Codigo_IA_generado\Sheriffsss\src\SheriffsssPackage\EnemyType.java","EnemyType::getSpritePath","getSpritePath()",71,73
3,1,10,0,3,"EnemyType::getBehavior@75-77@C:\proyecto_code_ia\metricas_realizadas\Prog-Concurrente\2026-PROGC-Q1-M5\Codigo_IA_generado\Sheriffsss\src\SheriffsssPackage\EnemyType.java","C:\proyecto_code_ia\metricas_realizadas\Prog-Concurrente\2026-PROGC-Q1-M5\Codigo_IA_generado\Sheriffsss\src\SheriffsssPackage\EnemyType.java","EnemyType::getBehavior","getBehavior()",75,77
3,1,10,0,3,"EnemyType::getFrameWidth@79-81@C:\proyecto_code_ia\metricas_realizadas\Prog-Concurrente\2026-PROGC-Q1-M5\Codigo_IA_generado\Sheriffsss\src\SheriffsssPackage\EnemyType.java","C:\proyecto_code_ia\metricas_realizadas\Prog-Concurrente\2026-PROGC-Q1-M5\Codigo_IA_generado\Sheriffsss\src\SheriffsssPackage\EnemyType.java","EnemyType::getFrameWidth","getFrameWidth()",79,81
3,1,10,0,3,"EnemyType::getFrameHeight@83-85@C:\proyecto_code_ia\metricas_realizadas\Prog-Concurrente\2026-PROGC-Q1-M5\Codigo_IA_generado\Sheriffsss\src\SheriffsssPackage\EnemyType.java","C:\proyecto_code_ia\metricas_realizadas\Prog-Concurrente\2026-PROGC-Q1-M5\Codigo_IA_generado\Sheriffsss\src\SheriffsssPackage\EnemyType.java","EnemyType::getFrameHeight","getFrameHeight()",83,85
3,1,10,0,3,"EnemyType::getFramesPerRow@87-89@C:\proyecto_code_ia\metricas_realizadas\Prog-Concurrente\2026-PROGC-Q1-M5\Codigo_IA_generado\Sheriffsss\src\SheriffsssPackage\EnemyType.java","C:\proyecto_code_ia\metricas_realizadas\Prog-Concurrente\2026-PROGC-Q1-M5\Codigo_IA_generado\Sheriffsss\src\SheriffsssPackage\EnemyType.java","EnemyType::getFramesPerRow","getFramesPerRow()",87,89
3,1,10,0,3,"EnemyType::getDrawWidth@91-93@C:\proyecto_code_ia\metricas_realizadas\Prog-Concurrente\2026-PROGC-Q1-M5\Codigo_IA_generado\Sheriffsss\src\SheriffsssPackage\EnemyType.java","C:\proyecto_code_ia\metricas_realizadas\Prog-Concurrente\2026-PROGC-Q1-M5\Codigo_IA_generado\Sheriffsss\src\SheriffsssPackage\EnemyType.java","EnemyType::getDrawWidth","getDrawWidth()",91,93
3,1,10,0,3,"EnemyType::getDrawHeight@95-97@C:\proyecto_code_ia\metricas_realizadas\Prog-Concurrente\2026-PROGC-Q1-M5\Codigo_IA_generado\Sheriffsss\src\SheriffsssPackage\EnemyType.java","C:\proyecto_code_ia\metricas_realizadas\Prog-Concurrente\2026-PROGC-Q1-M5\Codigo_IA_generado\Sheriffsss\src\SheriffsssPackage\EnemyType.java","EnemyType::getDrawHeight","getDrawHeight()",95,97
3,1,10,0,3,"EnemyType::getCollisionRadius@99-101@C:\proyecto_code_ia\metricas_realizadas\Prog-Concurrente\2026-PROGC-Q1-M5\Codigo_IA_generado\Sheriffsss\src\SheriffsssPackage\EnemyType.java","C:\proyecto_code_ia\metricas_realizadas\Prog-Concurrente\2026-PROGC-Q1-M5\Codigo_IA_generado\Sheriffsss\src\SheriffsssPackage\EnemyType.java","EnemyType::getCollisionRadius","getCollisionRadius()",99,101
3,1,29,1,3,"EnemyType::getScaledMaxHP@103-105@C:\proyecto_code_ia\metricas_realizadas\Prog-Concurrente\2026-PROGC-Q1-M5\Codigo_IA_generado\Sheriffsss\src\SheriffsssPackage\EnemyType.java","C:\proyecto_code_ia\metricas_realizadas\Prog-Concurrente\2026-PROGC-Q1-M5\Codigo_IA_generado\Sheriffsss\src\SheriffsssPackage\EnemyType.java","EnemyType::getScaledMaxHP","getScaledMaxHP( int dayCount)",103,105
3,1,29,1,3,"EnemyType::getScaledSpeed@107-109@C:\proyecto_code_ia\metricas_realizadas\Prog-Concurrente\2026-PROGC-Q1-M5\Codigo_IA_generado\Sheriffsss\src\SheriffsssPackage\EnemyType.java","C:\proyecto_code_ia\metricas_realizadas\Prog-Concurrente\2026-PROGC-Q1-M5\Codigo_IA_generado\Sheriffsss\src\SheriffsssPackage\EnemyType.java","EnemyType::getScaledSpeed","getScaledSpeed( int dayCount)",107,109
3,1,29,1,3,"EnemyType::getScaledDamage@111-113@C:\proyecto_code_ia\metricas_realizadas\Prog-Concurrente\2026-PROGC-Q1-M5\Codigo_IA_generado\Sheriffsss\src\SheriffsssPackage\EnemyType.java","C:\proyecto_code_ia\metricas_realizadas\Prog-Concurrente\2026-PROGC-Q1-M5\Codigo_IA_generado\Sheriffsss\src\SheriffsssPackage\EnemyType.java","EnemyType::getScaledDamage","getScaledDamage( int dayCount)",111,113
3,1,10,0,3,"EnemyType::getAttackKnockbackStrengthPixels@115-117@C:\proyecto_code_ia\metricas_realizadas\Prog-Concurrente\2026-PROGC-Q1-M5\Codigo_IA_generado\Sheriffsss\src\SheriffsssPackage\EnemyType.java","C:\proyecto_code_ia\metricas_realizadas\Prog-Concurrente\2026-PROGC-Q1-M5\Codigo_IA_generado\Sheriffsss\src\SheriffsssPackage\EnemyType.java","EnemyType::getAttackKnockbackStrengthPixels","getAttackKnockbackStrengthPixels()",115,117
3,1,10,0,3,"EnemyType::getAttackRangePixels@119-121@C:\proyecto_code_ia\metricas_realizadas\Prog-Concurrente\2026-PROGC-Q1-M5\Codigo_IA_generado\Sheriffsss\src\SheriffsssPackage\EnemyType.java","C:\proyecto_code_ia\metricas_realizadas\Prog-Concurrente\2026-PROGC-Q1-M5\Codigo_IA_generado\Sheriffsss\src\SheriffsssPackage\EnemyType.java","EnemyType::getAttackRangePixels","getAttackRangePixels()",119,121
3,1,10,0,3,"EnemyType::getAttackCooldownTicks@123-125@C:\proyecto_code_ia\metricas_realizadas\Prog-Concurrente\2026-PROGC-Q1-M5\Codigo_IA_generado\Sheriffsss\src\SheriffsssPackage\EnemyType.java","C:\proyecto_code_ia\metricas_realizadas\Prog-Concurrente\2026-PROGC-Q1-M5\Codigo_IA_generado\Sheriffsss\src\SheriffsssPackage\EnemyType.java","EnemyType::getAttackCooldownTicks","getAttackCooldownTicks()",123,125
3,1,10,0,3,"EnemyType::getSpawnWeight@127-129@C:\proyecto_code_ia\metricas_realizadas\Prog-Concurrente\2026-PROGC-Q1-M5\Codigo_IA_generado\Sheriffsss\src\SheriffsssPackage\EnemyType.java","C:\proyecto_code_ia\metricas_realizadas\Prog-Concurrente\2026-PROGC-Q1-M5\Codigo_IA_generado\Sheriffsss\src\SheriffsssPackage\EnemyType.java","EnemyType::getSpawnWeight","getSpawnWeight()",127,129
3,1,10,0,3,"EnemyType::getMinimumSpawnDay@131-133@C:\proyecto_code_ia\metricas_realizadas\Prog-Concurrente\2026-PROGC-Q1-M5\Codigo_IA_generado\Sheriffsss\src\SheriffsssPackage\EnemyType.java","C:\proyecto_code_ia\metricas_realizadas\Prog-Concurrente\2026-PROGC-Q1-M5\Codigo_IA_generado\Sheriffsss\src\SheriffsssPackage\EnemyType.java","EnemyType::getMinimumSpawnDay","getMinimumSpawnDay()",131,133
3,1,10,0,3,"EnemyType::getDensity@135-137@C:\proyecto_code_ia\metricas_realizadas\Prog-Concurrente\2026-PROGC-Q1-M5\Codigo_IA_generado\Sheriffsss\src\SheriffsssPackage\EnemyType.java","C:\proyecto_code_ia\metricas_realizadas\Prog-Concurrente\2026-PROGC-Q1-M5\Codigo_IA_generado\Sheriffsss\src\SheriffsssPackage\EnemyType.java","EnemyType::getDensity","getDensity()",135,137
3,1,10,0,3,"EnemyType::getHitSoundPath@139-141@C:\proyecto_code_ia\metricas_realizadas\Prog-Concurrente\2026-PROGC-Q1-M5\Codigo_IA_generado\Sheriffsss\src\SheriffsssPackage\EnemyType.java","C:\proyecto_code_ia\metricas_realizadas\Prog-Concurrente\2026-PROGC-Q1-M5\Codigo_IA_generado\Sheriffsss\src\SheriffsssPackage\EnemyType.java","EnemyType::getHitSoundPath","getHitSoundPath()",139,141
15,5,62,1,15,"EnemyType::getAnimationRow@143-157@C:\proyecto_code_ia\metricas_realizadas\Prog-Concurrente\2026-PROGC-Q1-M5\Codigo_IA_generado\Sheriffsss\src\SheriffsssPackage\EnemyType.java","C:\proyecto_code_ia\metricas_realizadas\Prog-Concurrente\2026-PROGC-Q1-M5\Codigo_IA_generado\Sheriffsss\src\SheriffsssPackage\EnemyType.java","EnemyType::getAnimationRow","getAnimationRow( Facing facing)",143,157
6,1,31,0,6,"Equipment::clear@14-19@C:\proyecto_code_ia\metricas_realizadas\Prog-Concurrente\2026-PROGC-Q1-M5\Codigo_IA_generado\Sheriffsss\src\SheriffsssPackage\Equipment.java","C:\proyecto_code_ia\metricas_realizadas\Prog-Concurrente\2026-PROGC-Q1-M5\Codigo_IA_generado\Sheriffsss\src\SheriffsssPackage\Equipment.java","Equipment::clear","Equipment::clear()",14,19
5,1,21,1,5,"Equipment::resetToWeapon@21-25@C:\proyecto_code_ia\metricas_realizadas\Prog-Concurrente\2026-PROGC-Q1-M5\Codigo_IA_generado\Sheriffsss\src\SheriffsssPackage\Equipment.java","C:\proyecto_code_ia\metricas_realizadas\Prog-Concurrente\2026-PROGC-Q1-M5\Codigo_IA_generado\Sheriffsss\src\SheriffsssPackage\Equipment.java","Equipment::resetToWeapon","Equipment::resetToWeapon( ItemDefinition weapon)",21,25
10,4,57,1,10,"Equipment::unlockWeapon@27-36@C:\proyecto_code_ia\metricas_realizadas\Prog-Concurrente\2026-PROGC-Q1-M5\Codigo_IA_generado\Sheriffsss\src\SheriffsssPackage\Equipment.java","C:\proyecto_code_ia\metricas_realizadas\Prog-Concurrente\2026-PROGC-Q1-M5\Codigo_IA_generado\Sheriffsss\src\SheriffsssPackage\Equipment.java","Equipment::unlockWeapon","Equipment::unlockWeapon( ItemDefinition weapon)",27,36
12,4,61,1,12,"Equipment::unlockWeapons@38-49@C:\proyecto_code_ia\metricas_realizadas\Prog-Concurrente\2026-PROGC-Q1-M5\Codigo_IA_generado\Sheriffsss\src\SheriffsssPackage\Equipment.java","C:\proyecto_code_ia\metricas_realizadas\Prog-Concurrente\2026-PROGC-Q1-M5\Codigo_IA_generado\Sheriffsss\src\SheriffsssPackage\Equipment.java","Equipment::unlockWeapons","Equipment::unlockWeapons( ItemDefinition [ ] weapons)",38,49
8,2,39,1,8,"Equipment::equipWeapon@51-58@C:\proyecto_code_ia\metricas_realizadas\Prog-Concurrente\2026-PROGC-Q1-M5\Codigo_IA_generado\Sheriffsss\src\SheriffsssPackage\Equipment.java","C:\proyecto_code_ia\metricas_realizadas\Prog-Concurrente\2026-PROGC-Q1-M5\Codigo_IA_generado\Sheriffsss\src\SheriffsssPackage\Equipment.java","Equipment::equipWeapon","Equipment::equipWeapon( ItemDefinition weapon)",51,58
3,1,10,0,3,"Equipment::getEquippedWeapon@60-62@C:\proyecto_code_ia\metricas_realizadas\Prog-Concurrente\2026-PROGC-Q1-M5\Codigo_IA_generado\Sheriffsss\src\SheriffsssPackage\Equipment.java","C:\proyecto_code_ia\metricas_realizadas\Prog-Concurrente\2026-PROGC-Q1-M5\Codigo_IA_generado\Sheriffsss\src\SheriffsssPackage\Equipment.java","Equipment::getEquippedWeapon","Equipment::getEquippedWeapon()",60,62
3,1,15,0,3,"Equipment::getUnlockedWeapons@64-66@C:\proyecto_code_ia\metricas_realizadas\Prog-Concurrente\2026-PROGC-Q1-M5\Codigo_IA_generado\Sheriffsss\src\SheriffsssPackage\Equipment.java","C:\proyecto_code_ia\metricas_realizadas\Prog-Concurrente\2026-PROGC-Q1-M5\Codigo_IA_generado\Sheriffsss\src\SheriffsssPackage\Equipment.java","Equipment::getUnlockedWeapons","Equipment::getUnlockedWeapons()",64,66
16,3,97,0,16,"Equipment::getWeaponSelectionOrder@68-83@C:\proyecto_code_ia\metricas_realizadas\Prog-Concurrente\2026-PROGC-Q1-M5\Codigo_IA_generado\Sheriffsss\src\SheriffsssPackage\Equipment.java","C:\proyecto_code_ia\metricas_realizadas\Prog-Concurrente\2026-PROGC-Q1-M5\Codigo_IA_generado\Sheriffsss\src\SheriffsssPackage\Equipment.java","Equipment::getWeaponSelectionOrder","Equipment::getWeaponSelectionOrder()",68,83
3,1,15,0,3,"Equipment::hasUnlockedWeapons@85-87@C:\proyecto_code_ia\metricas_realizadas\Prog-Concurrente\2026-PROGC-Q1-M5\Codigo_IA_generado\Sheriffsss\src\SheriffsssPackage\Equipment.java","C:\proyecto_code_ia\metricas_realizadas\Prog-Concurrente\2026-PROGC-Q1-M5\Codigo_IA_generado\Sheriffsss\src\SheriffsssPackage\Equipment.java","Equipment::hasUnlockedWeapons","Equipment::hasUnlockedWeapons()",85,87
3,2,14,0,3,"Equipment::isWeaponSelectorOpen@89-91@C:\proyecto_code_ia\metricas_realizadas\Prog-Concurrente\2026-PROGC-Q1-M5\Codigo_IA_generado\Sheriffsss\src\SheriffsssPackage\Equipment.java","C:\proyecto_code_ia\metricas_realizadas\Prog-Concurrente\2026-PROGC-Q1-M5\Codigo_IA_generado\Sheriffsss\src\SheriffsssPackage\Equipment.java","Equipment::isWeaponSelectorOpen","Equipment::isWeaponSelectorOpen()",89,91
3,1,10,0,3,"Equipment::isMenuOpen@93-95@C:\proyecto_code_ia\metricas_realizadas\Prog-Concurrente\2026-PROGC-Q1-M5\Codigo_IA_generado\Sheriffsss\src\SheriffsssPackage\Equipment.java","C:\proyecto_code_ia\metricas_realizadas\Prog-Concurrente\2026-PROGC-Q1-M5\Codigo_IA_generado\Sheriffsss\src\SheriffsssPackage\Equipment.java","Equipment::isMenuOpen","Equipment::isMenuOpen()",93,95
6,2,29,0,6,"Equipment::toggleMenu@97-102@C:\proyecto_code_ia\metricas_realizadas\Prog-Concurrente\2026-PROGC-Q1-M5\Codigo_IA_generado\Sheriffsss\src\SheriffsssPackage\Equipment.java","C:\proyecto_code_ia\metricas_realizadas\Prog-Concurrente\2026-PROGC-Q1-M5\Codigo_IA_generado\Sheriffsss\src\SheriffsssPackage\Equipment.java","Equipment::toggleMenu","Equipment::toggleMenu()",97,102
3,1,11,0,3,"Equipment::openMenu@104-106@C:\proyecto_code_ia\metricas_realizadas\Prog-Concurrente\2026-PROGC-Q1-M5\Codigo_IA_generado\Sheriffsss\src\SheriffsssPackage\Equipment.java","C:\proyecto_code_ia\metricas_realizadas\Prog-Concurrente\2026-PROGC-Q1-M5\Codigo_IA_generado\Sheriffsss\src\SheriffsssPackage\Equipment.java","Equipment::openMenu","Equipment::openMenu()",104,106
4,2,24,0,4,"Equipment::toggleWeaponSelector@108-111@C:\proyecto_code_ia\metricas_realizadas\Prog-Concurrente\2026-PROGC-Q1-M5\Codigo_IA_generado\Sheriffsss\src\SheriffsssPackage\Equipment.java","C:\proyecto_code_ia\metricas_realizadas\Prog-Concurrente\2026-PROGC-Q1-M5\Codigo_IA_generado\Sheriffsss\src\SheriffsssPackage\Equipment.java","Equipment::toggleWeaponSelector","Equipment::toggleWeaponSelector()",108,111
3,1,11,0,3,"Equipment::closeWeaponSelector@113-115@C:\proyecto_code_ia\metricas_realizadas\Prog-Concurrente\2026-PROGC-Q1-M5\Codigo_IA_generado\Sheriffsss\src\SheriffsssPackage\Equipment.java","C:\proyecto_code_ia\metricas_realizadas\Prog-Concurrente\2026-PROGC-Q1-M5\Codigo_IA_generado\Sheriffsss\src\SheriffsssPackage\Equipment.java","Equipment::closeWeaponSelector","Equipment::closeWeaponSelector()",113,115
3,2,22,1,3,"Equipment::isFirearm@117-119@C:\proyecto_code_ia\metricas_realizadas\Prog-Concurrente\2026-PROGC-Q1-M5\Codigo_IA_generado\Sheriffsss\src\SheriffsssPackage\Equipment.java","C:\proyecto_code_ia\metricas_realizadas\Prog-Concurrente\2026-PROGC-Q1-M5\Codigo_IA_generado\Sheriffsss\src\SheriffsssPackage\Equipment.java","Equipment::isFirearm","Equipment::isFirearm( ItemDefinition weapon)",117,119
3,1,24,3,3,"FlameBurstEffect::FlameBurstEffect@12-14@C:\proyecto_code_ia\metricas_realizadas\Prog-Concurrente\2026-PROGC-Q1-M5\Codigo_IA_generado\Sheriffsss\src\SheriffsssPackage\FlameBurstEffect.java","C:\proyecto_code_ia\metricas_realizadas\Prog-Concurrente\2026-PROGC-Q1-M5\Codigo_IA_generado\Sheriffsss\src\SheriffsssPackage\FlameBurstEffect.java","FlameBurstEffect::FlameBurstEffect","FlameBurstEffect::FlameBurstEffect( int originWorldX , int originWorldY , int radiusPixels)",12,14
6,1,61,4,6,"FlameBurstEffect::FlameBurstEffect@16-21@C:\proyecto_code_ia\metricas_realizadas\Prog-Concurrente\2026-PROGC-Q1-M5\Codigo_IA_generado\Sheriffsss\src\SheriffsssPackage\FlameBurstEffect.java","C:\proyecto_code_ia\metricas_realizadas\Prog-Concurrente\2026-PROGC-Q1-M5\Codigo_IA_generado\Sheriffsss\src\SheriffsssPackage\FlameBurstEffect.java","FlameBurstEffect::FlameBurstEffect","FlameBurstEffect::FlameBurstEffect( int originWorldX , int originWorldY , int radiusPixels , int ageTicks)",16,21
3,1,10,0,3,"FlameBurstEffect::update@23-25@C:\proyecto_code_ia\metricas_realizadas\Prog-Concurrente\2026-PROGC-Q1-M5\Codigo_IA_generado\Sheriffsss\src\SheriffsssPackage\FlameBurstEffect.java","C:\proyecto_code_ia\metricas_realizadas\Prog-Concurrente\2026-PROGC-Q1-M5\Codigo_IA_generado\Sheriffsss\src\SheriffsssPackage\FlameBurstEffect.java","FlameBurstEffect::update","FlameBurstEffect::update()",23,25
3,1,12,0,3,"FlameBurstEffect::isExpired@27-29@C:\proyecto_code_ia\metricas_realizadas\Prog-Concurrente\2026-PROGC-Q1-M5\Codigo_IA_generado\Sheriffsss\src\SheriffsssPackage\FlameBurstEffect.java","C:\proyecto_code_ia\metricas_realizadas\Prog-Concurrente\2026-PROGC-Q1-M5\Codigo_IA_generado\Sheriffsss\src\SheriffsssPackage\FlameBurstEffect.java","FlameBurstEffect::isExpired","FlameBurstEffect::isExpired()",27,29
3,1,10,0,3,"FlameBurstEffect::getOriginWorldX@31-33@C:\proyecto_code_ia\metricas_realizadas\Prog-Concurrente\2026-PROGC-Q1-M5\Codigo_IA_generado\Sheriffsss\src\SheriffsssPackage\FlameBurstEffect.java","C:\proyecto_code_ia\metricas_realizadas\Prog-Concurrente\2026-PROGC-Q1-M5\Codigo_IA_generado\Sheriffsss\src\SheriffsssPackage\FlameBurstEffect.java","FlameBurstEffect::getOriginWorldX","FlameBurstEffect::getOriginWorldX()",31,33
3,1,10,0,3,"FlameBurstEffect::getOriginWorldY@35-37@C:\proyecto_code_ia\metricas_realizadas\Prog-Concurrente\2026-PROGC-Q1-M5\Codigo_IA_generado\Sheriffsss\src\SheriffsssPackage\FlameBurstEffect.java","C:\proyecto_code_ia\metricas_realizadas\Prog-Concurrente\2026-PROGC-Q1-M5\Codigo_IA_generado\Sheriffsss\src\SheriffsssPackage\FlameBurstEffect.java","FlameBurstEffect::getOriginWorldY","FlameBurstEffect::getOriginWorldY()",35,37
3,1,10,0,3,"FlameBurstEffect::getRadiusPixels@39-41@C:\proyecto_code_ia\metricas_realizadas\Prog-Concurrente\2026-PROGC-Q1-M5\Codigo_IA_generado\Sheriffsss\src\SheriffsssPackage\FlameBurstEffect.java","C:\proyecto_code_ia\metricas_realizadas\Prog-Concurrente\2026-PROGC-Q1-M5\Codigo_IA_generado\Sheriffsss\src\SheriffsssPackage\FlameBurstEffect.java","FlameBurstEffect::getRadiusPixels","FlameBurstEffect::getRadiusPixels()",39,41
3,1,10,0,3,"FlameBurstEffect::getAgeTicks@43-45@C:\proyecto_code_ia\metricas_realizadas\Prog-Concurrente\2026-PROGC-Q1-M5\Codigo_IA_generado\Sheriffsss\src\SheriffsssPackage\FlameBurstEffect.java","C:\proyecto_code_ia\metricas_realizadas\Prog-Concurrente\2026-PROGC-Q1-M5\Codigo_IA_generado\Sheriffsss\src\SheriffsssPackage\FlameBurstEffect.java","FlameBurstEffect::getAgeTicks","FlameBurstEffect::getAgeTicks()",43,45
3,1,8,0,3,"FlameBurstEffect::getLifeTicks@47-49@C:\proyecto_code_ia\metricas_realizadas\Prog-Concurrente\2026-PROGC-Q1-M5\Codigo_IA_generado\Sheriffsss\src\SheriffsssPackage\FlameBurstEffect.java","C:\proyecto_code_ia\metricas_realizadas\Prog-Concurrente\2026-PROGC-Q1-M5\Codigo_IA_generado\Sheriffsss\src\SheriffsssPackage\FlameBurstEffect.java","FlameBurstEffect::getLifeTicks","FlameBurstEffect::getLifeTicks()",47,49
3,1,8,0,3,"FlameBurstEffect::getParticleCount@51-53@C:\proyecto_code_ia\metricas_realizadas\Prog-Concurrente\2026-PROGC-Q1-M5\Codigo_IA_generado\Sheriffsss\src\SheriffsssPackage\FlameBurstEffect.java","C:\proyecto_code_ia\metricas_realizadas\Prog-Concurrente\2026-PROGC-Q1-M5\Codigo_IA_generado\Sheriffsss\src\SheriffsssPackage\FlameBurstEffect.java","FlameBurstEffect::getParticleCount","FlameBurstEffect::getParticleCount()",51,53
3,1,28,1,3,"FlameBurstEffect::getParticleAngleRadians@55-57@C:\proyecto_code_ia\metricas_realizadas\Prog-Concurrente\2026-PROGC-Q1-M5\Codigo_IA_generado\Sheriffsss\src\SheriffsssPackage\FlameBurstEffect.java","C:\proyecto_code_ia\metricas_realizadas\Prog-Concurrente\2026-PROGC-Q1-M5\Codigo_IA_generado\Sheriffsss\src\SheriffsssPackage\FlameBurstEffect.java","FlameBurstEffect::getParticleAngleRadians","FlameBurstEffect::getParticleAngleRadians( int index)",55,57
3,1,18,1,3,"FlameBurstEffect::getParticleDistanceScale@59-61@C:\proyecto_code_ia\metricas_realizadas\Prog-Concurrente\2026-PROGC-Q1-M5\Codigo_IA_generado\Sheriffsss\src\SheriffsssPackage\FlameBurstEffect.java","C:\proyecto_code_ia\metricas_realizadas\Prog-Concurrente\2026-PROGC-Q1-M5\Codigo_IA_generado\Sheriffsss\src\SheriffsssPackage\FlameBurstEffect.java","FlameBurstEffect::getParticleDistanceScale","FlameBurstEffect::getParticleDistanceScale( int index)",59,61
24,1,199,0,27,"Game::Game@96-122@C:\proyecto_code_ia\metricas_realizadas\Prog-Concurrente\2026-PROGC-Q1-M5\Codigo_IA_generado\Sheriffsss\src\SheriffsssPackage\Game.java","C:\proyecto_code_ia\metricas_realizadas\Prog-Concurrente\2026-PROGC-Q1-M5\Codigo_IA_generado\Sheriffsss\src\SheriffsssPackage\Game.java","Game::Game","Game::Game()",96,122
8,3,45,0,8,"Game::startGame@124-131@C:\proyecto_code_ia\metricas_realizadas\Prog-Concurrente\2026-PROGC-Q1-M5\Codigo_IA_generado\Sheriffsss\src\SheriffsssPackage\Game.java","C:\proyecto_code_ia\metricas_realizadas\Prog-Concurrente\2026-PROGC-Q1-M5\Codigo_IA_generado\Sheriffsss\src\SheriffsssPackage\Game.java","Game::startGame","Game::startGame()",124,131
3,1,10,0,3,"(anonymous)::run@138-140@C:\proyecto_code_ia\metricas_realizadas\Prog-Concurrente\2026-PROGC-Q1-M5\Codigo_IA_generado\Sheriffsss\src\SheriffsssPackage\Game.java","C:\proyecto_code_ia\metricas_realizadas\Prog-Concurrente\2026-PROGC-Q1-M5\Codigo_IA_generado\Sheriffsss\src\SheriffsssPackage\Game.java","(anonymous)::run","Game::Game::setWindow.run()",138,140
9,2,36,1,11,"Game::setWindow@133-143@C:\proyecto_code_ia\metricas_realizadas\Prog-Concurrente\2026-PROGC-Q1-M5\Codigo_IA_generado\Sheriffsss\src\SheriffsssPackage\Game.java","C:\proyecto_code_ia\metricas_realizadas\Prog-Concurrente\2026-PROGC-Q1-M5\Codigo_IA_generado\Sheriffsss\src\SheriffsssPackage\Game.java","Game::setWindow","Game::setWindow( JFrame window)",133,143
5,1,32,1,5,"Game::paintComponent@146-150@C:\proyecto_code_ia\metricas_realizadas\Prog-Concurrente\2026-PROGC-Q1-M5\Codigo_IA_generado\Sheriffsss\src\SheriffsssPackage\Game.java","C:\proyecto_code_ia\metricas_realizadas\Prog-Concurrente\2026-PROGC-Q1-M5\Codigo_IA_generado\Sheriffsss\src\SheriffsssPackage\Game.java","Game::paintComponent","Game::paintComponent( Graphics g)",146,150
10,5,78,0,10,"Game::syncViewportSize@152-161@C:\proyecto_code_ia\metricas_realizadas\Prog-Concurrente\2026-PROGC-Q1-M5\Codigo_IA_generado\Sheriffsss\src\SheriffsssPackage\Game.java","C:\proyecto_code_ia\metricas_realizadas\Prog-Concurrente\2026-PROGC-Q1-M5\Codigo_IA_generado\Sheriffsss\src\SheriffsssPackage\Game.java","Game::syncViewportSize","Game::syncViewportSize()",152,161
6,2,28,0,6,"Game::updateFullscreenToggle@163-168@C:\proyecto_code_ia\metricas_realizadas\Prog-Concurrente\2026-PROGC-Q1-M5\Codigo_IA_generado\Sheriffsss\src\SheriffsssPackage\Game.java","C:\proyecto_code_ia\metricas_realizadas\Prog-Concurrente\2026-PROGC-Q1-M5\Codigo_IA_generado\Sheriffsss\src\SheriffsssPackage\Game.java","Game::updateFullscreenToggle","Game::updateFullscreenToggle()",163,168
3,1,10,0,3,"(anonymous)::run@178-180@C:\proyecto_code_ia\metricas_realizadas\Prog-Concurrente\2026-PROGC-Q1-M5\Codigo_IA_generado\Sheriffsss\src\SheriffsssPackage\Game.java","C:\proyecto_code_ia\metricas_realizadas\Prog-Concurrente\2026-PROGC-Q1-M5\Codigo_IA_generado\Sheriffsss\src\SheriffsssPackage\Game.java","(anonymous)::run","Game::Game::setFullscreen.run()",178,180
11,1,57,1,13,"Game::setFullscreen@170-182@C:\proyecto_code_ia\metricas_realizadas\Prog-Concurrente\2026-PROGC-Q1-M5\Codigo_IA_generado\Sheriffsss\src\SheriffsssPackage\Game.java","C:\proyecto_code_ia\metricas_realizadas\Prog-Concurrente\2026-PROGC-Q1-M5\Codigo_IA_generado\Sheriffsss\src\SheriffsssPackage\Game.java","Game::setFullscreen","Game::setFullscreen( boolean fullscreen)",170,182
3,1,9,0,3,"(anonymous)::run@214-216@C:\proyecto_code_ia\metricas_realizadas\Prog-Concurrente\2026-PROGC-Q1-M5\Codigo_IA_generado\Sheriffsss\src\SheriffsssPackage\Game.java","C:\proyecto_code_ia\metricas_realizadas\Prog-Concurrente\2026-PROGC-Q1-M5\Codigo_IA_generado\Sheriffsss\src\SheriffsssPackage\Game.java","(anonymous)::run","Game::Game::applyFullscreen.run()",214,216
33,4,182,1,35,"Game::applyFullscreen@184-218@C:\proyecto_code_ia\metricas_realizadas\Prog-Concurrente\2026-PROGC-Q1-M5\Codigo_IA_generado\Sheriffsss\src\SheriffsssPackage\Game.java","C:\proyecto_code_ia\metricas_realizadas\Prog-Concurrente\2026-PROGC-Q1-M5\Codigo_IA_generado\Sheriffsss\src\SheriffsssPackage\Game.java","Game::applyFullscreen","Game::applyFullscreen( boolean fullscreen)",184,218
16,3,84,0,16,"Game::applyWindowedResolution@220-235@C:\proyecto_code_ia\metricas_realizadas\Prog-Concurrente\2026-PROGC-Q1-M5\Codigo_IA_generado\Sheriffsss\src\SheriffsssPackage\Game.java","C:\proyecto_code_ia\metricas_realizadas\Prog-Concurrente\2026-PROGC-Q1-M5\Codigo_IA_generado\Sheriffsss\src\SheriffsssPackage\Game.java","Game::applyWindowedResolution","Game::applyWindowedResolution()",220,235
6,1,21,0,6,"Game::refreshViewportAfterWindowChange@237-242@C:\proyecto_code_ia\metricas_realizadas\Prog-Concurrente\2026-PROGC-Q1-M5\Codigo_IA_generado\Sheriffsss\src\SheriffsssPackage\Game.java","C:\proyecto_code_ia\metricas_realizadas\Prog-Concurrente\2026-PROGC-Q1-M5\Codigo_IA_generado\Sheriffsss\src\SheriffsssPackage\Game.java","Game::refreshViewportAfterWindowChange","Game::refreshViewportAfterWindowChange()",237,242
16,4,94,0,18,"Game::run@245-262@C:\proyecto_code_ia\metricas_realizadas\Prog-Concurrente\2026-PROGC-Q1-M5\Codigo_IA_generado\Sheriffsss\src\SheriffsssPackage\Game.java","C:\proyecto_code_ia\metricas_realizadas\Prog-Concurrente\2026-PROGC-Q1-M5\Codigo_IA_generado\Sheriffsss\src\SheriffsssPackage\Game.java","Game::run","Game::run()",245,262
31,15,217,0,31,"Game::updateGame@264-294@C:\proyecto_code_ia\metricas_realizadas\Prog-Concurrente\2026-PROGC-Q1-M5\Codigo_IA_generado\Sheriffsss\src\SheriffsssPackage\Game.java","C:\proyecto_code_ia\metricas_realizadas\Prog-Concurrente\2026-PROGC-Q1-M5\Codigo_IA_generado\Sheriffsss\src\SheriffsssPackage\Game.java","Game::updateGame","Game::updateGame()",264,294
32,7,222,0,32,"Game::updateDebugMenuInput@296-327@C:\proyecto_code_ia\metricas_realizadas\Prog-Concurrente\2026-PROGC-Q1-M5\Codigo_IA_generado\Sheriffsss\src\SheriffsssPackage\Game.java","C:\proyecto_code_ia\metricas_realizadas\Prog-Concurrente\2026-PROGC-Q1-M5\Codigo_IA_generado\Sheriffsss\src\SheriffsssPackage\Game.java","Game::updateDebugMenuInput","Game::updateDebugMenuInput()",296,327
11,5,72,0,11,"Game::equipRequestedTrainingDebugWeapon@329-339@C:\proyecto_code_ia\metricas_realizadas\Prog-Concurrente\2026-PROGC-Q1-M5\Codigo_IA_generado\Sheriffsss\src\SheriffsssPackage\Game.java","C:\proyecto_code_ia\metricas_realizadas\Prog-Concurrente\2026-PROGC-Q1-M5\Codigo_IA_generado\Sheriffsss\src\SheriffsssPackage\Game.java","Game::equipRequestedTrainingDebugWeapon","Game::equipRequestedTrainingDebugWeapon()",329,339
17,5,120,0,17,"Game::updateMenu@341-357@C:\proyecto_code_ia\metricas_realizadas\Prog-Concurrente\2026-PROGC-Q1-M5\Codigo_IA_generado\Sheriffsss\src\SheriffsssPackage\Game.java","C:\proyecto_code_ia\metricas_realizadas\Prog-Concurrente\2026-PROGC-Q1-M5\Codigo_IA_generado\Sheriffsss\src\SheriffsssPackage\Game.java","Game::updateMenu","Game::updateMenu()",341,357
3,1,10,0,3,"Game::startTraining@364-366@C:\proyecto_code_ia\metricas_realizadas\Prog-Concurrente\2026-PROGC-Q1-M5\Codigo_IA_generado\Sheriffsss\src\SheriffsssPackage\Game.java","C:\proyecto_code_ia\metricas_realizadas\Prog-Concurrente\2026-PROGC-Q1-M5\Codigo_IA_generado\Sheriffsss\src\SheriffsssPackage\Game.java","Game::startTraining","Game::startTraining()",364,366
16,2,88,1,16,"Game::startTraining@368-383@C:\proyecto_code_ia\metricas_realizadas\Prog-Concurrente\2026-PROGC-Q1-M5\Codigo_IA_generado\Sheriffsss\src\SheriffsssPackage\Game.java","C:\proyecto_code_ia\metricas_realizadas\Prog-Concurrente\2026-PROGC-Q1-M5\Codigo_IA_generado\Sheriffsss\src\SheriffsssPackage\Game.java","Game::startTraining","Game::startTraining( boolean resetDebugOptions)",368,383
3,1,39,0,3,"Game::createRandomTrainingWorldSeed@385-387@C:\proyecto_code_ia\metricas_realizadas\Prog-Concurrente\2026-PROGC-Q1-M5\Codigo_IA_generado\Sheriffsss\src\SheriffsssPackage\Game.java","C:\proyecto_code_ia\metricas_realizadas\Prog-Concurrente\2026-PROGC-Q1-M5\Codigo_IA_generado\Sheriffsss\src\SheriffsssPackage\Game.java","Game::createRandomTrainingWorldSeed","Game::createRandomTrainingWorldSeed()",385,387
8,1,69,1,8,"Game::prepareTrainingSystems@389-396@C:\proyecto_code_ia\metricas_realizadas\Prog-Concurrente\2026-PROGC-Q1-M5\Codigo_IA_generado\Sheriffsss\src\SheriffsssPackage\Game.java","C:\proyecto_code_ia\metricas_realizadas\Prog-Concurrente\2026-PROGC-Q1-M5\Codigo_IA_generado\Sheriffsss\src\SheriffsssPackage\Game.java","Game::prepareTrainingSystems","Game::prepareTrainingSystems( String trainingWorldSeed)",389,396
7,1,61,0,7,"Game::spawnTrainingPlayer@398-404@C:\proyecto_code_ia\metricas_realizadas\Prog-Concurrente\2026-PROGC-Q1-M5\Codigo_IA_generado\Sheriffsss\src\SheriffsssPackage\Game.java","C:\proyecto_code_ia\metricas_realizadas\Prog-Concurrente\2026-PROGC-Q1-M5\Codigo_IA_generado\Sheriffsss\src\SheriffsssPackage\Game.java","Game::spawnTrainingPlayer","Game::spawnTrainingPlayer()",398,404
5,1,25,1,5,"Game::resetTrainingTransientState@406-410@C:\proyecto_code_ia\metricas_realizadas\Prog-Concurrente\2026-PROGC-Q1-M5\Codigo_IA_generado\Sheriffsss\src\SheriffsssPackage\Game.java","C:\proyecto_code_ia\metricas_realizadas\Prog-Concurrente\2026-PROGC-Q1-M5\Codigo_IA_generado\Sheriffsss\src\SheriffsssPackage\Game.java","Game::resetTrainingTransientState","Game::resetTrainingTransientState( String trainingWorldSeed)",406,410
5,1,26,0,5,"Game::clearMenuStateForTraining@412-416@C:\proyecto_code_ia\metricas_realizadas\Prog-Concurrente\2026-PROGC-Q1-M5\Codigo_IA_generado\Sheriffsss\src\SheriffsssPackage\Game.java","C:\proyecto_code_ia\metricas_realizadas\Prog-Concurrente\2026-PROGC-Q1-M5\Codigo_IA_generado\Sheriffsss\src\SheriffsssPackage\Game.java","Game::clearMenuStateForTraining","Game::clearMenuStateForTraining()",412,416
9,3,39,1,9,"Game::giveTrainingLoadout@418-426@C:\proyecto_code_ia\metricas_realizadas\Prog-Concurrente\2026-PROGC-Q1-M5\Codigo_IA_generado\Sheriffsss\src\SheriffsssPackage\Game.java","C:\proyecto_code_ia\metricas_realizadas\Prog-Concurrente\2026-PROGC-Q1-M5\Codigo_IA_generado\Sheriffsss\src\SheriffsssPackage\Game.java","Game::giveTrainingLoadout","Game::giveTrainingLoadout( Player targetPlayer)",418,426
3,1,16,1,3,"Game::equipTrainingWeapon@428-430@C:\proyecto_code_ia\metricas_realizadas\Prog-Concurrente\2026-PROGC-Q1-M5\Codigo_IA_generado\Sheriffsss\src\SheriffsssPackage\Game.java","C:\proyecto_code_ia\metricas_realizadas\Prog-Concurrente\2026-PROGC-Q1-M5\Codigo_IA_generado\Sheriffsss\src\SheriffsssPackage\Game.java","Game::equipTrainingWeapon","Game::equipTrainingWeapon( ItemDefinition weapon)",428,430
8,4,57,2,8,"Game::equipTrainingWeapon@432-439@C:\proyecto_code_ia\metricas_realizadas\Prog-Concurrente\2026-PROGC-Q1-M5\Codigo_IA_generado\Sheriffsss\src\SheriffsssPackage\Game.java","C:\proyecto_code_ia\metricas_realizadas\Prog-Concurrente\2026-PROGC-Q1-M5\Codigo_IA_generado\Sheriffsss\src\SheriffsssPackage\Game.java","Game::equipTrainingWeapon","Game::equipTrainingWeapon( Player targetPlayer , ItemDefinition weapon)",432,439
6,2,30,1,6,"Game::resetTrainingWeapon@441-446@C:\proyecto_code_ia\metricas_realizadas\Prog-Concurrente\2026-PROGC-Q1-M5\Codigo_IA_generado\Sheriffsss\src\SheriffsssPackage\Game.java","C:\proyecto_code_ia\metricas_realizadas\Prog-Concurrente\2026-PROGC-Q1-M5\Codigo_IA_generado\Sheriffsss\src\SheriffsssPackage\Game.java","Game::resetTrainingWeapon","Game::resetTrainingWeapon( Player targetPlayer)",441,446
6,2,35,1,6,"Game::unlockAllTrainingWeapons@448-453@C:\proyecto_code_ia\metricas_realizadas\Prog-Concurrente\2026-PROGC-Q1-M5\Codigo_IA_generado\Sheriffsss\src\SheriffsssPackage\Game.java","C:\proyecto_code_ia\metricas_realizadas\Prog-Concurrente\2026-PROGC-Q1-M5\Codigo_IA_generado\Sheriffsss\src\SheriffsssPackage\Game.java","Game::unlockAllTrainingWeapons","Game::unlockAllTrainingWeapons( Player targetPlayer)",448,453
8,2,44,0,8,"Game::stopTrainingIfActive@455-462@C:\proyecto_code_ia\metricas_realizadas\Prog-Concurrente\2026-PROGC-Q1-M5\Codigo_IA_generado\Sheriffsss\src\SheriffsssPackage\Game.java","C:\proyecto_code_ia\metricas_realizadas\Prog-Concurrente\2026-PROGC-Q1-M5\Codigo_IA_generado\Sheriffsss\src\SheriffsssPackage\Game.java","Game::stopTrainingIfActive","Game::stopTrainingIfActive()",455,462
3,1,10,0,3,"Game::isTrainingActive@464-466@C:\proyecto_code_ia\metricas_realizadas\Prog-Concurrente\2026-PROGC-Q1-M5\Codigo_IA_generado\Sheriffsss\src\SheriffsssPackage\Game.java","C:\proyecto_code_ia\metricas_realizadas\Prog-Concurrente\2026-PROGC-Q1-M5\Codigo_IA_generado\Sheriffsss\src\SheriffsssPackage\Game.java","Game::isTrainingActive","Game::isTrainingActive()",464,466
3,1,10,0,3,"Game::getTrainingMode@468-470@C:\proyecto_code_ia\metricas_realizadas\Prog-Concurrente\2026-PROGC-Q1-M5\Codigo_IA_generado\Sheriffsss\src\SheriffsssPackage\Game.java","C:\proyecto_code_ia\metricas_realizadas\Prog-Concurrente\2026-PROGC-Q1-M5\Codigo_IA_generado\Sheriffsss\src\SheriffsssPackage\Game.java","Game::getTrainingMode","Game::getTrainingMode()",468,470
3,3,24,0,3,"Game::isTrainingSessionFinished@472-474@C:\proyecto_code_ia\metricas_realizadas\Prog-Concurrente\2026-PROGC-Q1-M5\Codigo_IA_generado\Sheriffsss\src\SheriffsssPackage\Game.java","C:\proyecto_code_ia\metricas_realizadas\Prog-Concurrente\2026-PROGC-Q1-M5\Codigo_IA_generado\Sheriffsss\src\SheriffsssPackage\Game.java","Game::isTrainingSessionFinished","Game::isTrainingSessionFinished()",472,474
3,3,24,0,3,"Game::isTrainingWaitingForFirstShot@476-478@C:\proyecto_code_ia\metricas_realizadas\Prog-Concurrente\2026-PROGC-Q1-M5\Codigo_IA_generado\Sheriffsss\src\SheriffsssPackage\Game.java","C:\proyecto_code_ia\metricas_realizadas\Prog-Concurrente\2026-PROGC-Q1-M5\Codigo_IA_generado\Sheriffsss\src\SheriffsssPackage\Game.java","Game::isTrainingWaitingForFirstShot","Game::isTrainingWaitingForFirstShot()",476,478
3,1,9,0,3,"Game::restartTraining@480-482@C:\proyecto_code_ia\metricas_realizadas\Prog-Concurrente\2026-PROGC-Q1-M5\Codigo_IA_generado\Sheriffsss\src\SheriffsssPackage\Game.java","C:\proyecto_code_ia\metricas_realizadas\Prog-Concurrente\2026-PROGC-Q1-M5\Codigo_IA_generado\Sheriffsss\src\SheriffsssPackage\Game.java","Game::restartTraining","Game::restartTraining()",480,482
9,1,51,0,9,"Game::exitTrainingToMenu@484-492@C:\proyecto_code_ia\metricas_realizadas\Prog-Concurrente\2026-PROGC-Q1-M5\Codigo_IA_generado\Sheriffsss\src\SheriffsssPackage\Game.java","C:\proyecto_code_ia\metricas_realizadas\Prog-Concurrente\2026-PROGC-Q1-M5\Codigo_IA_generado\Sheriffsss\src\SheriffsssPackage\Game.java","Game::exitTrainingToMenu","Game::exitTrainingToMenu()",484,492
79,14,557,0,84,"Game::updatePlaying@494-577@C:\proyecto_code_ia\metricas_realizadas\Prog-Concurrente\2026-PROGC-Q1-M5\Codigo_IA_generado\Sheriffsss\src\SheriffsssPackage\Game.java","C:\proyecto_code_ia\metricas_realizadas\Prog-Concurrente\2026-PROGC-Q1-M5\Codigo_IA_generado\Sheriffsss\src\SheriffsssPackage\Game.java","Game::updatePlaying","Game::updatePlaying()",494,577
30,9,179,0,30,"Game::updateToolUse@579-608@C:\proyecto_code_ia\metricas_realizadas\Prog-Concurrente\2026-PROGC-Q1-M5\Codigo_IA_generado\Sheriffsss\src\SheriffsssPackage\Game.java","C:\proyecto_code_ia\metricas_realizadas\Prog-Concurrente\2026-PROGC-Q1-M5\Codigo_IA_generado\Sheriffsss\src\SheriffsssPackage\Game.java","Game::updateToolUse","Game::updateToolUse()",579,608
23,7,138,2,23,"Game::handleEquipmentClick@610-632@C:\proyecto_code_ia\metricas_realizadas\Prog-Concurrente\2026-PROGC-Q1-M5\Codigo_IA_generado\Sheriffsss\src\SheriffsssPackage\Game.java","C:\proyecto_code_ia\metricas_realizadas\Prog-Concurrente\2026-PROGC-Q1-M5\Codigo_IA_generado\Sheriffsss\src\SheriffsssPackage\Game.java","Game::handleEquipmentClick","Game::handleEquipmentClick( int mouseX , int mouseY)",610,632
4,4,39,2,4,"Game::isInsideEquipmentPanel@634-637@C:\proyecto_code_ia\metricas_realizadas\Prog-Concurrente\2026-PROGC-Q1-M5\Codigo_IA_generado\Sheriffsss\src\SheriffsssPackage\Game.java","C:\proyecto_code_ia\metricas_realizadas\Prog-Concurrente\2026-PROGC-Q1-M5\Codigo_IA_generado\Sheriffsss\src\SheriffsssPackage\Game.java","Game::isInsideEquipmentPanel","Game::isInsideEquipmentPanel( int mouseX , int mouseY)",634,637
4,4,39,2,4,"Game::isInsideEquipmentSelector@639-642@C:\proyecto_code_ia\metricas_realizadas\Prog-Concurrente\2026-PROGC-Q1-M5\Codigo_IA_generado\Sheriffsss\src\SheriffsssPackage\Game.java","C:\proyecto_code_ia\metricas_realizadas\Prog-Concurrente\2026-PROGC-Q1-M5\Codigo_IA_generado\Sheriffsss\src\SheriffsssPackage\Game.java","Game::isInsideEquipmentSelector","Game::isInsideEquipmentSelector( int mouseX , int mouseY)",639,642
14,8,112,2,14,"Game::equipmentWeaponIndexAt@644-657@C:\proyecto_code_ia\metricas_realizadas\Prog-Concurrente\2026-PROGC-Q1-M5\Codigo_IA_generado\Sheriffsss\src\SheriffsssPackage\Game.java","C:\proyecto_code_ia\metricas_realizadas\Prog-Concurrente\2026-PROGC-Q1-M5\Codigo_IA_generado\Sheriffsss\src\SheriffsssPackage\Game.java","Game::equipmentWeaponIndexAt","Game::equipmentWeaponIndexAt( int mouseX , int mouseY)",644,657
10,4,88,1,10,"Game::startLocalToolAnimation@659-668@C:\proyecto_code_ia\metricas_realizadas\Prog-Concurrente\2026-PROGC-Q1-M5\Codigo_IA_generado\Sheriffsss\src\SheriffsssPackage\Game.java","C:\proyecto_code_ia\metricas_realizadas\Prog-Concurrente\2026-PROGC-Q1-M5\Codigo_IA_generado\Sheriffsss\src\SheriffsssPackage\Game.java","Game::startLocalToolAnimation","Game::startLocalToolAnimation( ItemDefinition definition)",659,668
13,4,76,1,13,"Game::tickLocalToolAnimation@670-682@C:\proyecto_code_ia\metricas_realizadas\Prog-Concurrente\2026-PROGC-Q1-M5\Codigo_IA_generado\Sheriffsss\src\SheriffsssPackage\Game.java","C:\proyecto_code_ia\metricas_realizadas\Prog-Concurrente\2026-PROGC-Q1-M5\Codigo_IA_generado\Sheriffsss\src\SheriffsssPackage\Game.java","Game::tickLocalToolAnimation","Game::tickLocalToolAnimation( ItemDefinition definition)",670,682
7,1,35,0,7,"Game::resetLocalToolAnimation@684-690@C:\proyecto_code_ia\metricas_realizadas\Prog-Concurrente\2026-PROGC-Q1-M5\Codigo_IA_generado\Sheriffsss\src\SheriffsssPackage\Game.java","C:\proyecto_code_ia\metricas_realizadas\Prog-Concurrente\2026-PROGC-Q1-M5\Codigo_IA_generado\Sheriffsss\src\SheriffsssPackage\Game.java","Game::resetLocalToolAnimation","Game::resetLocalToolAnimation()",684,690
5,3,26,1,5,"Game::updateProjectileWeaponCooldown@692-696@C:\proyecto_code_ia\metricas_realizadas\Prog-Concurrente\2026-PROGC-Q1-M5\Codigo_IA_generado\Sheriffsss\src\SheriffsssPackage\Game.java","C:\proyecto_code_ia\metricas_realizadas\Prog-Concurrente\2026-PROGC-Q1-M5\Codigo_IA_generado\Sheriffsss\src\SheriffsssPackage\Game.java","Game::updateProjectileWeaponCooldown","Game::updateProjectileWeaponCooldown( PlayerRuntimeState runtime)",692,696
64,16,565,5,64,"Game::attemptFireProjectileWeapon@698-761@C:\proyecto_code_ia\metricas_realizadas\Prog-Concurrente\2026-PROGC-Q1-M5\Codigo_IA_generado\Sheriffsss\src\SheriffsssPackage\Game.java","C:\proyecto_code_ia\metricas_realizadas\Prog-Concurrente\2026-PROGC-Q1-M5\Codigo_IA_generado\Sheriffsss\src\SheriffsssPackage\Game.java","Game::attemptFireProjectileWeapon","Game::attemptFireProjectileWeapon( Player sourcePlayer , PlayerRuntimeState runtime , ItemDefinition weapon , int targetWorldX , int targetWorldY)",698,761
8,5,81,3,8,"Game::heldItemOriginWorldX@763-770@C:\proyecto_code_ia\metricas_realizadas\Prog-Concurrente\2026-PROGC-Q1-M5\Codigo_IA_generado\Sheriffsss\src\SheriffsssPackage\Game.java","C:\proyecto_code_ia\metricas_realizadas\Prog-Concurrente\2026-PROGC-Q1-M5\Codigo_IA_generado\Sheriffsss\src\SheriffsssPackage\Game.java","Game::heldItemOriginWorldX","Game::heldItemOriginWorldX( Player sourcePlayer , ItemDefinition definition , Facing facing)",763,770
8,5,81,3,8,"Game::heldItemOriginWorldY@772-779@C:\proyecto_code_ia\metricas_realizadas\Prog-Concurrente\2026-PROGC-Q1-M5\Codigo_IA_generado\Sheriffsss\src\SheriffsssPackage\Game.java","C:\proyecto_code_ia\metricas_realizadas\Prog-Concurrente\2026-PROGC-Q1-M5\Codigo_IA_generado\Sheriffsss\src\SheriffsssPackage\Game.java","Game::heldItemOriginWorldY","Game::heldItemOriginWorldY( Player sourcePlayer , ItemDefinition definition , Facing facing)",772,779
6,2,71,2,6,"Game::rotatedBarrelAnchorOffsetX@781-786@C:\proyecto_code_ia\metricas_realizadas\Prog-Concurrente\2026-PROGC-Q1-M5\Codigo_IA_generado\Sheriffsss\src\SheriffsssPackage\Game.java","C:\proyecto_code_ia\metricas_realizadas\Prog-Concurrente\2026-PROGC-Q1-M5\Codigo_IA_generado\Sheriffsss\src\SheriffsssPackage\Game.java","Game::rotatedBarrelAnchorOffsetX","Game::rotatedBarrelAnchorOffsetX( ItemDefinitionDrawConfig drawConfig , Facing facing)",781,786
6,2,71,2,6,"Game::rotatedBarrelAnchorOffsetY@788-793@C:\proyecto_code_ia\metricas_realizadas\Prog-Concurrente\2026-PROGC-Q1-M5\Codigo_IA_generado\Sheriffsss\src\SheriffsssPackage\Game.java","C:\proyecto_code_ia\metricas_realizadas\Prog-Concurrente\2026-PROGC-Q1-M5\Codigo_IA_generado\Sheriffsss\src\SheriffsssPackage\Game.java","Game::rotatedBarrelAnchorOffsetY","Game::rotatedBarrelAnchorOffsetY( ItemDefinitionDrawConfig drawConfig , Facing facing)",788,793
11,2,124,4,11,"Game::heldItemBarrelAnchorWorldX@795-805@C:\proyecto_code_ia\metricas_realizadas\Prog-Concurrente\2026-PROGC-Q1-M5\Codigo_IA_generado\Sheriffsss\src\SheriffsssPackage\Game.java","C:\proyecto_code_ia\metricas_realizadas\Prog-Concurrente\2026-PROGC-Q1-M5\Codigo_IA_generado\Sheriffsss\src\SheriffsssPackage\Game.java","Game::heldItemBarrelAnchorWorldX","Game::heldItemBarrelAnchorWorldX( Player sourcePlayer , ItemDefinition definition , ItemDefinitionDrawConfig drawConfig , Facing facing)",795,805
11,2,124,4,11,"Game::heldItemBarrelAnchorWorldY@807-817@C:\proyecto_code_ia\metricas_realizadas\Prog-Concurrente\2026-PROGC-Q1-M5\Codigo_IA_generado\Sheriffsss\src\SheriffsssPackage\Game.java","C:\proyecto_code_ia\metricas_realizadas\Prog-Concurrente\2026-PROGC-Q1-M5\Codigo_IA_generado\Sheriffsss\src\SheriffsssPackage\Game.java","Game::heldItemBarrelAnchorWorldY","Game::heldItemBarrelAnchorWorldY( Player sourcePlayer , ItemDefinition definition , ItemDefinitionDrawConfig drawConfig , Facing facing)",807,817
5,1,54,5,5,"Game::rotateX@819-823@C:\proyecto_code_ia\metricas_realizadas\Prog-Concurrente\2026-PROGC-Q1-M5\Codigo_IA_generado\Sheriffsss\src\SheriffsssPackage\Game.java","C:\proyecto_code_ia\metricas_realizadas\Prog-Concurrente\2026-PROGC-Q1-M5\Codigo_IA_generado\Sheriffsss\src\SheriffsssPackage\Game.java","Game::rotateX","Game::rotateX( double x , double y , double centerX , double centerY , double angle)",819,823
5,1,54,5,5,"Game::rotateY@825-829@C:\proyecto_code_ia\metricas_realizadas\Prog-Concurrente\2026-PROGC-Q1-M5\Codigo_IA_generado\Sheriffsss\src\SheriffsssPackage\Game.java","C:\proyecto_code_ia\metricas_realizadas\Prog-Concurrente\2026-PROGC-Q1-M5\Codigo_IA_generado\Sheriffsss\src\SheriffsssPackage\Game.java","Game::rotateY","Game::rotateY( double x , double y , double centerX , double centerY , double angle)",825,829
10,4,54,2,10,"Game::resolveEffectiveAccuracy@831-840@C:\proyecto_code_ia\metricas_realizadas\Prog-Concurrente\2026-PROGC-Q1-M5\Codigo_IA_generado\Sheriffsss\src\SheriffsssPackage\Game.java","C:\proyecto_code_ia\metricas_realizadas\Prog-Concurrente\2026-PROGC-Q1-M5\Codigo_IA_generado\Sheriffsss\src\SheriffsssPackage\Game.java","Game::resolveEffectiveAccuracy","Game::resolveEffectiveAccuracy( Player sourcePlayer , ItemDefinition weapon)",831,840
3,2,22,0,3,"Game::isPlayerMovingForAccuracy@842-844@C:\proyecto_code_ia\metricas_realizadas\Prog-Concurrente\2026-PROGC-Q1-M5\Codigo_IA_generado\Sheriffsss\src\SheriffsssPackage\Game.java","C:\proyecto_code_ia\metricas_realizadas\Prog-Concurrente\2026-PROGC-Q1-M5\Codigo_IA_generado\Sheriffsss\src\SheriffsssPackage\Game.java","Game::isPlayerMovingForAccuracy","Game::isPlayerMovingForAccuracy()",842,844
3,1,24,1,3,"Game::clampAccuracy@846-848@C:\proyecto_code_ia\metricas_realizadas\Prog-Concurrente\2026-PROGC-Q1-M5\Codigo_IA_generado\Sheriffsss\src\SheriffsssPackage\Game.java","C:\proyecto_code_ia\metricas_realizadas\Prog-Concurrente\2026-PROGC-Q1-M5\Codigo_IA_generado\Sheriffsss\src\SheriffsssPackage\Game.java","Game::clampAccuracy","Game::clampAccuracy( double accuracy)",846,848
10,8,101,4,10,"Game::playProjectileWeaponEffects@850-859@C:\proyecto_code_ia\metricas_realizadas\Prog-Concurrente\2026-PROGC-Q1-M5\Codigo_IA_generado\Sheriffsss\src\SheriffsssPackage\Game.java","C:\proyecto_code_ia\metricas_realizadas\Prog-Concurrente\2026-PROGC-Q1-M5\Codigo_IA_generado\Sheriffsss\src\SheriffsssPackage\Game.java","Game::playProjectileWeaponEffects","Game::playProjectileWeaponEffects( ItemDefinition weapon , ProjectileType type , int worldX , int worldY)",850,859
16,5,125,5,16,"Game::playPersistentSpatialSfxOrFallback@861-876@C:\proyecto_code_ia\metricas_realizadas\Prog-Concurrente\2026-PROGC-Q1-M5\Codigo_IA_generado\Sheriffsss\src\SheriffsssPackage\Game.java","C:\proyecto_code_ia\metricas_realizadas\Prog-Concurrente\2026-PROGC-Q1-M5\Codigo_IA_generado\Sheriffsss\src\SheriffsssPackage\Game.java","Game::playPersistentSpatialSfxOrFallback","Game::playPersistentSpatialSfxOrFallback( String resourcePath , String fallbackResourcePath , float gainDb , int sourceWorldX , int sourceWorldY)",861,876
14,6,106,5,14,"Game::playFallbackPersistentSpatialSfx@878-891@C:\proyecto_code_ia\metricas_realizadas\Prog-Concurrente\2026-PROGC-Q1-M5\Codigo_IA_generado\Sheriffsss\src\SheriffsssPackage\Game.java","C:\proyecto_code_ia\metricas_realizadas\Prog-Concurrente\2026-PROGC-Q1-M5\Codigo_IA_generado\Sheriffsss\src\SheriffsssPackage\Game.java","Game::playFallbackPersistentSpatialSfx","Game::playFallbackPersistentSpatialSfx( String failedResourcePath , String fallbackResourcePath , float gainDb , int sourceWorldX , int sourceWorldY)",878,891
6,2,47,4,6,"Game::playPersistentSpatialSfx@893-898@C:\proyecto_code_ia\metricas_realizadas\Prog-Concurrente\2026-PROGC-Q1-M5\Codigo_IA_generado\Sheriffsss\src\SheriffsssPackage\Game.java","C:\proyecto_code_ia\metricas_realizadas\Prog-Concurrente\2026-PROGC-Q1-M5\Codigo_IA_generado\Sheriffsss\src\SheriffsssPackage\Game.java","Game::playPersistentSpatialSfx","Game::playPersistentSpatialSfx( String resourcePath , float gainDb , int sourceWorldX , int sourceWorldY)",893,898
20,6,161,2,20,"Game::spatialSfxVolumeScale@900-919@C:\proyecto_code_ia\metricas_realizadas\Prog-Concurrente\2026-PROGC-Q1-M5\Codigo_IA_generado\Sheriffsss\src\SheriffsssPackage\Game.java","C:\proyecto_code_ia\metricas_realizadas\Prog-Concurrente\2026-PROGC-Q1-M5\Codigo_IA_generado\Sheriffsss\src\SheriffsssPackage\Game.java","Game::spatialSfxVolumeScale","Game::spatialSfxVolumeScale( int sourceWorldX , int sourceWorldY)",900,919
5,1,28,2,5,"Game::triggerRevolverFlash@921-925@C:\proyecto_code_ia\metricas_realizadas\Prog-Concurrente\2026-PROGC-Q1-M5\Codigo_IA_generado\Sheriffsss\src\SheriffsssPackage\Game.java","C:\proyecto_code_ia\metricas_realizadas\Prog-Concurrente\2026-PROGC-Q1-M5\Codigo_IA_generado\Sheriffsss\src\SheriffsssPackage\Game.java","Game::triggerRevolverFlash","Game::triggerRevolverFlash( int worldX , int worldY)",921,925
5,2,20,0,5,"Game::updateRevolverFlash@927-931@C:\proyecto_code_ia\metricas_realizadas\Prog-Concurrente\2026-PROGC-Q1-M5\Codigo_IA_generado\Sheriffsss\src\SheriffsssPackage\Game.java","C:\proyecto_code_ia\metricas_realizadas\Prog-Concurrente\2026-PROGC-Q1-M5\Codigo_IA_generado\Sheriffsss\src\SheriffsssPackage\Game.java","Game::updateRevolverFlash","Game::updateRevolverFlash()",927,931
8,3,35,0,8,"Game::updateShotFeedback@933-940@C:\proyecto_code_ia\metricas_realizadas\Prog-Concurrente\2026-PROGC-Q1-M5\Codigo_IA_generado\Sheriffsss\src\SheriffsssPackage\Game.java","C:\proyecto_code_ia\metricas_realizadas\Prog-Concurrente\2026-PROGC-Q1-M5\Codigo_IA_generado\Sheriffsss\src\SheriffsssPackage\Game.java","Game::updateShotFeedback","Game::updateShotFeedback()",933,940
24,8,171,1,24,"Game::facingVector@942-965@C:\proyecto_code_ia\metricas_realizadas\Prog-Concurrente\2026-PROGC-Q1-M5\Codigo_IA_generado\Sheriffsss\src\SheriffsssPackage\Game.java","C:\proyecto_code_ia\metricas_realizadas\Prog-Concurrente\2026-PROGC-Q1-M5\Codigo_IA_generado\Sheriffsss\src\SheriffsssPackage\Game.java","Game::facingVector","Game::facingVector( Facing facing)",942,965
25,15,158,2,25,"Game::facingFromDelta@967-991@C:\proyecto_code_ia\metricas_realizadas\Prog-Concurrente\2026-PROGC-Q1-M5\Codigo_IA_generado\Sheriffsss\src\SheriffsssPackage\Game.java","C:\proyecto_code_ia\metricas_realizadas\Prog-Concurrente\2026-PROGC-Q1-M5\Codigo_IA_generado\Sheriffsss\src\SheriffsssPackage\Game.java","Game::facingFromDelta","Game::facingFromDelta( double deltaX , double deltaY)",967,991
8,2,50,0,8,"Game::updateProjectiles@993-1000@C:\proyecto_code_ia\metricas_realizadas\Prog-Concurrente\2026-PROGC-Q1-M5\Codigo_IA_generado\Sheriffsss\src\SheriffsssPackage\Game.java","C:\proyecto_code_ia\metricas_realizadas\Prog-Concurrente\2026-PROGC-Q1-M5\Codigo_IA_generado\Sheriffsss\src\SheriffsssPackage\Game.java","Game::updateProjectiles","Game::updateProjectiles()",993,1000
8,2,82,0,8,"Game::playEnemyHitSounds@1002-1009@C:\proyecto_code_ia\metricas_realizadas\Prog-Concurrente\2026-PROGC-Q1-M5\Codigo_IA_generado\Sheriffsss\src\SheriffsssPackage\Game.java","C:\proyecto_code_ia\metricas_realizadas\Prog-Concurrente\2026-PROGC-Q1-M5\Codigo_IA_generado\Sheriffsss\src\SheriffsssPackage\Game.java","Game::playEnemyHitSounds","Game::playEnemyHitSounds()",1002,1009
6,3,35,2,6,"Game::normalizedMoveScale@1011-1016@C:\proyecto_code_ia\metricas_realizadas\Prog-Concurrente\2026-PROGC-Q1-M5\Codigo_IA_generado\Sheriffsss\src\SheriffsssPackage\Game.java","C:\proyecto_code_ia\metricas_realizadas\Prog-Concurrente\2026-PROGC-Q1-M5\Codigo_IA_generado\Sheriffsss\src\SheriffsssPackage\Game.java","Game::normalizedMoveScale","Game::normalizedMoveScale( int moveX , int moveY)",1011,1016
6,2,29,0,6,"Game::clearToolTarget@1019-1024@C:\proyecto_code_ia\metricas_realizadas\Prog-Concurrente\2026-PROGC-Q1-M5\Codigo_IA_generado\Sheriffsss\src\SheriffsssPackage\Game.java","C:\proyecto_code_ia\metricas_realizadas\Prog-Concurrente\2026-PROGC-Q1-M5\Codigo_IA_generado\Sheriffsss\src\SheriffsssPackage\Game.java","Game::clearToolTarget","Game::clearToolTarget()",1019,1024
52,18,261,0,52,"Game::updateSettings@1026-1077@C:\proyecto_code_ia\metricas_realizadas\Prog-Concurrente\2026-PROGC-Q1-M5\Codigo_IA_generado\Sheriffsss\src\SheriffsssPackage\Game.java","C:\proyecto_code_ia\metricas_realizadas\Prog-Concurrente\2026-PROGC-Q1-M5\Codigo_IA_generado\Sheriffsss\src\SheriffsssPackage\Game.java","Game::updateSettings","Game::updateSettings()",1026,1077
36,15,238,0,36,"Game::updateMenuSettings@1079-1114@C:\proyecto_code_ia\metricas_realizadas\Prog-Concurrente\2026-PROGC-Q1-M5\Codigo_IA_generado\Sheriffsss\src\SheriffsssPackage\Game.java","C:\proyecto_code_ia\metricas_realizadas\Prog-Concurrente\2026-PROGC-Q1-M5\Codigo_IA_generado\Sheriffsss\src\SheriffsssPackage\Game.java","Game::updateMenuSettings","Game::updateMenuSettings()",1079,1114
3,1,28,0,3,"Game::isMusicSliderHovered@1116-1118@C:\proyecto_code_ia\metricas_realizadas\Prog-Concurrente\2026-PROGC-Q1-M5\Codigo_IA_generado\Sheriffsss\src\SheriffsssPackage\Game.java","C:\proyecto_code_ia\metricas_realizadas\Prog-Concurrente\2026-PROGC-Q1-M5\Codigo_IA_generado\Sheriffsss\src\SheriffsssPackage\Game.java","Game::isMusicSliderHovered","Game::isMusicSliderHovered()",1116,1118
3,1,28,0,3,"Game::isSfxSliderHovered@1120-1122@C:\proyecto_code_ia\metricas_realizadas\Prog-Concurrente\2026-PROGC-Q1-M5\Codigo_IA_generado\Sheriffsss\src\SheriffsssPackage\Game.java","C:\proyecto_code_ia\metricas_realizadas\Prog-Concurrente\2026-PROGC-Q1-M5\Codigo_IA_generado\Sheriffsss\src\SheriffsssPackage\Game.java","Game::isSfxSliderHovered","Game::isSfxSliderHovered()",1120,1122
3,1,28,0,3,"Game::isResolutionSliderHovered@1124-1126@C:\proyecto_code_ia\metricas_realizadas\Prog-Concurrente\2026-PROGC-Q1-M5\Codigo_IA_generado\Sheriffsss\src\SheriffsssPackage\Game.java","C:\proyecto_code_ia\metricas_realizadas\Prog-Concurrente\2026-PROGC-Q1-M5\Codigo_IA_generado\Sheriffsss\src\SheriffsssPackage\Game.java","Game::isResolutionSliderHovered","Game::isResolutionSliderHovered()",1124,1126
3,1,28,0,3,"Game::isFullscreenButtonHovered@1128-1130@C:\proyecto_code_ia\metricas_realizadas\Prog-Concurrente\2026-PROGC-Q1-M5\Codigo_IA_generado\Sheriffsss\src\SheriffsssPackage\Game.java","C:\proyecto_code_ia\metricas_realizadas\Prog-Concurrente\2026-PROGC-Q1-M5\Codigo_IA_generado\Sheriffsss\src\SheriffsssPackage\Game.java","Game::isFullscreenButtonHovered","Game::isFullscreenButtonHovered()",1128,1130
5,2,32,0,5,"Game::isDebugSettingsButtonHovered@1132-1136@C:\proyecto_code_ia\metricas_realizadas\Prog-Concurrente\2026-PROGC-Q1-M5\Codigo_IA_generado\Sheriffsss\src\SheriffsssPackage\Game.java","C:\proyecto_code_ia\metricas_realizadas\Prog-Concurrente\2026-PROGC-Q1-M5\Codigo_IA_generado\Sheriffsss\src\SheriffsssPackage\Game.java","Game::isDebugSettingsButtonHovered","Game::isDebugSettingsButtonHovered()",1132,1136
3,1,10,0,3,"Game::settingsDebugButtonX@1138-1140@C:\proyecto_code_ia\metricas_realizadas\Prog-Concurrente\2026-PROGC-Q1-M5\Codigo_IA_generado\Sheriffsss\src\SheriffsssPackage\Game.java","C:\proyecto_code_ia\metricas_realizadas\Prog-Concurrente\2026-PROGC-Q1-M5\Codigo_IA_generado\Sheriffsss\src\SheriffsssPackage\Game.java","Game::settingsDebugButtonX","Game::settingsDebugButtonX()",1138,1140
3,1,28,0,3,"Game::isResumeButtonHovered@1142-1144@C:\proyecto_code_ia\metricas_realizadas\Prog-Concurrente\2026-PROGC-Q1-M5\Codigo_IA_generado\Sheriffsss\src\SheriffsssPackage\Game.java","C:\proyecto_code_ia\metricas_realizadas\Prog-Concurrente\2026-PROGC-Q1-M5\Codigo_IA_generado\Sheriffsss\src\SheriffsssPackage\Game.java","Game::isResumeButtonHovered","Game::isResumeButtonHovered()",1142,1144
3,1,28,0,3,"Game::isExitToMenuButtonHovered@1146-1148@C:\proyecto_code_ia\metricas_realizadas\Prog-Concurrente\2026-PROGC-Q1-M5\Codigo_IA_generado\Sheriffsss\src\SheriffsssPackage\Game.java","C:\proyecto_code_ia\metricas_realizadas\Prog-Concurrente\2026-PROGC-Q1-M5\Codigo_IA_generado\Sheriffsss\src\SheriffsssPackage\Game.java","Game::isExitToMenuButtonHovered","Game::isExitToMenuButtonHovered()",1146,1148
3,1,28,0,3,"Game::isQuitButtonHovered@1150-1152@C:\proyecto_code_ia\metricas_realizadas\Prog-Concurrente\2026-PROGC-Q1-M5\Codigo_IA_generado\Sheriffsss\src\SheriffsssPackage\Game.java","C:\proyecto_code_ia\metricas_realizadas\Prog-Concurrente\2026-PROGC-Q1-M5\Codigo_IA_generado\Sheriffsss\src\SheriffsssPackage\Game.java","Game::isQuitButtonHovered","Game::isQuitButtonHovered()",1150,1152
4,4,61,4,4,"Game::isPointInside@1154-1157@C:\proyecto_code_ia\metricas_realizadas\Prog-Concurrente\2026-PROGC-Q1-M5\Codigo_IA_generado\Sheriffsss\src\SheriffsssPackage\Game.java","C:\proyecto_code_ia\metricas_realizadas\Prog-Concurrente\2026-PROGC-Q1-M5\Codigo_IA_generado\Sheriffsss\src\SheriffsssPackage\Game.java","Game::isPointInside","Game::isPointInside( int x , int y , int width , int height)",1154,1157
3,1,41,0,3,"Game::sliderValueFromMouse@1159-1161@C:\proyecto_code_ia\metricas_realizadas\Prog-Concurrente\2026-PROGC-Q1-M5\Codigo_IA_generado\Sheriffsss\src\SheriffsssPackage\Game.java","C:\proyecto_code_ia\metricas_realizadas\Prog-Concurrente\2026-PROGC-Q1-M5\Codigo_IA_generado\Sheriffsss\src\SheriffsssPackage\Game.java","Game::sliderValueFromMouse","Game::sliderValueFromMouse()",1159,1161
5,1,53,0,5,"Game::setWindowResolutionFromSlider@1163-1167@C:\proyecto_code_ia\metricas_realizadas\Prog-Concurrente\2026-PROGC-Q1-M5\Codigo_IA_generado\Sheriffsss\src\SheriffsssPackage\Game.java","C:\proyecto_code_ia\metricas_realizadas\Prog-Concurrente\2026-PROGC-Q1-M5\Codigo_IA_generado\Sheriffsss\src\SheriffsssPackage\Game.java","Game::setWindowResolutionFromSlider","Game::setWindowResolutionFromSlider()",1163,1167
6,2,39,0,6,"Game::settingsSliderInteractionX@1169-1174@C:\proyecto_code_ia\metricas_realizadas\Prog-Concurrente\2026-PROGC-Q1-M5\Codigo_IA_generado\Sheriffsss\src\SheriffsssPackage\Game.java","C:\proyecto_code_ia\metricas_realizadas\Prog-Concurrente\2026-PROGC-Q1-M5\Codigo_IA_generado\Sheriffsss\src\SheriffsssPackage\Game.java","Game::settingsSliderInteractionX","Game::settingsSliderInteractionX()",1169,1174
6,2,36,1,6,"Game::settingsSliderInteractionY@1176-1181@C:\proyecto_code_ia\metricas_realizadas\Prog-Concurrente\2026-PROGC-Q1-M5\Codigo_IA_generado\Sheriffsss\src\SheriffsssPackage\Game.java","C:\proyecto_code_ia\metricas_realizadas\Prog-Concurrente\2026-PROGC-Q1-M5\Codigo_IA_generado\Sheriffsss\src\SheriffsssPackage\Game.java","Game::settingsSliderInteractionY","Game::settingsSliderInteractionY( int baseY)",1176,1181
3,1,14,1,3,"Game::settingsOverlayY@1183-1185@C:\proyecto_code_ia\metricas_realizadas\Prog-Concurrente\2026-PROGC-Q1-M5\Codigo_IA_generado\Sheriffsss\src\SheriffsssPackage\Game.java","C:\proyecto_code_ia\metricas_realizadas\Prog-Concurrente\2026-PROGC-Q1-M5\Codigo_IA_generado\Sheriffsss\src\SheriffsssPackage\Game.java","Game::settingsOverlayY","Game::settingsOverlayY( int baseY)",1183,1185
3,3,24,0,3,"Game::settingsOverlayOffsetY@1187-1189@C:\proyecto_code_ia\metricas_realizadas\Prog-Concurrente\2026-PROGC-Q1-M5\Codigo_IA_generado\Sheriffsss\src\SheriffsssPackage\Game.java","C:\proyecto_code_ia\metricas_realizadas\Prog-Concurrente\2026-PROGC-Q1-M5\Codigo_IA_generado\Sheriffsss\src\SheriffsssPackage\Game.java","Game::settingsOverlayOffsetY","Game::settingsOverlayOffsetY()",1187,1189
3,1,32,1,3,"Game::screenToWorldX@1191-1193@C:\proyecto_code_ia\metricas_realizadas\Prog-Concurrente\2026-PROGC-Q1-M5\Codigo_IA_generado\Sheriffsss\src\SheriffsssPackage\Game.java","C:\proyecto_code_ia\metricas_realizadas\Prog-Concurrente\2026-PROGC-Q1-M5\Codigo_IA_generado\Sheriffsss\src\SheriffsssPackage\Game.java","Game::screenToWorldX","Game::screenToWorldX( int screenX)",1191,1193
3,1,32,1,3,"Game::screenToWorldY@1195-1197@C:\proyecto_code_ia\metricas_realizadas\Prog-Concurrente\2026-PROGC-Q1-M5\Codigo_IA_generado\Sheriffsss\src\SheriffsssPackage\Game.java","C:\proyecto_code_ia\metricas_realizadas\Prog-Concurrente\2026-PROGC-Q1-M5\Codigo_IA_generado\Sheriffsss\src\SheriffsssPackage\Game.java","Game::screenToWorldY","Game::screenToWorldY( int screenY)",1195,1197
12,7,101,0,12,"Game::updateCameraZoomInput@1199-1210@C:\proyecto_code_ia\metricas_realizadas\Prog-Concurrente\2026-PROGC-Q1-M5\Codigo_IA_generado\Sheriffsss\src\SheriffsssPackage\Game.java","C:\proyecto_code_ia\metricas_realizadas\Prog-Concurrente\2026-PROGC-Q1-M5\Codigo_IA_generado\Sheriffsss\src\SheriffsssPackage\Game.java","Game::updateCameraZoomInput","Game::updateCameraZoomInput()",1199,1210
3,1,31,1,3,"Game::setCameraZoom@1212-1214@C:\proyecto_code_ia\metricas_realizadas\Prog-Concurrente\2026-PROGC-Q1-M5\Codigo_IA_generado\Sheriffsss\src\SheriffsssPackage\Game.java","C:\proyecto_code_ia\metricas_realizadas\Prog-Concurrente\2026-PROGC-Q1-M5\Codigo_IA_generado\Sheriffsss\src\SheriffsssPackage\Game.java","Game::setCameraZoom","Game::setCameraZoom( double cameraZoom)",1212,1214
15,1,91,0,15,"Game::returnToMenu@1216-1230@C:\proyecto_code_ia\metricas_realizadas\Prog-Concurrente\2026-PROGC-Q1-M5\Codigo_IA_generado\Sheriffsss\src\SheriffsssPackage\Game.java","C:\proyecto_code_ia\metricas_realizadas\Prog-Concurrente\2026-PROGC-Q1-M5\Codigo_IA_generado\Sheriffsss\src\SheriffsssPackage\Game.java","Game::returnToMenu","Game::returnToMenu()",1216,1230
6,1,29,0,6,"Game::openMenuSettings@1232-1237@C:\proyecto_code_ia\metricas_realizadas\Prog-Concurrente\2026-PROGC-Q1-M5\Codigo_IA_generado\Sheriffsss\src\SheriffsssPackage\Game.java","C:\proyecto_code_ia\metricas_realizadas\Prog-Concurrente\2026-PROGC-Q1-M5\Codigo_IA_generado\Sheriffsss\src\SheriffsssPackage\Game.java","Game::openMenuSettings","Game::openMenuSettings()",1232,1237
6,1,29,0,6,"Game::closeMenuSettings@1239-1244@C:\proyecto_code_ia\metricas_realizadas\Prog-Concurrente\2026-PROGC-Q1-M5\Codigo_IA_generado\Sheriffsss\src\SheriffsssPackage\Game.java","C:\proyecto_code_ia\metricas_realizadas\Prog-Concurrente\2026-PROGC-Q1-M5\Codigo_IA_generado\Sheriffsss\src\SheriffsssPackage\Game.java","Game::closeMenuSettings","Game::closeMenuSettings()",1239,1244
12,2,59,0,12,"Game::shutdown@1246-1257@C:\proyecto_code_ia\metricas_realizadas\Prog-Concurrente\2026-PROGC-Q1-M5\Codigo_IA_generado\Sheriffsss\src\SheriffsssPackage\Game.java","C:\proyecto_code_ia\metricas_realizadas\Prog-Concurrente\2026-PROGC-Q1-M5\Codigo_IA_generado\Sheriffsss\src\SheriffsssPackage\Game.java","Game::shutdown","Game::shutdown()",1246,1257
4,1,16,0,4,"Game::shutdownApplication@1259-1262@C:\proyecto_code_ia\metricas_realizadas\Prog-Concurrente\2026-PROGC-Q1-M5\Codigo_IA_generado\Sheriffsss\src\SheriffsssPackage\Game.java","C:\proyecto_code_ia\metricas_realizadas\Prog-Concurrente\2026-PROGC-Q1-M5\Codigo_IA_generado\Sheriffsss\src\SheriffsssPackage\Game.java","Game::shutdownApplication","Game::shutdownApplication()",1259,1262
18,5,88,0,18,"Game::updateMusic@1264-1281@C:\proyecto_code_ia\metricas_realizadas\Prog-Concurrente\2026-PROGC-Q1-M5\Codigo_IA_generado\Sheriffsss\src\SheriffsssPackage\Game.java","C:\proyecto_code_ia\metricas_realizadas\Prog-Concurrente\2026-PROGC-Q1-M5\Codigo_IA_generado\Sheriffsss\src\SheriffsssPackage\Game.java","Game::updateMusic","Game::updateMusic()",1264,1281
12,7,73,0,12,"Game::desiredMusicPath@1283-1294@C:\proyecto_code_ia\metricas_realizadas\Prog-Concurrente\2026-PROGC-Q1-M5\Codigo_IA_generado\Sheriffsss\src\SheriffsssPackage\Game.java","C:\proyecto_code_ia\metricas_realizadas\Prog-Concurrente\2026-PROGC-Q1-M5\Codigo_IA_generado\Sheriffsss\src\SheriffsssPackage\Game.java","Game::desiredMusicPath","Game::desiredMusicPath()",1283,1294
26,21,209,0,26,"Game::updateCursor@1296-1321@C:\proyecto_code_ia\metricas_realizadas\Prog-Concurrente\2026-PROGC-Q1-M5\Codigo_IA_generado\Sheriffsss\src\SheriffsssPackage\Game.java","C:\proyecto_code_ia\metricas_realizadas\Prog-Concurrente\2026-PROGC-Q1-M5\Codigo_IA_generado\Sheriffsss\src\SheriffsssPackage\Game.java","Game::updateCursor","Game::updateCursor()",1296,1321
3,1,10,0,3,"Game::getFrameCount@1323-1325@C:\proyecto_code_ia\metricas_realizadas\Prog-Concurrente\2026-PROGC-Q1-M5\Codigo_IA_generado\Sheriffsss\src\SheriffsssPackage\Game.java","C:\proyecto_code_ia\metricas_realizadas\Prog-Concurrente\2026-PROGC-Q1-M5\Codigo_IA_generado\Sheriffsss\src\SheriffsssPackage\Game.java","Game::getFrameCount","Game::getFrameCount()",1323,1325
3,1,10,0,3,"Game::getDayNightCycle@1327-1329@C:\proyecto_code_ia\metricas_realizadas\Prog-Concurrente\2026-PROGC-Q1-M5\Codigo_IA_generado\Sheriffsss\src\SheriffsssPackage\Game.java","C:\proyecto_code_ia\metricas_realizadas\Prog-Concurrente\2026-PROGC-Q1-M5\Codigo_IA_generado\Sheriffsss\src\SheriffsssPackage\Game.java","Game::getDayNightCycle","Game::getDayNightCycle()",1327,1329
7,3,42,0,7,"Game::updateInfoMessages@1331-1337@C:\proyecto_code_ia\metricas_realizadas\Prog-Concurrente\2026-PROGC-Q1-M5\Codigo_IA_generado\Sheriffsss\src\SheriffsssPackage\Game.java","C:\proyecto_code_ia\metricas_realizadas\Prog-Concurrente\2026-PROGC-Q1-M5\Codigo_IA_generado\Sheriffsss\src\SheriffsssPackage\Game.java","Game::updateInfoMessages","Game::updateInfoMessages()",1331,1337
3,1,11,0,3,"Game::resetDeathSpectatorState@1339-1341@C:\proyecto_code_ia\metricas_realizadas\Prog-Concurrente\2026-PROGC-Q1-M5\Codigo_IA_generado\Sheriffsss\src\SheriffsssPackage\Game.java","C:\proyecto_code_ia\metricas_realizadas\Prog-Concurrente\2026-PROGC-Q1-M5\Codigo_IA_generado\Sheriffsss\src\SheriffsssPackage\Game.java","Game::resetDeathSpectatorState","Game::resetDeathSpectatorState()",1339,1341
8,2,37,1,8,"Game::hashString@1343-1350@C:\proyecto_code_ia\metricas_realizadas\Prog-Concurrente\2026-PROGC-Q1-M5\Codigo_IA_generado\Sheriffsss\src\SheriffsssPackage\Game.java","C:\proyecto_code_ia\metricas_realizadas\Prog-Concurrente\2026-PROGC-Q1-M5\Codigo_IA_generado\Sheriffsss\src\SheriffsssPackage\Game.java","Game::hashString","Game::hashString( String value)",1343,1350
10,3,50,0,10,"Game::consumePrimaryGameplayClick@1352-1361@C:\proyecto_code_ia\metricas_realizadas\Prog-Concurrente\2026-PROGC-Q1-M5\Codigo_IA_generado\Sheriffsss\src\SheriffsssPackage\Game.java","C:\proyecto_code_ia\metricas_realizadas\Prog-Concurrente\2026-PROGC-Q1-M5\Codigo_IA_generado\Sheriffsss\src\SheriffsssPackage\Game.java","Game::consumePrimaryGameplayClick","Game::consumePrimaryGameplayClick()",1352,1361
9,3,45,0,9,"Game::isPrimaryGameplayHeld@1363-1371@C:\proyecto_code_ia\metricas_realizadas\Prog-Concurrente\2026-PROGC-Q1-M5\Codigo_IA_generado\Sheriffsss\src\SheriffsssPackage\Game.java","C:\proyecto_code_ia\metricas_realizadas\Prog-Concurrente\2026-PROGC-Q1-M5\Codigo_IA_generado\Sheriffsss\src\SheriffsssPackage\Game.java","Game::isPrimaryGameplayHeld","Game::isPrimaryGameplayHeld()",1363,1371
9,3,51,1,9,"Game::resumeFromSettings@1373-1381@C:\proyecto_code_ia\metricas_realizadas\Prog-Concurrente\2026-PROGC-Q1-M5\Codigo_IA_generado\Sheriffsss\src\SheriffsssPackage\Game.java","C:\proyecto_code_ia\metricas_realizadas\Prog-Concurrente\2026-PROGC-Q1-M5\Codigo_IA_generado\Sheriffsss\src\SheriffsssPackage\Game.java","Game::resumeFromSettings","Game::resumeFromSettings( boolean blockPrimaryGameplay)",1373,1381
4,1,23,0,4,"Game::beginDisplaySettingsEdit@1383-1386@C:\proyecto_code_ia\metricas_realizadas\Prog-Concurrente\2026-PROGC-Q1-M5\Codigo_IA_generado\Sheriffsss\src\SheriffsssPackage\Game.java","C:\proyecto_code_ia\metricas_realizadas\Prog-Concurrente\2026-PROGC-Q1-M5\Codigo_IA_generado\Sheriffsss\src\SheriffsssPackage\Game.java","Game::beginDisplaySettingsEdit","Game::beginDisplaySettingsEdit()",1383,1386
1,1,10,0,1,"(anonymous)::run@1399-1399@C:\proyecto_code_ia\metricas_realizadas\Prog-Concurrente\2026-PROGC-Q1-M5\Codigo_IA_generado\Sheriffsss\src\SheriffsssPackage\Game.java","C:\proyecto_code_ia\metricas_realizadas\Prog-Concurrente\2026-PROGC-Q1-M5\Codigo_IA_generado\Sheriffsss\src\SheriffsssPackage\Game.java","(anonymous)::run","Game::Game::applyPendingDisplaySettings.run()",1399,1399
1,1,9,0,1,"(anonymous)::run@1401-1401@C:\proyecto_code_ia\metricas_realizadas\Prog-Concurrente\2026-PROGC-Q1-M5\Codigo_IA_generado\Sheriffsss\src\SheriffsssPackage\Game.java","C:\proyecto_code_ia\metricas_realizadas\Prog-Concurrente\2026-PROGC-Q1-M5\Codigo_IA_generado\Sheriffsss\src\SheriffsssPackage\Game.java","(anonymous)::run","Game::Game::applyPendingDisplaySettings.run()",1401,1401
16,4,132,0,16,"Game::applyPendingDisplaySettings@1388-1403@C:\proyecto_code_ia\metricas_realizadas\Prog-Concurrente\2026-PROGC-Q1-M5\Codigo_IA_generado\Sheriffsss\src\SheriffsssPackage\Game.java","C:\proyecto_code_ia\metricas_realizadas\Prog-Concurrente\2026-PROGC-Q1-M5\Codigo_IA_generado\Sheriffsss\src\SheriffsssPackage\Game.java","Game::applyPendingDisplaySettings","Game::applyPendingDisplaySettings()",1388,1403
4,1,29,1,4,"Game::setMusicVolume@1405-1408@C:\proyecto_code_ia\metricas_realizadas\Prog-Concurrente\2026-PROGC-Q1-M5\Codigo_IA_generado\Sheriffsss\src\SheriffsssPackage\Game.java","C:\proyecto_code_ia\metricas_realizadas\Prog-Concurrente\2026-PROGC-Q1-M5\Codigo_IA_generado\Sheriffsss\src\SheriffsssPackage\Game.java","Game::setMusicVolume","Game::setMusicVolume( double volume)",1405,1408
4,1,29,1,4,"Game::setSfxVolume@1410-1413@C:\proyecto_code_ia\metricas_realizadas\Prog-Concurrente\2026-PROGC-Q1-M5\Codigo_IA_generado\Sheriffsss\src\SheriffsssPackage\Game.java","C:\proyecto_code_ia\metricas_realizadas\Prog-Concurrente\2026-PROGC-Q1-M5\Codigo_IA_generado\Sheriffsss\src\SheriffsssPackage\Game.java","Game::setSfxVolume","Game::setSfxVolume( double volume)",1410,1413
1,1,10,0,1,"Game::getAssets@1415-1415@C:\proyecto_code_ia\metricas_realizadas\Prog-Concurrente\2026-PROGC-Q1-M5\Codigo_IA_generado\Sheriffsss\src\SheriffsssPackage\Game.java","C:\proyecto_code_ia\metricas_realizadas\Prog-Concurrente\2026-PROGC-Q1-M5\Codigo_IA_generado\Sheriffsss\src\SheriffsssPackage\Game.java","Game::getAssets","Game::getAssets()",1415,1415
1,1,10,0,1,"Game::getAudio@1416-1416@C:\proyecto_code_ia\metricas_realizadas\Prog-Concurrente\2026-PROGC-Q1-M5\Codigo_IA_generado\Sheriffsss\src\SheriffsssPackage\Game.java","C:\proyecto_code_ia\metricas_realizadas\Prog-Concurrente\2026-PROGC-Q1-M5\Codigo_IA_generado\Sheriffsss\src\SheriffsssPackage\Game.java","Game::getAudio","Game::getAudio()",1416,1416
1,1,10,0,1,"Game::getInput@1417-1417@C:\proyecto_code_ia\metricas_realizadas\Prog-Concurrente\2026-PROGC-Q1-M5\Codigo_IA_generado\Sheriffsss\src\SheriffsssPackage\Game.java","C:\proyecto_code_ia\metricas_realizadas\Prog-Concurrente\2026-PROGC-Q1-M5\Codigo_IA_generado\Sheriffsss\src\SheriffsssPackage\Game.java","Game::getInput","Game::getInput()",1417,1417
1,1,10,0,1,"Game::getDebugOptions@1418-1418@C:\proyecto_code_ia\metricas_realizadas\Prog-Concurrente\2026-PROGC-Q1-M5\Codigo_IA_generado\Sheriffsss\src\SheriffsssPackage\Game.java","C:\proyecto_code_ia\metricas_realizadas\Prog-Concurrente\2026-PROGC-Q1-M5\Codigo_IA_generado\Sheriffsss\src\SheriffsssPackage\Game.java","Game::getDebugOptions","Game::getDebugOptions()",1418,1418
1,1,10,0,1,"Game::getState@1419-1419@C:\proyecto_code_ia\metricas_realizadas\Prog-Concurrente\2026-PROGC-Q1-M5\Codigo_IA_generado\Sheriffsss\src\SheriffsssPackage\Game.java","C:\proyecto_code_ia\metricas_realizadas\Prog-Concurrente\2026-PROGC-Q1-M5\Codigo_IA_generado\Sheriffsss\src\SheriffsssPackage\Game.java","Game::getState","Game::getState()",1419,1419
1,1,10,0,1,"Game::getMap@1420-1420@C:\proyecto_code_ia\metricas_realizadas\Prog-Concurrente\2026-PROGC-Q1-M5\Codigo_IA_generado\Sheriffsss\src\SheriffsssPackage\Game.java","C:\proyecto_code_ia\metricas_realizadas\Prog-Concurrente\2026-PROGC-Q1-M5\Codigo_IA_generado\Sheriffsss\src\SheriffsssPackage\Game.java","Game::getMap","Game::getMap()",1420,1420
1,1,10,0,1,"Game::getPlayer@1421-1421@C:\proyecto_code_ia\metricas_realizadas\Prog-Concurrente\2026-PROGC-Q1-M5\Codigo_IA_generado\Sheriffsss\src\SheriffsssPackage\Game.java","C:\proyecto_code_ia\metricas_realizadas\Prog-Concurrente\2026-PROGC-Q1-M5\Codigo_IA_generado\Sheriffsss\src\SheriffsssPackage\Game.java","Game::getPlayer","Game::getPlayer()",1421,1421
1,2,24,0,1,"Game::getCameraCenterWorldX@1422-1422@C:\proyecto_code_ia\metricas_realizadas\Prog-Concurrente\2026-PROGC-Q1-M5\Codigo_IA_generado\Sheriffsss\src\SheriffsssPackage\Game.java","C:\proyecto_code_ia\metricas_realizadas\Prog-Concurrente\2026-PROGC-Q1-M5\Codigo_IA_generado\Sheriffsss\src\SheriffsssPackage\Game.java","Game::getCameraCenterWorldX","Game::getCameraCenterWorldX()",1422,1422
1,2,24,0,1,"Game::getCameraCenterWorldY@1423-1423@C:\proyecto_code_ia\metricas_realizadas\Prog-Concurrente\2026-PROGC-Q1-M5\Codigo_IA_generado\Sheriffsss\src\SheriffsssPackage\Game.java","C:\proyecto_code_ia\metricas_realizadas\Prog-Concurrente\2026-PROGC-Q1-M5\Codigo_IA_generado\Sheriffsss\src\SheriffsssPackage\Game.java","Game::getCameraCenterWorldY","Game::getCameraCenterWorldY()",1423,1423
1,1,10,0,1,"Game::getCameraZoom@1424-1424@C:\proyecto_code_ia\metricas_realizadas\Prog-Concurrente\2026-PROGC-Q1-M5\Codigo_IA_generado\Sheriffsss\src\SheriffsssPackage\Game.java","C:\proyecto_code_ia\metricas_realizadas\Prog-Concurrente\2026-PROGC-Q1-M5\Codigo_IA_generado\Sheriffsss\src\SheriffsssPackage\Game.java","Game::getCameraZoom","Game::getCameraZoom()",1424,1424
1,1,8,0,1,"Game::isSpectating@1425-1425@C:\proyecto_code_ia\metricas_realizadas\Prog-Concurrente\2026-PROGC-Q1-M5\Codigo_IA_generado\Sheriffsss\src\SheriffsssPackage\Game.java","C:\proyecto_code_ia\metricas_realizadas\Prog-Concurrente\2026-PROGC-Q1-M5\Codigo_IA_generado\Sheriffsss\src\SheriffsssPackage\Game.java","Game::isSpectating","Game::isSpectating()",1425,1425
1,1,14,0,1,"Game::getEnemies@1426-1426@C:\proyecto_code_ia\metricas_realizadas\Prog-Concurrente\2026-PROGC-Q1-M5\Codigo_IA_generado\Sheriffsss\src\SheriffsssPackage\Game.java","C:\proyecto_code_ia\metricas_realizadas\Prog-Concurrente\2026-PROGC-Q1-M5\Codigo_IA_generado\Sheriffsss\src\SheriffsssPackage\Game.java","Game::getEnemies","Game::getEnemies()",1426,1426
1,1,14,0,1,"Game::getProjectiles@1427-1427@C:\proyecto_code_ia\metricas_realizadas\Prog-Concurrente\2026-PROGC-Q1-M5\Codigo_IA_generado\Sheriffsss\src\SheriffsssPackage\Game.java","C:\proyecto_code_ia\metricas_realizadas\Prog-Concurrente\2026-PROGC-Q1-M5\Codigo_IA_generado\Sheriffsss\src\SheriffsssPackage\Game.java","Game::getProjectiles","Game::getProjectiles()",1427,1427
1,1,14,0,1,"Game::getFlameBurstEffects@1428-1428@C:\proyecto_code_ia\metricas_realizadas\Prog-Concurrente\2026-PROGC-Q1-M5\Codigo_IA_generado\Sheriffsss\src\SheriffsssPackage\Game.java","C:\proyecto_code_ia\metricas_realizadas\Prog-Concurrente\2026-PROGC-Q1-M5\Codigo_IA_generado\Sheriffsss\src\SheriffsssPackage\Game.java","Game::getFlameBurstEffects","Game::getFlameBurstEffects()",1428,1428
1,1,14,0,1,"Game::getCombatFloatingTexts@1429-1429@C:\proyecto_code_ia\metricas_realizadas\Prog-Concurrente\2026-PROGC-Q1-M5\Codigo_IA_generado\Sheriffsss\src\SheriffsssPackage\Game.java","C:\proyecto_code_ia\metricas_realizadas\Prog-Concurrente\2026-PROGC-Q1-M5\Codigo_IA_generado\Sheriffsss\src\SheriffsssPackage\Game.java","Game::getCombatFloatingTexts","Game::getCombatFloatingTexts()",1429,1429
1,1,10,0,1,"Game::isDeathOverlayActive@1430-1430@C:\proyecto_code_ia\metricas_realizadas\Prog-Concurrente\2026-PROGC-Q1-M5\Codigo_IA_generado\Sheriffsss\src\SheriffsssPackage\Game.java","C:\proyecto_code_ia\metricas_realizadas\Prog-Concurrente\2026-PROGC-Q1-M5\Codigo_IA_generado\Sheriffsss\src\SheriffsssPackage\Game.java","Game::isDeathOverlayActive","Game::isDeathOverlayActive()",1430,1430
1,1,10,0,1,"Game::isUsingTool@1431-1431@C:\proyecto_code_ia\metricas_realizadas\Prog-Concurrente\2026-PROGC-Q1-M5\Codigo_IA_generado\Sheriffsss\src\SheriffsssPackage\Game.java","C:\proyecto_code_ia\metricas_realizadas\Prog-Concurrente\2026-PROGC-Q1-M5\Codigo_IA_generado\Sheriffsss\src\SheriffsssPackage\Game.java","Game::isUsingTool","Game::isUsingTool()",1431,1431
1,1,10,0,1,"Game::getToolUseTicks@1432-1432@C:\proyecto_code_ia\metricas_realizadas\Prog-Concurrente\2026-PROGC-Q1-M5\Codigo_IA_generado\Sheriffsss\src\SheriffsssPackage\Game.java","C:\proyecto_code_ia\metricas_realizadas\Prog-Concurrente\2026-PROGC-Q1-M5\Codigo_IA_generado\Sheriffsss\src\SheriffsssPackage\Game.java","Game::getToolUseTicks","Game::getToolUseTicks()",1432,1432
1,1,10,0,1,"Game::getToolUseDurationTicks@1433-1433@C:\proyecto_code_ia\metricas_realizadas\Prog-Concurrente\2026-PROGC-Q1-M5\Codigo_IA_generado\Sheriffsss\src\SheriffsssPackage\Game.java","C:\proyecto_code_ia\metricas_realizadas\Prog-Concurrente\2026-PROGC-Q1-M5\Codigo_IA_generado\Sheriffsss\src\SheriffsssPackage\Game.java","Game::getToolUseDurationTicks","Game::getToolUseDurationTicks()",1433,1433
1,1,10,0,1,"Game::getToolTargetObject@1434-1434@C:\proyecto_code_ia\metricas_realizadas\Prog-Concurrente\2026-PROGC-Q1-M5\Codigo_IA_generado\Sheriffsss\src\SheriffsssPackage\Game.java","C:\proyecto_code_ia\metricas_realizadas\Prog-Concurrente\2026-PROGC-Q1-M5\Codigo_IA_generado\Sheriffsss\src\SheriffsssPackage\Game.java","Game::getToolTargetObject","Game::getToolTargetObject()",1434,1434
1,1,10,0,1,"Game::getRevolverFlashTicks@1435-1435@C:\proyecto_code_ia\metricas_realizadas\Prog-Concurrente\2026-PROGC-Q1-M5\Codigo_IA_generado\Sheriffsss\src\SheriffsssPackage\Game.java","C:\proyecto_code_ia\metricas_realizadas\Prog-Concurrente\2026-PROGC-Q1-M5\Codigo_IA_generado\Sheriffsss\src\SheriffsssPackage\Game.java","Game::getRevolverFlashTicks","Game::getRevolverFlashTicks()",1435,1435
1,1,10,0,1,"Game::getRevolverFlashWorldX@1436-1436@C:\proyecto_code_ia\metricas_realizadas\Prog-Concurrente\2026-PROGC-Q1-M5\Codigo_IA_generado\Sheriffsss\src\SheriffsssPackage\Game.java","C:\proyecto_code_ia\metricas_realizadas\Prog-Concurrente\2026-PROGC-Q1-M5\Codigo_IA_generado\Sheriffsss\src\SheriffsssPackage\Game.java","Game::getRevolverFlashWorldX","Game::getRevolverFlashWorldX()",1436,1436
1,1,10,0,1,"Game::getRevolverFlashWorldY@1437-1437@C:\proyecto_code_ia\metricas_realizadas\Prog-Concurrente\2026-PROGC-Q1-M5\Codigo_IA_generado\Sheriffsss\src\SheriffsssPackage\Game.java","C:\proyecto_code_ia\metricas_realizadas\Prog-Concurrente\2026-PROGC-Q1-M5\Codigo_IA_generado\Sheriffsss\src\SheriffsssPackage\Game.java","Game::getRevolverFlashWorldY","Game::getRevolverFlashWorldY()",1437,1437
1,1,8,0,1,"Game::getRevolverFlashRadiusTiles@1438-1438@C:\proyecto_code_ia\metricas_realizadas\Prog-Concurrente\2026-PROGC-Q1-M5\Codigo_IA_generado\Sheriffsss\src\SheriffsssPackage\Game.java","C:\proyecto_code_ia\metricas_realizadas\Prog-Concurrente\2026-PROGC-Q1-M5\Codigo_IA_generado\Sheriffsss\src\SheriffsssPackage\Game.java","Game::getRevolverFlashRadiusTiles","Game::getRevolverFlashRadiusTiles()",1438,1438
1,1,15,0,1,"Game::getRevolverFlashIntensity@1439-1439@C:\proyecto_code_ia\metricas_realizadas\Prog-Concurrente\2026-PROGC-Q1-M5\Codigo_IA_generado\Sheriffsss\src\SheriffsssPackage\Game.java","C:\proyecto_code_ia\metricas_realizadas\Prog-Concurrente\2026-PROGC-Q1-M5\Codigo_IA_generado\Sheriffsss\src\SheriffsssPackage\Game.java","Game::getRevolverFlashIntensity","Game::getRevolverFlashIntensity()",1439,1439
7,3,49,0,7,"Game::getEquippedPlayerAccuracy@1440-1446@C:\proyecto_code_ia\metricas_realizadas\Prog-Concurrente\2026-PROGC-Q1-M5\Codigo_IA_generado\Sheriffsss\src\SheriffsssPackage\Game.java","C:\proyecto_code_ia\metricas_realizadas\Prog-Concurrente\2026-PROGC-Q1-M5\Codigo_IA_generado\Sheriffsss\src\SheriffsssPackage\Game.java","Game::getEquippedPlayerAccuracy","Game::getEquippedPlayerAccuracy()",1440,1446
1,1,16,0,1,"Game::getEquipmentPanelX@1448-1448@C:\proyecto_code_ia\metricas_realizadas\Prog-Concurrente\2026-PROGC-Q1-M5\Codigo_IA_generado\Sheriffsss\src\SheriffsssPackage\Game.java","C:\proyecto_code_ia\metricas_realizadas\Prog-Concurrente\2026-PROGC-Q1-M5\Codigo_IA_generado\Sheriffsss\src\SheriffsssPackage\Game.java","Game::getEquipmentPanelX","Game::getEquipmentPanelX()",1448,1448
1,1,16,0,1,"Game::getEquipmentPanelY@1449-1449@C:\proyecto_code_ia\metricas_realizadas\Prog-Concurrente\2026-PROGC-Q1-M5\Codigo_IA_generado\Sheriffsss\src\SheriffsssPackage\Game.java","C:\proyecto_code_ia\metricas_realizadas\Prog-Concurrente\2026-PROGC-Q1-M5\Codigo_IA_generado\Sheriffsss\src\SheriffsssPackage\Game.java","Game::getEquipmentPanelY","Game::getEquipmentPanelY()",1449,1449
1,1,8,0,1,"Game::getEquipmentPanelWidth@1450-1450@C:\proyecto_code_ia\metricas_realizadas\Prog-Concurrente\2026-PROGC-Q1-M5\Codigo_IA_generado\Sheriffsss\src\SheriffsssPackage\Game.java","C:\proyecto_code_ia\metricas_realizadas\Prog-Concurrente\2026-PROGC-Q1-M5\Codigo_IA_generado\Sheriffsss\src\SheriffsssPackage\Game.java","Game::getEquipmentPanelWidth","Game::getEquipmentPanelWidth()",1450,1450
1,1,8,0,1,"Game::getEquipmentPanelHeight@1451-1451@C:\proyecto_code_ia\metricas_realizadas\Prog-Concurrente\2026-PROGC-Q1-M5\Codigo_IA_generado\Sheriffsss\src\SheriffsssPackage\Game.java","C:\proyecto_code_ia\metricas_realizadas\Prog-Concurrente\2026-PROGC-Q1-M5\Codigo_IA_generado\Sheriffsss\src\SheriffsssPackage\Game.java","Game::getEquipmentPanelHeight","Game::getEquipmentPanelHeight()",1451,1451
1,1,12,0,1,"Game::getEquipmentSelectorX@1452-1452@C:\proyecto_code_ia\metricas_realizadas\Prog-Concurrente\2026-PROGC-Q1-M5\Codigo_IA_generado\Sheriffsss\src\SheriffsssPackage\Game.java","C:\proyecto_code_ia\metricas_realizadas\Prog-Concurrente\2026-PROGC-Q1-M5\Codigo_IA_generado\Sheriffsss\src\SheriffsssPackage\Game.java","Game::getEquipmentSelectorX","Game::getEquipmentSelectorX()",1452,1452
1,1,12,0,1,"Game::getEquipmentSelectorY@1453-1453@C:\proyecto_code_ia\metricas_realizadas\Prog-Concurrente\2026-PROGC-Q1-M5\Codigo_IA_generado\Sheriffsss\src\SheriffsssPackage\Game.java","C:\proyecto_code_ia\metricas_realizadas\Prog-Concurrente\2026-PROGC-Q1-M5\Codigo_IA_generado\Sheriffsss\src\SheriffsssPackage\Game.java","Game::getEquipmentSelectorY","Game::getEquipmentSelectorY()",1453,1453
1,1,8,0,1,"Game::getEquipmentSelectorWidth@1454-1454@C:\proyecto_code_ia\metricas_realizadas\Prog-Concurrente\2026-PROGC-Q1-M5\Codigo_IA_generado\Sheriffsss\src\SheriffsssPackage\Game.java","C:\proyecto_code_ia\metricas_realizadas\Prog-Concurrente\2026-PROGC-Q1-M5\Codigo_IA_generado\Sheriffsss\src\SheriffsssPackage\Game.java","Game::getEquipmentSelectorWidth","Game::getEquipmentSelectorWidth()",1454,1454
1,1,8,0,1,"Game::getEquipmentSelectorHeight@1455-1455@C:\proyecto_code_ia\metricas_realizadas\Prog-Concurrente\2026-PROGC-Q1-M5\Codigo_IA_generado\Sheriffsss\src\SheriffsssPackage\Game.java","C:\proyecto_code_ia\metricas_realizadas\Prog-Concurrente\2026-PROGC-Q1-M5\Codigo_IA_generado\Sheriffsss\src\SheriffsssPackage\Game.java","Game::getEquipmentSelectorHeight","Game::getEquipmentSelectorHeight()",1455,1455
1,1,14,0,1,"Game::getEquipmentListX@1456-1456@C:\proyecto_code_ia\metricas_realizadas\Prog-Concurrente\2026-PROGC-Q1-M5\Codigo_IA_generado\Sheriffsss\src\SheriffsssPackage\Game.java","C:\proyecto_code_ia\metricas_realizadas\Prog-Concurrente\2026-PROGC-Q1-M5\Codigo_IA_generado\Sheriffsss\src\SheriffsssPackage\Game.java","Game::getEquipmentListX","Game::getEquipmentListX()",1456,1456
1,1,8,0,1,"Game::getEquipmentListWidth@1457-1457@C:\proyecto_code_ia\metricas_realizadas\Prog-Concurrente\2026-PROGC-Q1-M5\Codigo_IA_generado\Sheriffsss\src\SheriffsssPackage\Game.java","C:\proyecto_code_ia\metricas_realizadas\Prog-Concurrente\2026-PROGC-Q1-M5\Codigo_IA_generado\Sheriffsss\src\SheriffsssPackage\Game.java","Game::getEquipmentListWidth","Game::getEquipmentListWidth()",1457,1457
1,1,8,0,1,"Game::getEquipmentListRowHeight@1458-1458@C:\proyecto_code_ia\metricas_realizadas\Prog-Concurrente\2026-PROGC-Q1-M5\Codigo_IA_generado\Sheriffsss\src\SheriffsssPackage\Game.java","C:\proyecto_code_ia\metricas_realizadas\Prog-Concurrente\2026-PROGC-Q1-M5\Codigo_IA_generado\Sheriffsss\src\SheriffsssPackage\Game.java","Game::getEquipmentListRowHeight","Game::getEquipmentListRowHeight()",1458,1458
1,1,10,0,1,"Game::getEquipmentListY@1459-1459@C:\proyecto_code_ia\metricas_realizadas\Prog-Concurrente\2026-PROGC-Q1-M5\Codigo_IA_generado\Sheriffsss\src\SheriffsssPackage\Game.java","C:\proyecto_code_ia\metricas_realizadas\Prog-Concurrente\2026-PROGC-Q1-M5\Codigo_IA_generado\Sheriffsss\src\SheriffsssPackage\Game.java","Game::getEquipmentListY","Game::getEquipmentListY()",1459,1459
1,1,8,0,1,"Game::getInfoMessageSlotCount@1460-1460@C:\proyecto_code_ia\metricas_realizadas\Prog-Concurrente\2026-PROGC-Q1-M5\Codigo_IA_generado\Sheriffsss\src\SheriffsssPackage\Game.java","C:\proyecto_code_ia\metricas_realizadas\Prog-Concurrente\2026-PROGC-Q1-M5\Codigo_IA_generado\Sheriffsss\src\SheriffsssPackage\Game.java","Game::getInfoMessageSlotCount","Game::getInfoMessageSlotCount()",1460,1460
1,1,15,1,1,"Game::getInfoMessage@1461-1461@C:\proyecto_code_ia\metricas_realizadas\Prog-Concurrente\2026-PROGC-Q1-M5\Codigo_IA_generado\Sheriffsss\src\SheriffsssPackage\Game.java","C:\proyecto_code_ia\metricas_realizadas\Prog-Concurrente\2026-PROGC-Q1-M5\Codigo_IA_generado\Sheriffsss\src\SheriffsssPackage\Game.java","Game::getInfoMessage","Game::getInfoMessage( int index)",1461,1461
1,1,15,1,1,"Game::getInfoMessageTicks@1462-1462@C:\proyecto_code_ia\metricas_realizadas\Prog-Concurrente\2026-PROGC-Q1-M5\Codigo_IA_generado\Sheriffsss\src\SheriffsssPackage\Game.java","C:\proyecto_code_ia\metricas_realizadas\Prog-Concurrente\2026-PROGC-Q1-M5\Codigo_IA_generado\Sheriffsss\src\SheriffsssPackage\Game.java","Game::getInfoMessageTicks","Game::getInfoMessageTicks( int index)",1462,1462
1,1,10,0,1,"Game::getSettingsMessage@1463-1463@C:\proyecto_code_ia\metricas_realizadas\Prog-Concurrente\2026-PROGC-Q1-M5\Codigo_IA_generado\Sheriffsss\src\SheriffsssPackage\Game.java","C:\proyecto_code_ia\metricas_realizadas\Prog-Concurrente\2026-PROGC-Q1-M5\Codigo_IA_generado\Sheriffsss\src\SheriffsssPackage\Game.java","Game::getSettingsMessage","Game::getSettingsMessage()",1463,1463
1,1,10,0,1,"Game::isPendingFullscreen@1464-1464@C:\proyecto_code_ia\metricas_realizadas\Prog-Concurrente\2026-PROGC-Q1-M5\Codigo_IA_generado\Sheriffsss\src\SheriffsssPackage\Game.java","C:\proyecto_code_ia\metricas_realizadas\Prog-Concurrente\2026-PROGC-Q1-M5\Codigo_IA_generado\Sheriffsss\src\SheriffsssPackage\Game.java","Game::isPendingFullscreen","Game::isPendingFullscreen()",1464,1464
1,1,14,0,1,"Game::isDebugMenuOpen@1465-1465@C:\proyecto_code_ia\metricas_realizadas\Prog-Concurrente\2026-PROGC-Q1-M5\Codigo_IA_generado\Sheriffsss\src\SheriffsssPackage\Game.java","C:\proyecto_code_ia\metricas_realizadas\Prog-Concurrente\2026-PROGC-Q1-M5\Codigo_IA_generado\Sheriffsss\src\SheriffsssPackage\Game.java","Game::isDebugMenuOpen","Game::isDebugMenuOpen()",1465,1465
1,1,10,0,1,"Game::isSettingsDebugButtonHovered@1466-1466@C:\proyecto_code_ia\metricas_realizadas\Prog-Concurrente\2026-PROGC-Q1-M5\Codigo_IA_generado\Sheriffsss\src\SheriffsssPackage\Game.java","C:\proyecto_code_ia\metricas_realizadas\Prog-Concurrente\2026-PROGC-Q1-M5\Codigo_IA_generado\Sheriffsss\src\SheriffsssPackage\Game.java","Game::isSettingsDebugButtonHovered","Game::isSettingsDebugButtonHovered()",1466,1466
1,1,10,0,1,"Game::getSettingsDebugButtonX@1467-1467@C:\proyecto_code_ia\metricas_realizadas\Prog-Concurrente\2026-PROGC-Q1-M5\Codigo_IA_generado\Sheriffsss\src\SheriffsssPackage\Game.java","C:\proyecto_code_ia\metricas_realizadas\Prog-Concurrente\2026-PROGC-Q1-M5\Codigo_IA_generado\Sheriffsss\src\SheriffsssPackage\Game.java","Game::getSettingsDebugButtonX","Game::getSettingsDebugButtonX()",1467,1467
1,1,13,0,1,"Game::getSettingsDebugButtonY@1468-1468@C:\proyecto_code_ia\metricas_realizadas\Prog-Concurrente\2026-PROGC-Q1-M5\Codigo_IA_generado\Sheriffsss\src\SheriffsssPackage\Game.java","C:\proyecto_code_ia\metricas_realizadas\Prog-Concurrente\2026-PROGC-Q1-M5\Codigo_IA_generado\Sheriffsss\src\SheriffsssPackage\Game.java","Game::getSettingsDebugButtonY","Game::getSettingsDebugButtonY()",1468,1468
1,1,10,0,1,"Game::getSettingsDebugButtonWidth@1469-1469@C:\proyecto_code_ia\metricas_realizadas\Prog-Concurrente\2026-PROGC-Q1-M5\Codigo_IA_generado\Sheriffsss\src\SheriffsssPackage\Game.java","C:\proyecto_code_ia\metricas_realizadas\Prog-Concurrente\2026-PROGC-Q1-M5\Codigo_IA_generado\Sheriffsss\src\SheriffsssPackage\Game.java","Game::getSettingsDebugButtonWidth","Game::getSettingsDebugButtonWidth()",1469,1469
1,1,10,0,1,"Game::getSettingsDebugButtonHeight@1470-1470@C:\proyecto_code_ia\metricas_realizadas\Prog-Concurrente\2026-PROGC-Q1-M5\Codigo_IA_generado\Sheriffsss\src\SheriffsssPackage\Game.java","C:\proyecto_code_ia\metricas_realizadas\Prog-Concurrente\2026-PROGC-Q1-M5\Codigo_IA_generado\Sheriffsss\src\SheriffsssPackage\Game.java","Game::getSettingsDebugButtonHeight","Game::getSettingsDebugButtonHeight()",1470,1470
1,1,10,0,1,"Game::getSettingsOverlayOffsetY@1471-1471@C:\proyecto_code_ia\metricas_realizadas\Prog-Concurrente\2026-PROGC-Q1-M5\Codigo_IA_generado\Sheriffsss\src\SheriffsssPackage\Game.java","C:\proyecto_code_ia\metricas_realizadas\Prog-Concurrente\2026-PROGC-Q1-M5\Codigo_IA_generado\Sheriffsss\src\SheriffsssPackage\Game.java","Game::getSettingsOverlayOffsetY","Game::getSettingsOverlayOffsetY()",1471,1471
1,1,28,0,1,"Game::getWindowResolutionSliderValue@1472-1472@C:\proyecto_code_ia\metricas_realizadas\Prog-Concurrente\2026-PROGC-Q1-M5\Codigo_IA_generado\Sheriffsss\src\SheriffsssPackage\Game.java","C:\proyecto_code_ia\metricas_realizadas\Prog-Concurrente\2026-PROGC-Q1-M5\Codigo_IA_generado\Sheriffsss\src\SheriffsssPackage\Game.java","Game::getWindowResolutionSliderValue","Game::getWindowResolutionSliderValue()",1472,1472
1,1,15,0,1,"Game::getWindowResolutionLabel@1473-1473@C:\proyecto_code_ia\metricas_realizadas\Prog-Concurrente\2026-PROGC-Q1-M5\Codigo_IA_generado\Sheriffsss\src\SheriffsssPackage\Game.java","C:\proyecto_code_ia\metricas_realizadas\Prog-Concurrente\2026-PROGC-Q1-M5\Codigo_IA_generado\Sheriffsss\src\SheriffsssPackage\Game.java","Game::getWindowResolutionLabel","Game::getWindowResolutionLabel()",1473,1473
9,3,68,0,9,"Game::isRootMenuButtonHovered@1475-1483@C:\proyecto_code_ia\metricas_realizadas\Prog-Concurrente\2026-PROGC-Q1-M5\Codigo_IA_generado\Sheriffsss\src\SheriffsssPackage\Game.java","C:\proyecto_code_ia\metricas_realizadas\Prog-Concurrente\2026-PROGC-Q1-M5\Codigo_IA_generado\Sheriffsss\src\SheriffsssPackage\Game.java","Game::isRootMenuButtonHovered","Game::isRootMenuButtonHovered()",1475,1483
2,1,5,0,2,"GameConfig::GameConfig@102-103@C:\proyecto_code_ia\metricas_realizadas\Prog-Concurrente\2026-PROGC-Q1-M5\Codigo_IA_generado\Sheriffsss\src\SheriffsssPackage\GameConfig.java","C:\proyecto_code_ia\metricas_realizadas\Prog-Concurrente\2026-PROGC-Q1-M5\Codigo_IA_generado\Sheriffsss\src\SheriffsssPackage\GameConfig.java","GameConfig::GameConfig","GameConfig::GameConfig()",102,103
13,1,96,2,13,"GameConfig::setViewportSize@105-117@C:\proyecto_code_ia\metricas_realizadas\Prog-Concurrente\2026-PROGC-Q1-M5\Codigo_IA_generado\Sheriffsss\src\SheriffsssPackage\GameConfig.java","C:\proyecto_code_ia\metricas_realizadas\Prog-Concurrente\2026-PROGC-Q1-M5\Codigo_IA_generado\Sheriffsss\src\SheriffsssPackage\GameConfig.java","GameConfig::setViewportSize","GameConfig::setViewportSize( int width , int height)",105,117
13,4,75,0,13,"GameConfig::loadDisplayPreferences@119-131@C:\proyecto_code_ia\metricas_realizadas\Prog-Concurrente\2026-PROGC-Q1-M5\Codigo_IA_generado\Sheriffsss\src\SheriffsssPackage\GameConfig.java","C:\proyecto_code_ia\metricas_realizadas\Prog-Concurrente\2026-PROGC-Q1-M5\Codigo_IA_generado\Sheriffsss\src\SheriffsssPackage\GameConfig.java","GameConfig::loadDisplayPreferences","GameConfig::loadDisplayPreferences()",119,131
17,6,138,1,17,"GameConfig::applyDisplayConfigLine@133-149@C:\proyecto_code_ia\metricas_realizadas\Prog-Concurrente\2026-PROGC-Q1-M5\Codigo_IA_generado\Sheriffsss\src\SheriffsssPackage\GameConfig.java","C:\proyecto_code_ia\metricas_realizadas\Prog-Concurrente\2026-PROGC-Q1-M5\Codigo_IA_generado\Sheriffsss\src\SheriffsssPackage\GameConfig.java","GameConfig::applyDisplayConfigLine","GameConfig::applyDisplayConfigLine( String line)",133,149
7,2,34,2,7,"GameConfig::parseVolume@151-157@C:\proyecto_code_ia\metricas_realizadas\Prog-Concurrente\2026-PROGC-Q1-M5\Codigo_IA_generado\Sheriffsss\src\SheriffsssPackage\GameConfig.java","C:\proyecto_code_ia\metricas_realizadas\Prog-Concurrente\2026-PROGC-Q1-M5\Codigo_IA_generado\Sheriffsss\src\SheriffsssPackage\GameConfig.java","GameConfig::parseVolume","GameConfig::parseVolume( String value , double fallback)",151,157
9,3,60,1,9,"GameConfig::applyResolutionValue@159-167@C:\proyecto_code_ia\metricas_realizadas\Prog-Concurrente\2026-PROGC-Q1-M5\Codigo_IA_generado\Sheriffsss\src\SheriffsssPackage\GameConfig.java","C:\proyecto_code_ia\metricas_realizadas\Prog-Concurrente\2026-PROGC-Q1-M5\Codigo_IA_generado\Sheriffsss\src\SheriffsssPackage\GameConfig.java","GameConfig::applyResolutionValue","GameConfig::applyResolutionValue( String value)",159,167
15,2,113,0,15,"GameConfig::saveDisplayPreferences@169-183@C:\proyecto_code_ia\metricas_realizadas\Prog-Concurrente\2026-PROGC-Q1-M5\Codigo_IA_generado\Sheriffsss\src\SheriffsssPackage\GameConfig.java","C:\proyecto_code_ia\metricas_realizadas\Prog-Concurrente\2026-PROGC-Q1-M5\Codigo_IA_generado\Sheriffsss\src\SheriffsssPackage\GameConfig.java","GameConfig::saveDisplayPreferences","GameConfig::saveDisplayPreferences()",169,183
6,3,37,1,6,"GameConfig::ensureParentDirExists@185-190@C:\proyecto_code_ia\metricas_realizadas\Prog-Concurrente\2026-PROGC-Q1-M5\Codigo_IA_generado\Sheriffsss\src\SheriffsssPackage\GameConfig.java","C:\proyecto_code_ia\metricas_realizadas\Prog-Concurrente\2026-PROGC-Q1-M5\Codigo_IA_generado\Sheriffsss\src\SheriffsssPackage\GameConfig.java","GameConfig::ensureParentDirExists","GameConfig::ensureParentDirExists( File file)",185,190
3,1,8,0,3,"GameConfig::getWindowResolutionIndex@192-194@C:\proyecto_code_ia\metricas_realizadas\Prog-Concurrente\2026-PROGC-Q1-M5\Codigo_IA_generado\Sheriffsss\src\SheriffsssPackage\GameConfig.java","C:\proyecto_code_ia\metricas_realizadas\Prog-Concurrente\2026-PROGC-Q1-M5\Codigo_IA_generado\Sheriffsss\src\SheriffsssPackage\GameConfig.java","GameConfig::getWindowResolutionIndex","GameConfig::getWindowResolutionIndex()",192,194
4,1,26,0,4,"GameConfig::getWindowResolution@196-199@C:\proyecto_code_ia\metricas_realizadas\Prog-Concurrente\2026-PROGC-Q1-M5\Codigo_IA_generado\Sheriffsss\src\SheriffsssPackage\GameConfig.java","C:\proyecto_code_ia\metricas_realizadas\Prog-Concurrente\2026-PROGC-Q1-M5\Codigo_IA_generado\Sheriffsss\src\SheriffsssPackage\GameConfig.java","GameConfig::getWindowResolution","GameConfig::getWindowResolution()",196,199
3,1,10,0,3,"GameConfig::getWindowResolutionCount@201-203@C:\proyecto_code_ia\metricas_realizadas\Prog-Concurrente\2026-PROGC-Q1-M5\Codigo_IA_generado\Sheriffsss\src\SheriffsssPackage\GameConfig.java","C:\proyecto_code_ia\metricas_realizadas\Prog-Concurrente\2026-PROGC-Q1-M5\Codigo_IA_generado\Sheriffsss\src\SheriffsssPackage\GameConfig.java","GameConfig::getWindowResolutionCount","GameConfig::getWindowResolutionCount()",201,203
4,1,24,0,4,"GameConfig::getWindowResolutionLabel@205-208@C:\proyecto_code_ia\metricas_realizadas\Prog-Concurrente\2026-PROGC-Q1-M5\Codigo_IA_generado\Sheriffsss\src\SheriffsssPackage\GameConfig.java","C:\proyecto_code_ia\metricas_realizadas\Prog-Concurrente\2026-PROGC-Q1-M5\Codigo_IA_generado\Sheriffsss\src\SheriffsssPackage\GameConfig.java","GameConfig::getWindowResolutionLabel","GameConfig::getWindowResolutionLabel()",205,208
5,1,49,1,5,"GameConfig::getWindowResolutionLabel@210-214@C:\proyecto_code_ia\metricas_realizadas\Prog-Concurrente\2026-PROGC-Q1-M5\Codigo_IA_generado\Sheriffsss\src\SheriffsssPackage\GameConfig.java","C:\proyecto_code_ia\metricas_realizadas\Prog-Concurrente\2026-PROGC-Q1-M5\Codigo_IA_generado\Sheriffsss\src\SheriffsssPackage\GameConfig.java","GameConfig::getWindowResolutionLabel","GameConfig::getWindowResolutionLabel( int index)",210,214
3,1,29,1,3,"GameConfig::setWindowResolutionIndex@216-218@C:\proyecto_code_ia\metricas_realizadas\Prog-Concurrente\2026-PROGC-Q1-M5\Codigo_IA_generado\Sheriffsss\src\SheriffsssPackage\GameConfig.java","C:\proyecto_code_ia\metricas_realizadas\Prog-Concurrente\2026-PROGC-Q1-M5\Codigo_IA_generado\Sheriffsss\src\SheriffsssPackage\GameConfig.java","GameConfig::setWindowResolutionIndex","GameConfig::setWindowResolutionIndex( int index)",216,218
3,1,8,0,3,"GameConfig::isFullscreenPreferred@220-222@C:\proyecto_code_ia\metricas_realizadas\Prog-Concurrente\2026-PROGC-Q1-M5\Codigo_IA_generado\Sheriffsss\src\SheriffsssPackage\GameConfig.java","C:\proyecto_code_ia\metricas_realizadas\Prog-Concurrente\2026-PROGC-Q1-M5\Codigo_IA_generado\Sheriffsss\src\SheriffsssPackage\GameConfig.java","GameConfig::isFullscreenPreferred","GameConfig::isFullscreenPreferred()",220,222
3,1,13,1,3,"GameConfig::setFullscreenPreferred@224-226@C:\proyecto_code_ia\metricas_realizadas\Prog-Concurrente\2026-PROGC-Q1-M5\Codigo_IA_generado\Sheriffsss\src\SheriffsssPackage\GameConfig.java","C:\proyecto_code_ia\metricas_realizadas\Prog-Concurrente\2026-PROGC-Q1-M5\Codigo_IA_generado\Sheriffsss\src\SheriffsssPackage\GameConfig.java","GameConfig::setFullscreenPreferred","GameConfig::setFullscreenPreferred( boolean fullscreenPreferred)",224,226
3,1,8,0,3,"GameConfig::getMusicVolume@228-230@C:\proyecto_code_ia\metricas_realizadas\Prog-Concurrente\2026-PROGC-Q1-M5\Codigo_IA_generado\Sheriffsss\src\SheriffsssPackage\GameConfig.java","C:\proyecto_code_ia\metricas_realizadas\Prog-Concurrente\2026-PROGC-Q1-M5\Codigo_IA_generado\Sheriffsss\src\SheriffsssPackage\GameConfig.java","GameConfig::getMusicVolume","GameConfig::getMusicVolume()",228,230
3,1,16,1,3,"GameConfig::setMusicVolume@232-234@C:\proyecto_code_ia\metricas_realizadas\Prog-Concurrente\2026-PROGC-Q1-M5\Codigo_IA_generado\Sheriffsss\src\SheriffsssPackage\GameConfig.java","C:\proyecto_code_ia\metricas_realizadas\Prog-Concurrente\2026-PROGC-Q1-M5\Codigo_IA_generado\Sheriffsss\src\SheriffsssPackage\GameConfig.java","GameConfig::setMusicVolume","GameConfig::setMusicVolume( double musicVolume)",232,234
3,1,8,0,3,"GameConfig::getSfxVolume@236-238@C:\proyecto_code_ia\metricas_realizadas\Prog-Concurrente\2026-PROGC-Q1-M5\Codigo_IA_generado\Sheriffsss\src\SheriffsssPackage\GameConfig.java","C:\proyecto_code_ia\metricas_realizadas\Prog-Concurrente\2026-PROGC-Q1-M5\Codigo_IA_generado\Sheriffsss\src\SheriffsssPackage\GameConfig.java","GameConfig::getSfxVolume","GameConfig::getSfxVolume()",236,238
3,1,16,1,3,"GameConfig::setSfxVolume@240-242@C:\proyecto_code_ia\metricas_realizadas\Prog-Concurrente\2026-PROGC-Q1-M5\Codigo_IA_generado\Sheriffsss\src\SheriffsssPackage\GameConfig.java","C:\proyecto_code_ia\metricas_realizadas\Prog-Concurrente\2026-PROGC-Q1-M5\Codigo_IA_generado\Sheriffsss\src\SheriffsssPackage\GameConfig.java","GameConfig::setSfxVolume","GameConfig::setSfxVolume( double sfxVolume)",240,242
3,1,24,1,3,"GameConfig::clamp01@244-246@C:\proyecto_code_ia\metricas_realizadas\Prog-Concurrente\2026-PROGC-Q1-M5\Codigo_IA_generado\Sheriffsss\src\SheriffsssPackage\GameConfig.java","C:\proyecto_code_ia\metricas_realizadas\Prog-Concurrente\2026-PROGC-Q1-M5\Codigo_IA_generado\Sheriffsss\src\SheriffsssPackage\GameConfig.java","GameConfig::clamp01","GameConfig::clamp01( double value)",244,246
3,3,27,0,3,"GameInput::getMoveX@49-51@C:\proyecto_code_ia\metricas_realizadas\Prog-Concurrente\2026-PROGC-Q1-M5\Codigo_IA_generado\Sheriffsss\src\SheriffsssPackage\GameInput.java","C:\proyecto_code_ia\metricas_realizadas\Prog-Concurrente\2026-PROGC-Q1-M5\Codigo_IA_generado\Sheriffsss\src\SheriffsssPackage\GameInput.java","GameInput::getMoveX","GameInput::getMoveX()",49,51
3,3,27,0,3,"GameInput::getMoveY@53-55@C:\proyecto_code_ia\metricas_realizadas\Prog-Concurrente\2026-PROGC-Q1-M5\Codigo_IA_generado\Sheriffsss\src\SheriffsssPackage\GameInput.java","C:\proyecto_code_ia\metricas_realizadas\Prog-Concurrente\2026-PROGC-Q1-M5\Codigo_IA_generado\Sheriffsss\src\SheriffsssPackage\GameInput.java","GameInput::getMoveY","GameInput::getMoveY()",53,55
6,1,29,0,6,"GameInput::clearMovement@57-62@C:\proyecto_code_ia\metricas_realizadas\Prog-Concurrente\2026-PROGC-Q1-M5\Codigo_IA_generado\Sheriffsss\src\SheriffsssPackage\GameInput.java","C:\proyecto_code_ia\metricas_realizadas\Prog-Concurrente\2026-PROGC-Q1-M5\Codigo_IA_generado\Sheriffsss\src\SheriffsssPackage\GameInput.java","GameInput::clearMovement","GameInput::clearMovement()",57,62
4,1,17,0,4,"GameInput::clearPrimaryAction@64-67@C:\proyecto_code_ia\metricas_realizadas\Prog-Concurrente\2026-PROGC-Q1-M5\Codigo_IA_generado\Sheriffsss\src\SheriffsssPackage\GameInput.java","C:\proyecto_code_ia\metricas_realizadas\Prog-Concurrente\2026-PROGC-Q1-M5\Codigo_IA_generado\Sheriffsss\src\SheriffsssPackage\GameInput.java","GameInput::clearPrimaryAction","GameInput::clearPrimaryAction()",64,67
5,1,21,0,5,"GameInput::consumeInteractPressed@69-73@C:\proyecto_code_ia\metricas_realizadas\Prog-Concurrente\2026-PROGC-Q1-M5\Codigo_IA_generado\Sheriffsss\src\SheriffsssPackage\GameInput.java","C:\proyecto_code_ia\metricas_realizadas\Prog-Concurrente\2026-PROGC-Q1-M5\Codigo_IA_generado\Sheriffsss\src\SheriffsssPackage\GameInput.java","GameInput::consumeInteractPressed","GameInput::consumeInteractPressed()",69,73
5,1,21,0,5,"GameInput::consumeMapToggle@75-79@C:\proyecto_code_ia\metricas_realizadas\Prog-Concurrente\2026-PROGC-Q1-M5\Codigo_IA_generado\Sheriffsss\src\SheriffsssPackage\GameInput.java","C:\proyecto_code_ia\metricas_realizadas\Prog-Concurrente\2026-PROGC-Q1-M5\Codigo_IA_generado\Sheriffsss\src\SheriffsssPackage\GameInput.java","GameInput::consumeMapToggle","GameInput::consumeMapToggle()",75,79
5,1,21,0,5,"GameInput::consumeEscapePressed@81-85@C:\proyecto_code_ia\metricas_realizadas\Prog-Concurrente\2026-PROGC-Q1-M5\Codigo_IA_generado\Sheriffsss\src\SheriffsssPackage\GameInput.java","C:\proyecto_code_ia\metricas_realizadas\Prog-Concurrente\2026-PROGC-Q1-M5\Codigo_IA_generado\Sheriffsss\src\SheriffsssPackage\GameInput.java","GameInput::consumeEscapePressed","GameInput::consumeEscapePressed()",81,85
5,1,21,0,5,"GameInput::consumeEquipmentToggle@87-91@C:\proyecto_code_ia\metricas_realizadas\Prog-Concurrente\2026-PROGC-Q1-M5\Codigo_IA_generado\Sheriffsss\src\SheriffsssPackage\GameInput.java","C:\proyecto_code_ia\metricas_realizadas\Prog-Concurrente\2026-PROGC-Q1-M5\Codigo_IA_generado\Sheriffsss\src\SheriffsssPackage\GameInput.java","GameInput::consumeEquipmentToggle","GameInput::consumeEquipmentToggle()",87,91
5,1,21,0,5,"GameInput::consumeFullscreenToggle@93-97@C:\proyecto_code_ia\metricas_realizadas\Prog-Concurrente\2026-PROGC-Q1-M5\Codigo_IA_generado\Sheriffsss\src\SheriffsssPackage\GameInput.java","C:\proyecto_code_ia\metricas_realizadas\Prog-Concurrente\2026-PROGC-Q1-M5\Codigo_IA_generado\Sheriffsss\src\SheriffsssPackage\GameInput.java","GameInput::consumeFullscreenToggle","GameInput::consumeFullscreenToggle()",93,97
5,1,21,0,5,"GameInput::consumePrimaryClick@99-103@C:\proyecto_code_ia\metricas_realizadas\Prog-Concurrente\2026-PROGC-Q1-M5\Codigo_IA_generado\Sheriffsss\src\SheriffsssPackage\GameInput.java","C:\proyecto_code_ia\metricas_realizadas\Prog-Concurrente\2026-PROGC-Q1-M5\Codigo_IA_generado\Sheriffsss\src\SheriffsssPackage\GameInput.java","GameInput::consumePrimaryClick","GameInput::consumePrimaryClick()",99,103
5,1,21,0,5,"GameInput::consumeSecondaryClick@105-109@C:\proyecto_code_ia\metricas_realizadas\Prog-Concurrente\2026-PROGC-Q1-M5\Codigo_IA_generado\Sheriffsss\src\SheriffsssPackage\GameInput.java","C:\proyecto_code_ia\metricas_realizadas\Prog-Concurrente\2026-PROGC-Q1-M5\Codigo_IA_generado\Sheriffsss\src\SheriffsssPackage\GameInput.java","GameInput::consumeSecondaryClick","GameInput::consumeSecondaryClick()",105,109
5,1,22,0,5,"GameInput::consumeToolbarSelection@111-115@C:\proyecto_code_ia\metricas_realizadas\Prog-Concurrente\2026-PROGC-Q1-M5\Codigo_IA_generado\Sheriffsss\src\SheriffsssPackage\GameInput.java","C:\proyecto_code_ia\metricas_realizadas\Prog-Concurrente\2026-PROGC-Q1-M5\Codigo_IA_generado\Sheriffsss\src\SheriffsssPackage\GameInput.java","GameInput::consumeToolbarSelection","GameInput::consumeToolbarSelection()",111,115
5,1,21,0,5,"GameInput::consumeTrainingIncrement@117-121@C:\proyecto_code_ia\metricas_realizadas\Prog-Concurrente\2026-PROGC-Q1-M5\Codigo_IA_generado\Sheriffsss\src\SheriffsssPackage\GameInput.java","C:\proyecto_code_ia\metricas_realizadas\Prog-Concurrente\2026-PROGC-Q1-M5\Codigo_IA_generado\Sheriffsss\src\SheriffsssPackage\GameInput.java","GameInput::consumeTrainingIncrement","GameInput::consumeTrainingIncrement()",117,121
5,1,21,0,5,"GameInput::consumeTrainingDecrement@123-127@C:\proyecto_code_ia\metricas_realizadas\Prog-Concurrente\2026-PROGC-Q1-M5\Codigo_IA_generado\Sheriffsss\src\SheriffsssPackage\GameInput.java","C:\proyecto_code_ia\metricas_realizadas\Prog-Concurrente\2026-PROGC-Q1-M5\Codigo_IA_generado\Sheriffsss\src\SheriffsssPackage\GameInput.java","GameInput::consumeTrainingDecrement","GameInput::consumeTrainingDecrement()",123,127
5,1,21,0,5,"GameInput::consumeTrainingReset@129-133@C:\proyecto_code_ia\metricas_realizadas\Prog-Concurrente\2026-PROGC-Q1-M5\Codigo_IA_generado\Sheriffsss\src\SheriffsssPackage\GameInput.java","C:\proyecto_code_ia\metricas_realizadas\Prog-Concurrente\2026-PROGC-Q1-M5\Codigo_IA_generado\Sheriffsss\src\SheriffsssPackage\GameInput.java","GameInput::consumeTrainingReset","GameInput::consumeTrainingReset()",129,133
5,1,21,0,5,"GameInput::consumeTrainingSkipTutorial@135-139@C:\proyecto_code_ia\metricas_realizadas\Prog-Concurrente\2026-PROGC-Q1-M5\Codigo_IA_generado\Sheriffsss\src\SheriffsssPackage\GameInput.java","C:\proyecto_code_ia\metricas_realizadas\Prog-Concurrente\2026-PROGC-Q1-M5\Codigo_IA_generado\Sheriffsss\src\SheriffsssPackage\GameInput.java","GameInput::consumeTrainingSkipTutorial","GameInput::consumeTrainingSkipTutorial()",135,139
5,1,21,0,5,"GameInput::consumeTrainingBackToMenu@141-145@C:\proyecto_code_ia\metricas_realizadas\Prog-Concurrente\2026-PROGC-Q1-M5\Codigo_IA_generado\Sheriffsss\src\SheriffsssPackage\GameInput.java","C:\proyecto_code_ia\metricas_realizadas\Prog-Concurrente\2026-PROGC-Q1-M5\Codigo_IA_generado\Sheriffsss\src\SheriffsssPackage\GameInput.java","GameInput::consumeTrainingBackToMenu","GameInput::consumeTrainingBackToMenu()",141,145
3,1,10,0,3,"GameInput::isPrimaryHeld@147-149@C:\proyecto_code_ia\metricas_realizadas\Prog-Concurrente\2026-PROGC-Q1-M5\Codigo_IA_generado\Sheriffsss\src\SheriffsssPackage\GameInput.java","C:\proyecto_code_ia\metricas_realizadas\Prog-Concurrente\2026-PROGC-Q1-M5\Codigo_IA_generado\Sheriffsss\src\SheriffsssPackage\GameInput.java","GameInput::isPrimaryHeld","GameInput::isPrimaryHeld()",147,149
5,1,21,0,5,"GameInput::consumeWheelSteps@151-155@C:\proyecto_code_ia\metricas_realizadas\Prog-Concurrente\2026-PROGC-Q1-M5\Codigo_IA_generado\Sheriffsss\src\SheriffsssPackage\GameInput.java","C:\proyecto_code_ia\metricas_realizadas\Prog-Concurrente\2026-PROGC-Q1-M5\Codigo_IA_generado\Sheriffsss\src\SheriffsssPackage\GameInput.java","GameInput::consumeWheelSteps","GameInput::consumeWheelSteps()",151,155
5,1,21,0,5,"GameInput::consumeZoomWheelSteps@157-161@C:\proyecto_code_ia\metricas_realizadas\Prog-Concurrente\2026-PROGC-Q1-M5\Codigo_IA_generado\Sheriffsss\src\SheriffsssPackage\GameInput.java","C:\proyecto_code_ia\metricas_realizadas\Prog-Concurrente\2026-PROGC-Q1-M5\Codigo_IA_generado\Sheriffsss\src\SheriffsssPackage\GameInput.java","GameInput::consumeZoomWheelSteps","GameInput::consumeZoomWheelSteps()",157,161
5,1,21,0,5,"GameInput::consumeZoomKeySteps@163-167@C:\proyecto_code_ia\metricas_realizadas\Prog-Concurrente\2026-PROGC-Q1-M5\Codigo_IA_generado\Sheriffsss\src\SheriffsssPackage\GameInput.java","C:\proyecto_code_ia\metricas_realizadas\Prog-Concurrente\2026-PROGC-Q1-M5\Codigo_IA_generado\Sheriffsss\src\SheriffsssPackage\GameInput.java","GameInput::consumeZoomKeySteps","GameInput::consumeZoomKeySteps()",163,167
3,3,27,0,3,"GameInput::getZoomKeyDirection@169-171@C:\proyecto_code_ia\metricas_realizadas\Prog-Concurrente\2026-PROGC-Q1-M5\Codigo_IA_generado\Sheriffsss\src\SheriffsssPackage\GameInput.java","C:\proyecto_code_ia\metricas_realizadas\Prog-Concurrente\2026-PROGC-Q1-M5\Codigo_IA_generado\Sheriffsss\src\SheriffsssPackage\GameInput.java","GameInput::getZoomKeyDirection","GameInput::getZoomKeyDirection()",169,171
3,1,10,0,3,"GameInput::getMouseX@173-175@C:\proyecto_code_ia\metricas_realizadas\Prog-Concurrente\2026-PROGC-Q1-M5\Codigo_IA_generado\Sheriffsss\src\SheriffsssPackage\GameInput.java","C:\proyecto_code_ia\metricas_realizadas\Prog-Concurrente\2026-PROGC-Q1-M5\Codigo_IA_generado\Sheriffsss\src\SheriffsssPackage\GameInput.java","GameInput::getMouseX","GameInput::getMouseX()",173,175
3,1,10,0,3,"GameInput::getMouseY@177-179@C:\proyecto_code_ia\metricas_realizadas\Prog-Concurrente\2026-PROGC-Q1-M5\Codigo_IA_generado\Sheriffsss\src\SheriffsssPackage\GameInput.java","C:\proyecto_code_ia\metricas_realizadas\Prog-Concurrente\2026-PROGC-Q1-M5\Codigo_IA_generado\Sheriffsss\src\SheriffsssPackage\GameInput.java","GameInput::getMouseY","GameInput::getMouseY()",177,179
2,1,7,1,2,"GameInput::keyTyped@182-183@C:\proyecto_code_ia\metricas_realizadas\Prog-Concurrente\2026-PROGC-Q1-M5\Codigo_IA_generado\Sheriffsss\src\SheriffsssPackage\GameInput.java","C:\proyecto_code_ia\metricas_realizadas\Prog-Concurrente\2026-PROGC-Q1-M5\Codigo_IA_generado\Sheriffsss\src\SheriffsssPackage\GameInput.java","GameInput::keyTyped","GameInput::keyTyped( KeyEvent e)",182,183
108,44,523,1,108,"GameInput::keyPressed@186-293@C:\proyecto_code_ia\metricas_realizadas\Prog-Concurrente\2026-PROGC-Q1-M5\Codigo_IA_generado\Sheriffsss\src\SheriffsssPackage\GameInput.java","C:\proyecto_code_ia\metricas_realizadas\Prog-Concurrente\2026-PROGC-Q1-M5\Codigo_IA_generado\Sheriffsss\src\SheriffsssPackage\GameInput.java","GameInput::keyPressed","GameInput::keyPressed( KeyEvent e)",186,293
58,21,249,1,58,"GameInput::keyReleased@296-353@C:\proyecto_code_ia\metricas_realizadas\Prog-Concurrente\2026-PROGC-Q1-M5\Codigo_IA_generado\Sheriffsss\src\SheriffsssPackage\GameInput.java","C:\proyecto_code_ia\metricas_realizadas\Prog-Concurrente\2026-PROGC-Q1-M5\Codigo_IA_generado\Sheriffsss\src\SheriffsssPackage\GameInput.java","GameInput::keyReleased","GameInput::keyReleased( KeyEvent e)",296,353
2,1,7,1,2,"GameInput::mouseClicked@356-357@C:\proyecto_code_ia\metricas_realizadas\Prog-Concurrente\2026-PROGC-Q1-M5\Codigo_IA_generado\Sheriffsss\src\SheriffsssPackage\GameInput.java","C:\proyecto_code_ia\metricas_realizadas\Prog-Concurrente\2026-PROGC-Q1-M5\Codigo_IA_generado\Sheriffsss\src\SheriffsssPackage\GameInput.java","GameInput::mouseClicked","GameInput::mouseClicked( MouseEvent e)",356,357
10,4,70,1,10,"GameInput::mousePressed@360-369@C:\proyecto_code_ia\metricas_realizadas\Prog-Concurrente\2026-PROGC-Q1-M5\Codigo_IA_generado\Sheriffsss\src\SheriffsssPackage\GameInput.java","C:\proyecto_code_ia\metricas_realizadas\Prog-Concurrente\2026-PROGC-Q1-M5\Codigo_IA_generado\Sheriffsss\src\SheriffsssPackage\GameInput.java","GameInput::mousePressed","GameInput::mousePressed( MouseEvent e)",360,369
8,3,53,1,8,"GameInput::mouseReleased@372-379@C:\proyecto_code_ia\metricas_realizadas\Prog-Concurrente\2026-PROGC-Q1-M5\Codigo_IA_generado\Sheriffsss\src\SheriffsssPackage\GameInput.java","C:\proyecto_code_ia\metricas_realizadas\Prog-Concurrente\2026-PROGC-Q1-M5\Codigo_IA_generado\Sheriffsss\src\SheriffsssPackage\GameInput.java","GameInput::mouseReleased","GameInput::mouseReleased( MouseEvent e)",372,379
3,1,12,1,3,"GameInput::mouseEntered@382-384@C:\proyecto_code_ia\metricas_realizadas\Prog-Concurrente\2026-PROGC-Q1-M5\Codigo_IA_generado\Sheriffsss\src\SheriffsssPackage\GameInput.java","C:\proyecto_code_ia\metricas_realizadas\Prog-Concurrente\2026-PROGC-Q1-M5\Codigo_IA_generado\Sheriffsss\src\SheriffsssPackage\GameInput.java","GameInput::mouseEntered","GameInput::mouseEntered( MouseEvent e)",382,384
3,1,12,1,3,"GameInput::mouseExited@387-389@C:\proyecto_code_ia\metricas_realizadas\Prog-Concurrente\2026-PROGC-Q1-M5\Codigo_IA_generado\Sheriffsss\src\SheriffsssPackage\GameInput.java","C:\proyecto_code_ia\metricas_realizadas\Prog-Concurrente\2026-PROGC-Q1-M5\Codigo_IA_generado\Sheriffsss\src\SheriffsssPackage\GameInput.java","GameInput::mouseExited","GameInput::mouseExited( MouseEvent e)",387,389
7,2,40,1,7,"GameInput::mouseWheelMoved@392-398@C:\proyecto_code_ia\metricas_realizadas\Prog-Concurrente\2026-PROGC-Q1-M5\Codigo_IA_generado\Sheriffsss\src\SheriffsssPackage\GameInput.java","C:\proyecto_code_ia\metricas_realizadas\Prog-Concurrente\2026-PROGC-Q1-M5\Codigo_IA_generado\Sheriffsss\src\SheriffsssPackage\GameInput.java","GameInput::mouseWheelMoved","GameInput::mouseWheelMoved( MouseWheelEvent e)",392,398
3,1,12,1,3,"GameInput::mouseDragged@401-403@C:\proyecto_code_ia\metricas_realizadas\Prog-Concurrente\2026-PROGC-Q1-M5\Codigo_IA_generado\Sheriffsss\src\SheriffsssPackage\GameInput.java","C:\proyecto_code_ia\metricas_realizadas\Prog-Concurrente\2026-PROGC-Q1-M5\Codigo_IA_generado\Sheriffsss\src\SheriffsssPackage\GameInput.java","GameInput::mouseDragged","GameInput::mouseDragged( MouseEvent e)",401,403
3,1,12,1,3,"GameInput::mouseMoved@406-408@C:\proyecto_code_ia\metricas_realizadas\Prog-Concurrente\2026-PROGC-Q1-M5\Codigo_IA_generado\Sheriffsss\src\SheriffsssPackage\GameInput.java","C:\proyecto_code_ia\metricas_realizadas\Prog-Concurrente\2026-PROGC-Q1-M5\Codigo_IA_generado\Sheriffsss\src\SheriffsssPackage\GameInput.java","GameInput::mouseMoved","GameInput::mouseMoved( MouseEvent e)",406,408
4,1,27,1,4,"GameInput::updateMousePosition@410-413@C:\proyecto_code_ia\metricas_realizadas\Prog-Concurrente\2026-PROGC-Q1-M5\Codigo_IA_generado\Sheriffsss\src\SheriffsssPackage\GameInput.java","C:\proyecto_code_ia\metricas_realizadas\Prog-Concurrente\2026-PROGC-Q1-M5\Codigo_IA_generado\Sheriffsss\src\SheriffsssPackage\GameInput.java","GameInput::updateMousePosition","GameInput::updateMousePosition( MouseEvent e)",410,413
7,1,64,2,7,"GameMap::GameMap@14-20@C:\proyecto_code_ia\metricas_realizadas\Prog-Concurrente\2026-PROGC-Q1-M5\Codigo_IA_generado\Sheriffsss\src\SheriffsssPackage\GameMap.java","C:\proyecto_code_ia\metricas_realizadas\Prog-Concurrente\2026-PROGC-Q1-M5\Codigo_IA_generado\Sheriffsss\src\SheriffsssPackage\GameMap.java","GameMap::GameMap","GameMap::GameMap( int widthTiles , int heightTiles)",14,20
6,2,57,1,6,"GameMap::clear@22-27@C:\proyecto_code_ia\metricas_realizadas\Prog-Concurrente\2026-PROGC-Q1-M5\Codigo_IA_generado\Sheriffsss\src\SheriffsssPackage\GameMap.java","C:\proyecto_code_ia\metricas_realizadas\Prog-Concurrente\2026-PROGC-Q1-M5\Codigo_IA_generado\Sheriffsss\src\SheriffsssPackage\GameMap.java","GameMap::clear","GameMap::clear( TileType defaultTile)",22,27
3,4,31,2,3,"GameMap::isInBounds@29-31@C:\proyecto_code_ia\metricas_realizadas\Prog-Concurrente\2026-PROGC-Q1-M5\Codigo_IA_generado\Sheriffsss\src\SheriffsssPackage\GameMap.java","C:\proyecto_code_ia\metricas_realizadas\Prog-Concurrente\2026-PROGC-Q1-M5\Codigo_IA_generado\Sheriffsss\src\SheriffsssPackage\GameMap.java","GameMap::isInBounds","GameMap::isInBounds( int tileX , int tileY)",29,31
6,2,41,2,6,"GameMap::getTile@33-38@C:\proyecto_code_ia\metricas_realizadas\Prog-Concurrente\2026-PROGC-Q1-M5\Codigo_IA_generado\Sheriffsss\src\SheriffsssPackage\GameMap.java","C:\proyecto_code_ia\metricas_realizadas\Prog-Concurrente\2026-PROGC-Q1-M5\Codigo_IA_generado\Sheriffsss\src\SheriffsssPackage\GameMap.java","GameMap::getTile","GameMap::getTile( int tileX , int tileY)",33,38
6,2,36,2,6,"GameMap::getObject@40-45@C:\proyecto_code_ia\metricas_realizadas\Prog-Concurrente\2026-PROGC-Q1-M5\Codigo_IA_generado\Sheriffsss\src\SheriffsssPackage\GameMap.java","C:\proyecto_code_ia\metricas_realizadas\Prog-Concurrente\2026-PROGC-Q1-M5\Codigo_IA_generado\Sheriffsss\src\SheriffsssPackage\GameMap.java","GameMap::getObject","GameMap::getObject( int tileX , int tileY)",40,45
3,1,19,1,3,"GameMap::worldToTileX@47-49@C:\proyecto_code_ia\metricas_realizadas\Prog-Concurrente\2026-PROGC-Q1-M5\Codigo_IA_generado\Sheriffsss\src\SheriffsssPackage\GameMap.java","C:\proyecto_code_ia\metricas_realizadas\Prog-Concurrente\2026-PROGC-Q1-M5\Codigo_IA_generado\Sheriffsss\src\SheriffsssPackage\GameMap.java","GameMap::worldToTileX","GameMap::worldToTileX( int worldX)",47,49
3,1,19,1,3,"GameMap::worldToTileY@51-53@C:\proyecto_code_ia\metricas_realizadas\Prog-Concurrente\2026-PROGC-Q1-M5\Codigo_IA_generado\Sheriffsss\src\SheriffsssPackage\GameMap.java","C:\proyecto_code_ia\metricas_realizadas\Prog-Concurrente\2026-PROGC-Q1-M5\Codigo_IA_generado\Sheriffsss\src\SheriffsssPackage\GameMap.java","GameMap::worldToTileY","GameMap::worldToTileY( int worldY)",51,53
3,1,24,2,3,"GameMap::getTileAtWorld@55-57@C:\proyecto_code_ia\metricas_realizadas\Prog-Concurrente\2026-PROGC-Q1-M5\Codigo_IA_generado\Sheriffsss\src\SheriffsssPackage\GameMap.java","C:\proyecto_code_ia\metricas_realizadas\Prog-Concurrente\2026-PROGC-Q1-M5\Codigo_IA_generado\Sheriffsss\src\SheriffsssPackage\GameMap.java","GameMap::getTileAtWorld","GameMap::getTileAtWorld( int worldX , int worldY)",55,57
3,1,24,2,3,"GameMap::getObjectAtWorld@59-61@C:\proyecto_code_ia\metricas_realizadas\Prog-Concurrente\2026-PROGC-Q1-M5\Codigo_IA_generado\Sheriffsss\src\SheriffsssPackage\GameMap.java","C:\proyecto_code_ia\metricas_realizadas\Prog-Concurrente\2026-PROGC-Q1-M5\Codigo_IA_generado\Sheriffsss\src\SheriffsssPackage\GameMap.java","GameMap::getObjectAtWorld","GameMap::getObjectAtWorld( int worldX , int worldY)",59,61
19,8,154,4,19,"GameMap::isAreaBlockedAtWorld@63-81@C:\proyecto_code_ia\metricas_realizadas\Prog-Concurrente\2026-PROGC-Q1-M5\Codigo_IA_generado\Sheriffsss\src\SheriffsssPackage\GameMap.java","C:\proyecto_code_ia\metricas_realizadas\Prog-Concurrente\2026-PROGC-Q1-M5\Codigo_IA_generado\Sheriffsss\src\SheriffsssPackage\GameMap.java","GameMap::isAreaBlockedAtWorld","GameMap::isAreaBlockedAtWorld( int leftWorldX , int topWorldY , int rightWorldX , int bottomWorldY)",63,81
8,4,96,7,8,"GameMap::intersectsObjectCollision@83-90@C:\proyecto_code_ia\metricas_realizadas\Prog-Concurrente\2026-PROGC-Q1-M5\Codigo_IA_generado\Sheriffsss\src\SheriffsssPackage\GameMap.java","C:\proyecto_code_ia\metricas_realizadas\Prog-Concurrente\2026-PROGC-Q1-M5\Codigo_IA_generado\Sheriffsss\src\SheriffsssPackage\GameMap.java","GameMap::intersectsObjectCollision","GameMap::intersectsObjectCollision( int leftWorldX , int topWorldY , int rightWorldX , int bottomWorldY , int objectTileX , int objectTileY , MapObject mapObject)",83,90
4,1,40,2,4,"GameMap::objectCollisionLeftWorldX@92-95@C:\proyecto_code_ia\metricas_realizadas\Prog-Concurrente\2026-PROGC-Q1-M5\Codigo_IA_generado\Sheriffsss\src\SheriffsssPackage\GameMap.java","C:\proyecto_code_ia\metricas_realizadas\Prog-Concurrente\2026-PROGC-Q1-M5\Codigo_IA_generado\Sheriffsss\src\SheriffsssPackage\GameMap.java","GameMap::objectCollisionLeftWorldX","GameMap::objectCollisionLeftWorldX( int objectTileX , MapObject mapObject)",92,95
4,1,40,2,4,"GameMap::objectCollisionTopWorldY@97-100@C:\proyecto_code_ia\metricas_realizadas\Prog-Concurrente\2026-PROGC-Q1-M5\Codigo_IA_generado\Sheriffsss\src\SheriffsssPackage\GameMap.java","C:\proyecto_code_ia\metricas_realizadas\Prog-Concurrente\2026-PROGC-Q1-M5\Codigo_IA_generado\Sheriffsss\src\SheriffsssPackage\GameMap.java","GameMap::objectCollisionTopWorldY","GameMap::objectCollisionTopWorldY( int objectTileY , MapObject mapObject)",97,100
8,5,68,2,8,"GameMap::isProjectileBlockedAtWorld@102-109@C:\proyecto_code_ia\metricas_realizadas\Prog-Concurrente\2026-PROGC-Q1-M5\Codigo_IA_generado\Sheriffsss\src\SheriffsssPackage\GameMap.java","C:\proyecto_code_ia\metricas_realizadas\Prog-Concurrente\2026-PROGC-Q1-M5\Codigo_IA_generado\Sheriffsss\src\SheriffsssPackage\GameMap.java","GameMap::isProjectileBlockedAtWorld","GameMap::isProjectileBlockedAtWorld( int worldX , int worldY)",102,109
8,5,65,2,8,"GameMap::isWalkableAtWorld@111-118@C:\proyecto_code_ia\metricas_realizadas\Prog-Concurrente\2026-PROGC-Q1-M5\Codigo_IA_generado\Sheriffsss\src\SheriffsssPackage\GameMap.java","C:\proyecto_code_ia\metricas_realizadas\Prog-Concurrente\2026-PROGC-Q1-M5\Codigo_IA_generado\Sheriffsss\src\SheriffsssPackage\GameMap.java","GameMap::isWalkableAtWorld","GameMap::isWalkableAtWorld( int worldX , int worldY)",111,118
4,4,48,2,4,"GameMap::canPlaceObject@120-123@C:\proyecto_code_ia\metricas_realizadas\Prog-Concurrente\2026-PROGC-Q1-M5\Codigo_IA_generado\Sheriffsss\src\SheriffsssPackage\GameMap.java","C:\proyecto_code_ia\metricas_realizadas\Prog-Concurrente\2026-PROGC-Q1-M5\Codigo_IA_generado\Sheriffsss\src\SheriffsssPackage\GameMap.java","GameMap::canPlaceObject","GameMap::canPlaceObject( int tileX , int tileY)",120,123
7,2,63,5,7,"GameMap::placeSingleObject@125-131@C:\proyecto_code_ia\metricas_realizadas\Prog-Concurrente\2026-PROGC-Q1-M5\Codigo_IA_generado\Sheriffsss\src\SheriffsssPackage\GameMap.java","C:\proyecto_code_ia\metricas_realizadas\Prog-Concurrente\2026-PROGC-Q1-M5\Codigo_IA_generado\Sheriffsss\src\SheriffsssPackage\GameMap.java","GameMap::placeSingleObject","GameMap::placeSingleObject( MapObjectType type , int tileX , int tileY , boolean solid , boolean abovePlayer)",125,131
13,4,136,0,13,"GameMap::rebuildMinimap@133-145@C:\proyecto_code_ia\metricas_realizadas\Prog-Concurrente\2026-PROGC-Q1-M5\Codigo_IA_generado\Sheriffsss\src\SheriffsssPackage\GameMap.java","C:\proyecto_code_ia\metricas_realizadas\Prog-Concurrente\2026-PROGC-Q1-M5\Codigo_IA_generado\Sheriffsss\src\SheriffsssPackage\GameMap.java","GameMap::rebuildMinimap","GameMap::rebuildMinimap()",133,145
12,4,126,5,12,"GameMap::placeObjectRect@147-158@C:\proyecto_code_ia\metricas_realizadas\Prog-Concurrente\2026-PROGC-Q1-M5\Codigo_IA_generado\Sheriffsss\src\SheriffsssPackage\GameMap.java","C:\proyecto_code_ia\metricas_realizadas\Prog-Concurrente\2026-PROGC-Q1-M5\Codigo_IA_generado\Sheriffsss\src\SheriffsssPackage\GameMap.java","GameMap::placeObjectRect","GameMap::placeObjectRect( MapObjectType type , int rootTileX , int rootTileY , boolean [ ] solidByIndex , boolean [ ] aboveByIndex)",147,158
4,1,22,2,4,"GameRenderer::GameRenderer@60-63@C:\proyecto_code_ia\metricas_realizadas\Prog-Concurrente\2026-PROGC-Q1-M5\Codigo_IA_generado\Sheriffsss\src\SheriffsssPackage\GameRenderer.java","C:\proyecto_code_ia\metricas_realizadas\Prog-Concurrente\2026-PROGC-Q1-M5\Codigo_IA_generado\Sheriffsss\src\SheriffsssPackage\GameRenderer.java","GameRenderer::GameRenderer","GameRenderer::GameRenderer( AssetManager assets , MenuRenderer menuRenderer)",60,63
19,7,142,2,19,"GameRenderer::render@65-83@C:\proyecto_code_ia\metricas_realizadas\Prog-Concurrente\2026-PROGC-Q1-M5\Codigo_IA_generado\Sheriffsss\src\SheriffsssPackage\GameRenderer.java","C:\proyecto_code_ia\metricas_realizadas\Prog-Concurrente\2026-PROGC-Q1-M5\Codigo_IA_generado\Sheriffsss\src\SheriffsssPackage\GameRenderer.java","GameRenderer::render","GameRenderer::render( Graphics2D g2 , Game game)",65,83
52,11,475,2,56,"GameRenderer::renderWorld@85-140@C:\proyecto_code_ia\metricas_realizadas\Prog-Concurrente\2026-PROGC-Q1-M5\Codigo_IA_generado\Sheriffsss\src\SheriffsssPackage\GameRenderer.java","C:\proyecto_code_ia\metricas_realizadas\Prog-Concurrente\2026-PROGC-Q1-M5\Codigo_IA_generado\Sheriffsss\src\SheriffsssPackage\GameRenderer.java","GameRenderer::renderWorld","GameRenderer::renderWorld( Graphics2D g2 , Game game)",85,140
8,2,60,2,8,"GameRenderer::drawSunsetTint@142-149@C:\proyecto_code_ia\metricas_realizadas\Prog-Concurrente\2026-PROGC-Q1-M5\Codigo_IA_generado\Sheriffsss\src\SheriffsssPackage\GameRenderer.java","C:\proyecto_code_ia\metricas_realizadas\Prog-Concurrente\2026-PROGC-Q1-M5\Codigo_IA_generado\Sheriffsss\src\SheriffsssPackage\GameRenderer.java","GameRenderer::drawSunsetTint","GameRenderer::drawSunsetTint( Graphics2D g2 , Game game)",142,149
25,7,293,2,25,"GameRenderer::drawLightingOverlay@151-175@C:\proyecto_code_ia\metricas_realizadas\Prog-Concurrente\2026-PROGC-Q1-M5\Codigo_IA_generado\Sheriffsss\src\SheriffsssPackage\GameRenderer.java","C:\proyecto_code_ia\metricas_realizadas\Prog-Concurrente\2026-PROGC-Q1-M5\Codigo_IA_generado\Sheriffsss\src\SheriffsssPackage\GameRenderer.java","GameRenderer::drawLightingOverlay","GameRenderer::drawLightingOverlay( Graphics2D g2 , Game game)",151,175
23,10,229,5,23,"GameRenderer::applyProjectileLights@177-199@C:\proyecto_code_ia\metricas_realizadas\Prog-Concurrente\2026-PROGC-Q1-M5\Codigo_IA_generado\Sheriffsss\src\SheriffsssPackage\GameRenderer.java","C:\proyecto_code_ia\metricas_realizadas\Prog-Concurrente\2026-PROGC-Q1-M5\Codigo_IA_generado\Sheriffsss\src\SheriffsssPackage\GameRenderer.java","GameRenderer::applyProjectileLights","GameRenderer::applyProjectileLights( java . util . List<Projectile> projectiles , GameMap map , int tileX , int tileY , int alpha)",177,199
10,4,93,6,10,"GameRenderer::applyEnemyDebuffLights@201-210@C:\proyecto_code_ia\metricas_realizadas\Prog-Concurrente\2026-PROGC-Q1-M5\Codigo_IA_generado\Sheriffsss\src\SheriffsssPackage\GameRenderer.java","C:\proyecto_code_ia\metricas_realizadas\Prog-Concurrente\2026-PROGC-Q1-M5\Codigo_IA_generado\Sheriffsss\src\SheriffsssPackage\GameRenderer.java","GameRenderer::applyEnemyDebuffLights","GameRenderer::applyEnemyDebuffLights( java . util . List<Enemy> enemies , GameMap map , int tileX , int tileY , int alpha , boolean hasEnemyDebuffLights)",201,210
11,4,110,5,11,"GameRenderer::applyRevolverFlash@212-222@C:\proyecto_code_ia\metricas_realizadas\Prog-Concurrente\2026-PROGC-Q1-M5\Codigo_IA_generado\Sheriffsss\src\SheriffsssPackage\GameRenderer.java","C:\proyecto_code_ia\metricas_realizadas\Prog-Concurrente\2026-PROGC-Q1-M5\Codigo_IA_generado\Sheriffsss\src\SheriffsssPackage\GameRenderer.java","GameRenderer::applyRevolverFlash","GameRenderer::applyRevolverFlash( Game game , GameMap map , int tileX , int tileY , int alpha)",212,222
8,2,51,1,8,"GameRenderer::getDarknessColor@224-231@C:\proyecto_code_ia\metricas_realizadas\Prog-Concurrente\2026-PROGC-Q1-M5\Codigo_IA_generado\Sheriffsss\src\SheriffsssPackage\GameRenderer.java","C:\proyecto_code_ia\metricas_realizadas\Prog-Concurrente\2026-PROGC-Q1-M5\Codigo_IA_generado\Sheriffsss\src\SheriffsssPackage\GameRenderer.java","GameRenderer::getDarknessColor","GameRenderer::getDarknessColor( int alpha)",224,231
8,2,51,1,8,"GameRenderer::getSunsetTintColor@233-240@C:\proyecto_code_ia\metricas_realizadas\Prog-Concurrente\2026-PROGC-Q1-M5\Codigo_IA_generado\Sheriffsss\src\SheriffsssPackage\GameRenderer.java","C:\proyecto_code_ia\metricas_realizadas\Prog-Concurrente\2026-PROGC-Q1-M5\Codigo_IA_generado\Sheriffsss\src\SheriffsssPackage\GameRenderer.java","GameRenderer::getSunsetTintColor","GameRenderer::getSunsetTintColor( int alpha)",233,240
14,6,143,2,14,"GameRenderer::drawGroundObjects@242-255@C:\proyecto_code_ia\metricas_realizadas\Prog-Concurrente\2026-PROGC-Q1-M5\Codigo_IA_generado\Sheriffsss\src\SheriffsssPackage\GameRenderer.java","C:\proyecto_code_ia\metricas_realizadas\Prog-Concurrente\2026-PROGC-Q1-M5\Codigo_IA_generado\Sheriffsss\src\SheriffsssPackage\GameRenderer.java","GameRenderer::drawGroundObjects","GameRenderer::drawGroundObjects( Graphics2D g2 , GameMap map)",242,255
3,1,37,2,3,"GameRenderer::drawPlayer@257-259@C:\proyecto_code_ia\metricas_realizadas\Prog-Concurrente\2026-PROGC-Q1-M5\Codigo_IA_generado\Sheriffsss\src\SheriffsssPackage\GameRenderer.java","C:\proyecto_code_ia\metricas_realizadas\Prog-Concurrente\2026-PROGC-Q1-M5\Codigo_IA_generado\Sheriffsss\src\SheriffsssPackage\GameRenderer.java","GameRenderer::drawPlayer","GameRenderer::drawPlayer( Graphics2D g2 , Player player)",257,259
5,2,31,3,5,"GameRenderer::drawPlayers@261-265@C:\proyecto_code_ia\metricas_realizadas\Prog-Concurrente\2026-PROGC-Q1-M5\Codigo_IA_generado\Sheriffsss\src\SheriffsssPackage\GameRenderer.java","C:\proyecto_code_ia\metricas_realizadas\Prog-Concurrente\2026-PROGC-Q1-M5\Codigo_IA_generado\Sheriffsss\src\SheriffsssPackage\GameRenderer.java","GameRenderer::drawPlayers","GameRenderer::drawPlayers( Graphics2D g2 , Game game , Player localPlayer)",261,265
7,1,94,4,7,"GameRenderer::drawPlayerAt@267-273@C:\proyecto_code_ia\metricas_realizadas\Prog-Concurrente\2026-PROGC-Q1-M5\Codigo_IA_generado\Sheriffsss\src\SheriffsssPackage\GameRenderer.java","C:\proyecto_code_ia\metricas_realizadas\Prog-Concurrente\2026-PROGC-Q1-M5\Codigo_IA_generado\Sheriffsss\src\SheriffsssPackage\GameRenderer.java","GameRenderer::drawPlayerAt","GameRenderer::drawPlayerAt( Graphics2D g2 , Player player , int drawX , int drawY)",267,273
7,1,94,1,7,"GameRenderer::fitPlayerSpriteSize@275-281@C:\proyecto_code_ia\metricas_realizadas\Prog-Concurrente\2026-PROGC-Q1-M5\Codigo_IA_generado\Sheriffsss\src\SheriffsssPackage\GameRenderer.java","C:\proyecto_code_ia\metricas_realizadas\Prog-Concurrente\2026-PROGC-Q1-M5\Codigo_IA_generado\Sheriffsss\src\SheriffsssPackage\GameRenderer.java","GameRenderer::fitPlayerSpriteSize","GameRenderer::fitPlayerSpriteSize( BufferedImage sprite)",275,281
23,7,236,2,23,"GameRenderer::drawCombatFloatingTexts@283-305@C:\proyecto_code_ia\metricas_realizadas\Prog-Concurrente\2026-PROGC-Q1-M5\Codigo_IA_generado\Sheriffsss\src\SheriffsssPackage\GameRenderer.java","C:\proyecto_code_ia\metricas_realizadas\Prog-Concurrente\2026-PROGC-Q1-M5\Codigo_IA_generado\Sheriffsss\src\SheriffsssPackage\GameRenderer.java","GameRenderer::drawCombatFloatingTexts","GameRenderer::drawCombatFloatingTexts( Graphics2D g2 , Game game)",283,305
9,2,71,1,9,"GameRenderer::getPickupTextComposite@307-315@C:\proyecto_code_ia\metricas_realizadas\Prog-Concurrente\2026-PROGC-Q1-M5\Codigo_IA_generado\Sheriffsss\src\SheriffsssPackage\GameRenderer.java","C:\proyecto_code_ia\metricas_realizadas\Prog-Concurrente\2026-PROGC-Q1-M5\Codigo_IA_generado\Sheriffsss\src\SheriffsssPackage\GameRenderer.java","GameRenderer::getPickupTextComposite","GameRenderer::getPickupTextComposite( int alpha)",307,315
26,7,286,2,26,"GameRenderer::drawEnemies@317-342@C:\proyecto_code_ia\metricas_realizadas\Prog-Concurrente\2026-PROGC-Q1-M5\Codigo_IA_generado\Sheriffsss\src\SheriffsssPackage\GameRenderer.java","C:\proyecto_code_ia\metricas_realizadas\Prog-Concurrente\2026-PROGC-Q1-M5\Codigo_IA_generado\Sheriffsss\src\SheriffsssPackage\GameRenderer.java","GameRenderer::drawEnemies","GameRenderer::drawEnemies( Graphics2D g2 , Game game)",317,342
18,6,192,2,18,"GameRenderer::drawProjectiles@344-361@C:\proyecto_code_ia\metricas_realizadas\Prog-Concurrente\2026-PROGC-Q1-M5\Codigo_IA_generado\Sheriffsss\src\SheriffsssPackage\GameRenderer.java","C:\proyecto_code_ia\metricas_realizadas\Prog-Concurrente\2026-PROGC-Q1-M5\Codigo_IA_generado\Sheriffsss\src\SheriffsssPackage\GameRenderer.java","GameRenderer::drawProjectiles","GameRenderer::drawProjectiles( Graphics2D g2 , Game game)",344,361
29,4,451,2,31,"GameRenderer::drawFlameBurstEffects@363-393@C:\proyecto_code_ia\metricas_realizadas\Prog-Concurrente\2026-PROGC-Q1-M5\Codigo_IA_generado\Sheriffsss\src\SheriffsssPackage\GameRenderer.java","C:\proyecto_code_ia\metricas_realizadas\Prog-Concurrente\2026-PROGC-Q1-M5\Codigo_IA_generado\Sheriffsss\src\SheriffsssPackage\GameRenderer.java","GameRenderer::drawFlameBurstEffects","GameRenderer::drawFlameBurstEffects( Graphics2D g2 , Game game)",363,393
9,2,79,1,9,"GameRenderer::getFlameBurstOuterColor@395-403@C:\proyecto_code_ia\metricas_realizadas\Prog-Concurrente\2026-PROGC-Q1-M5\Codigo_IA_generado\Sheriffsss\src\SheriffsssPackage\GameRenderer.java","C:\proyecto_code_ia\metricas_realizadas\Prog-Concurrente\2026-PROGC-Q1-M5\Codigo_IA_generado\Sheriffsss\src\SheriffsssPackage\GameRenderer.java","GameRenderer::getFlameBurstOuterColor","GameRenderer::getFlameBurstOuterColor( int alpha)",395,403
9,2,79,1,9,"GameRenderer::getFlameBurstCoreColor@405-413@C:\proyecto_code_ia\metricas_realizadas\Prog-Concurrente\2026-PROGC-Q1-M5\Codigo_IA_generado\Sheriffsss\src\SheriffsssPackage\GameRenderer.java","C:\proyecto_code_ia\metricas_realizadas\Prog-Concurrente\2026-PROGC-Q1-M5\Codigo_IA_generado\Sheriffsss\src\SheriffsssPackage\GameRenderer.java","GameRenderer::getFlameBurstCoreColor","GameRenderer::getFlameBurstCoreColor( int alpha)",405,413
11,3,172,6,11,"GameRenderer::drawBurningParticles@415-425@C:\proyecto_code_ia\metricas_realizadas\Prog-Concurrente\2026-PROGC-Q1-M5\Codigo_IA_generado\Sheriffsss\src\SheriffsssPackage\GameRenderer.java","C:\proyecto_code_ia\metricas_realizadas\Prog-Concurrente\2026-PROGC-Q1-M5\Codigo_IA_generado\Sheriffsss\src\SheriffsssPackage\GameRenderer.java","GameRenderer::drawBurningParticles","GameRenderer::drawBurningParticles( Graphics2D g2 , Enemy enemy , int screenX , int drawY , int drawWidth , int drawHeight)",415,425
3,1,22,2,3,"GameRenderer::enemyAnimationRow@427-429@C:\proyecto_code_ia\metricas_realizadas\Prog-Concurrente\2026-PROGC-Q1-M5\Codigo_IA_generado\Sheriffsss\src\SheriffsssPackage\GameRenderer.java","C:\proyecto_code_ia\metricas_realizadas\Prog-Concurrente\2026-PROGC-Q1-M5\Codigo_IA_generado\Sheriffsss\src\SheriffsssPackage\GameRenderer.java","GameRenderer::enemyAnimationRow","GameRenderer::enemyAnimationRow( Enemy enemy , EnemyType type)",427,429
5,1,81,9,5,"GameRenderer::drawEnemySprite@431-435@C:\proyecto_code_ia\metricas_realizadas\Prog-Concurrente\2026-PROGC-Q1-M5\Codigo_IA_generado\Sheriffsss\src\SheriffsssPackage\GameRenderer.java","C:\proyecto_code_ia\metricas_realizadas\Prog-Concurrente\2026-PROGC-Q1-M5\Codigo_IA_generado\Sheriffsss\src\SheriffsssPackage\GameRenderer.java","GameRenderer::drawEnemySprite","GameRenderer::drawEnemySprite( Graphics2D g2 , BufferedImage sheet , Enemy enemy , int drawX , int drawY , int drawWidth , int drawHeight , int sourceX , int sourceY)",431,435
15,2,163,4,15,"GameRenderer::drawEnemyHealthBar@437-451@C:\proyecto_code_ia\metricas_realizadas\Prog-Concurrente\2026-PROGC-Q1-M5\Codigo_IA_generado\Sheriffsss\src\SheriffsssPackage\GameRenderer.java","C:\proyecto_code_ia\metricas_realizadas\Prog-Concurrente\2026-PROGC-Q1-M5\Codigo_IA_generado\Sheriffsss\src\SheriffsssPackage\GameRenderer.java","GameRenderer::drawEnemyHealthBar","GameRenderer::drawEnemyHealthBar( Graphics2D g2 , Enemy enemy , int centerX , int y)",437,451
7,4,54,2,7,"GameRenderer::isHeldItemRendered@453-459@C:\proyecto_code_ia\metricas_realizadas\Prog-Concurrente\2026-PROGC-Q1-M5\Codigo_IA_generado\Sheriffsss\src\SheriffsssPackage\GameRenderer.java","C:\proyecto_code_ia\metricas_realizadas\Prog-Concurrente\2026-PROGC-Q1-M5\Codigo_IA_generado\Sheriffsss\src\SheriffsssPackage\GameRenderer.java","GameRenderer::isHeldItemRendered","GameRenderer::isHeldItemRendered( Game game , Player player)",453,459
3,1,46,3,3,"GameRenderer::drawHeldItem@461-463@C:\proyecto_code_ia\metricas_realizadas\Prog-Concurrente\2026-PROGC-Q1-M5\Codigo_IA_generado\Sheriffsss\src\SheriffsssPackage\GameRenderer.java","C:\proyecto_code_ia\metricas_realizadas\Prog-Concurrente\2026-PROGC-Q1-M5\Codigo_IA_generado\Sheriffsss\src\SheriffsssPackage\GameRenderer.java","GameRenderer::drawHeldItem","GameRenderer::drawHeldItem( Graphics2D g2 , Game game , Player player)",461,463
5,2,33,3,5,"GameRenderer::drawHeldItems@465-469@C:\proyecto_code_ia\metricas_realizadas\Prog-Concurrente\2026-PROGC-Q1-M5\Codigo_IA_generado\Sheriffsss\src\SheriffsssPackage\GameRenderer.java","C:\proyecto_code_ia\metricas_realizadas\Prog-Concurrente\2026-PROGC-Q1-M5\Codigo_IA_generado\Sheriffsss\src\SheriffsssPackage\GameRenderer.java","GameRenderer::drawHeldItems","GameRenderer::drawHeldItems( Graphics2D g2 , Game game , Player localPlayer)",465,469
29,7,295,7,29,"GameRenderer::drawHeldItemAt@471-499@C:\proyecto_code_ia\metricas_realizadas\Prog-Concurrente\2026-PROGC-Q1-M5\Codigo_IA_generado\Sheriffsss\src\SheriffsssPackage\GameRenderer.java","C:\proyecto_code_ia\metricas_realizadas\Prog-Concurrente\2026-PROGC-Q1-M5\Codigo_IA_generado\Sheriffsss\src\SheriffsssPackage\GameRenderer.java","GameRenderer::drawHeldItemAt","GameRenderer::drawHeldItemAt( Graphics2D g2 , Player player , int centerX , int centerY , boolean usingTool , int toolUseTicks , int toolUseDurationTicks)",471,499
4,2,35,1,4,"GameRenderer::heldItemDrawConfig@501-504@C:\proyecto_code_ia\metricas_realizadas\Prog-Concurrente\2026-PROGC-Q1-M5\Codigo_IA_generado\Sheriffsss\src\SheriffsssPackage\GameRenderer.java","C:\proyecto_code_ia\metricas_realizadas\Prog-Concurrente\2026-PROGC-Q1-M5\Codigo_IA_generado\Sheriffsss\src\SheriffsssPackage\GameRenderer.java","GameRenderer::heldItemDrawConfig","GameRenderer::heldItemDrawConfig( Player player)",501,504
25,4,264,2,25,"GameRenderer::drawToolTargetBar@506-530@C:\proyecto_code_ia\metricas_realizadas\Prog-Concurrente\2026-PROGC-Q1-M5\Codigo_IA_generado\Sheriffsss\src\SheriffsssPackage\GameRenderer.java","C:\proyecto_code_ia\metricas_realizadas\Prog-Concurrente\2026-PROGC-Q1-M5\Codigo_IA_generado\Sheriffsss\src\SheriffsssPackage\GameRenderer.java","GameRenderer::drawToolTargetBar","GameRenderer::drawToolTargetBar( Graphics2D g2 , Game game)",506,530
10,5,90,3,10,"GameRenderer::drawMapObjectOverlay@532-541@C:\proyecto_code_ia\metricas_realizadas\Prog-Concurrente\2026-PROGC-Q1-M5\Codigo_IA_generado\Sheriffsss\src\SheriffsssPackage\GameRenderer.java","C:\proyecto_code_ia\metricas_realizadas\Prog-Concurrente\2026-PROGC-Q1-M5\Codigo_IA_generado\Sheriffsss\src\SheriffsssPackage\GameRenderer.java","GameRenderer::drawMapObjectOverlay","GameRenderer::drawMapObjectOverlay( Graphics2D g2 , GameMap map , Player player)",532,541
8,1,113,2,8,"GameRenderer::drawMapObject@543-550@C:\proyecto_code_ia\metricas_realizadas\Prog-Concurrente\2026-PROGC-Q1-M5\Codigo_IA_generado\Sheriffsss\src\SheriffsssPackage\GameRenderer.java","C:\proyecto_code_ia\metricas_realizadas\Prog-Concurrente\2026-PROGC-Q1-M5\Codigo_IA_generado\Sheriffsss\src\SheriffsssPackage\GameRenderer.java","GameRenderer::drawMapObject","GameRenderer::drawMapObject( Graphics2D g2 , MapObject mapObject)",543,550
10,4,100,1,10,"GameRenderer::intersectsVisibleArea@552-561@C:\proyecto_code_ia\metricas_realizadas\Prog-Concurrente\2026-PROGC-Q1-M5\Codigo_IA_generado\Sheriffsss\src\SheriffsssPackage\GameRenderer.java","C:\proyecto_code_ia\metricas_realizadas\Prog-Concurrente\2026-PROGC-Q1-M5\Codigo_IA_generado\Sheriffsss\src\SheriffsssPackage\GameRenderer.java","GameRenderer::intersectsVisibleArea","GameRenderer::intersectsVisibleArea( MapObject mapObject)",552,561
47,16,345,2,47,"GameRenderer::drawDebugWorld@563-609@C:\proyecto_code_ia\metricas_realizadas\Prog-Concurrente\2026-PROGC-Q1-M5\Codigo_IA_generado\Sheriffsss\src\SheriffsssPackage\GameRenderer.java","C:\proyecto_code_ia\metricas_realizadas\Prog-Concurrente\2026-PROGC-Q1-M5\Codigo_IA_generado\Sheriffsss\src\SheriffsssPackage\GameRenderer.java","GameRenderer::drawDebugWorld","GameRenderer::drawDebugWorld( Graphics2D g2 , Game game)",563,609
14,2,184,2,14,"GameRenderer::drawDebugHitboxes@611-624@C:\proyecto_code_ia\metricas_realizadas\Prog-Concurrente\2026-PROGC-Q1-M5\Codigo_IA_generado\Sheriffsss\src\SheriffsssPackage\GameRenderer.java","C:\proyecto_code_ia\metricas_realizadas\Prog-Concurrente\2026-PROGC-Q1-M5\Codigo_IA_generado\Sheriffsss\src\SheriffsssPackage\GameRenderer.java","GameRenderer::drawDebugHitboxes","GameRenderer::drawDebugHitboxes( Graphics2D g2 , Game game)",611,624
13,2,81,2,13,"GameRenderer::drawDebugTrainingFailurePerimeter@626-638@C:\proyecto_code_ia\metricas_realizadas\Prog-Concurrente\2026-PROGC-Q1-M5\Codigo_IA_generado\Sheriffsss\src\SheriffsssPackage\GameRenderer.java","C:\proyecto_code_ia\metricas_realizadas\Prog-Concurrente\2026-PROGC-Q1-M5\Codigo_IA_generado\Sheriffsss\src\SheriffsssPackage\GameRenderer.java","GameRenderer::drawDebugTrainingFailurePerimeter","GameRenderer::drawDebugTrainingFailurePerimeter( Graphics2D g2 , Game game)",626,638
17,6,172,2,17,"GameRenderer::drawDebugObjectHitboxes@640-656@C:\proyecto_code_ia\metricas_realizadas\Prog-Concurrente\2026-PROGC-Q1-M5\Codigo_IA_generado\Sheriffsss\src\SheriffsssPackage\GameRenderer.java","C:\proyecto_code_ia\metricas_realizadas\Prog-Concurrente\2026-PROGC-Q1-M5\Codigo_IA_generado\Sheriffsss\src\SheriffsssPackage\GameRenderer.java","GameRenderer::drawDebugObjectHitboxes","GameRenderer::drawDebugObjectHitboxes( Graphics2D g2 , GameMap map)",640,656
4,1,28,2,4,"GameRenderer::drawDebugSpritePerimeters@658-661@C:\proyecto_code_ia\metricas_realizadas\Prog-Concurrente\2026-PROGC-Q1-M5\Codigo_IA_generado\Sheriffsss\src\SheriffsssPackage\GameRenderer.java","C:\proyecto_code_ia\metricas_realizadas\Prog-Concurrente\2026-PROGC-Q1-M5\Codigo_IA_generado\Sheriffsss\src\SheriffsssPackage\GameRenderer.java","GameRenderer::drawDebugSpritePerimeters","GameRenderer::drawDebugSpritePerimeters( Graphics2D g2 , Game game)",658,661
10,1,119,2,10,"GameRenderer::drawDebugPlayerSpritePerimeter@663-672@C:\proyecto_code_ia\metricas_realizadas\Prog-Concurrente\2026-PROGC-Q1-M5\Codigo_IA_generado\Sheriffsss\src\SheriffsssPackage\GameRenderer.java","C:\proyecto_code_ia\metricas_realizadas\Prog-Concurrente\2026-PROGC-Q1-M5\Codigo_IA_generado\Sheriffsss\src\SheriffsssPackage\GameRenderer.java","GameRenderer::drawDebugPlayerSpritePerimeter","GameRenderer::drawDebugPlayerSpritePerimeter( Graphics2D g2 , Player player)",663,672
26,3,236,2,26,"GameRenderer::drawDebugHeldItemSpritePerimeter@674-699@C:\proyecto_code_ia\metricas_realizadas\Prog-Concurrente\2026-PROGC-Q1-M5\Codigo_IA_generado\Sheriffsss\src\SheriffsssPackage\GameRenderer.java","C:\proyecto_code_ia\metricas_realizadas\Prog-Concurrente\2026-PROGC-Q1-M5\Codigo_IA_generado\Sheriffsss\src\SheriffsssPackage\GameRenderer.java","GameRenderer::drawDebugHeldItemSpritePerimeter","GameRenderer::drawDebugHeldItemSpritePerimeter( Graphics2D g2 , Game game)",674,699
13,2,137,9,13,"GameRenderer::applyHeldItemRotation@701-713@C:\proyecto_code_ia\metricas_realizadas\Prog-Concurrente\2026-PROGC-Q1-M5\Codigo_IA_generado\Sheriffsss\src\SheriffsssPackage\GameRenderer.java","C:\proyecto_code_ia\metricas_realizadas\Prog-Concurrente\2026-PROGC-Q1-M5\Codigo_IA_generado\Sheriffsss\src\SheriffsssPackage\GameRenderer.java","GameRenderer::applyHeldItemRotation","GameRenderer::applyHeldItemRotation( Graphics2D g2 , ItemDefinitionDrawConfig drawConfig , Facing facing , int drawX , int drawY , int itemWidth , int itemHeight , double baseAngle , double recoilAngle)",701,713
4,3,57,4,4,"GameRenderer::heldItemGripAnchorX@715-718@C:\proyecto_code_ia\metricas_realizadas\Prog-Concurrente\2026-PROGC-Q1-M5\Codigo_IA_generado\Sheriffsss\src\SheriffsssPackage\GameRenderer.java","C:\proyecto_code_ia\metricas_realizadas\Prog-Concurrente\2026-PROGC-Q1-M5\Codigo_IA_generado\Sheriffsss\src\SheriffsssPackage\GameRenderer.java","GameRenderer::heldItemGripAnchorX","GameRenderer::heldItemGripAnchorX( ItemDefinitionDrawConfig drawConfig , Facing facing , int drawX , int itemWidth)",715,718
3,2,30,4,3,"GameRenderer::heldItemBarrelAnchorX@720-722@C:\proyecto_code_ia\metricas_realizadas\Prog-Concurrente\2026-PROGC-Q1-M5\Codigo_IA_generado\Sheriffsss\src\SheriffsssPackage\GameRenderer.java","C:\proyecto_code_ia\metricas_realizadas\Prog-Concurrente\2026-PROGC-Q1-M5\Codigo_IA_generado\Sheriffsss\src\SheriffsssPackage\GameRenderer.java","GameRenderer::heldItemBarrelAnchorX","GameRenderer::heldItemBarrelAnchorX( ItemDefinitionDrawConfig drawConfig , Facing facing , int drawX , int itemWidth)",720,722
3,1,24,3,3,"GameRenderer::heldItemGripAnchorY@724-726@C:\proyecto_code_ia\metricas_realizadas\Prog-Concurrente\2026-PROGC-Q1-M5\Codigo_IA_generado\Sheriffsss\src\SheriffsssPackage\GameRenderer.java","C:\proyecto_code_ia\metricas_realizadas\Prog-Concurrente\2026-PROGC-Q1-M5\Codigo_IA_generado\Sheriffsss\src\SheriffsssPackage\GameRenderer.java","GameRenderer::heldItemGripAnchorY","GameRenderer::heldItemGripAnchorY( ItemDefinitionDrawConfig drawConfig , int drawY , int itemHeight)",724,726
3,1,10,1,3,"GameRenderer::heldItemBarrelAnchorY@728-730@C:\proyecto_code_ia\metricas_realizadas\Prog-Concurrente\2026-PROGC-Q1-M5\Codigo_IA_generado\Sheriffsss\src\SheriffsssPackage\GameRenderer.java","C:\proyecto_code_ia\metricas_realizadas\Prog-Concurrente\2026-PROGC-Q1-M5\Codigo_IA_generado\Sheriffsss\src\SheriffsssPackage\GameRenderer.java","GameRenderer::heldItemBarrelAnchorY","GameRenderer::heldItemBarrelAnchorY( int drawY)",728,730
5,1,54,5,5,"GameRenderer::rotateX@732-736@C:\proyecto_code_ia\metricas_realizadas\Prog-Concurrente\2026-PROGC-Q1-M5\Codigo_IA_generado\Sheriffsss\src\SheriffsssPackage\GameRenderer.java","C:\proyecto_code_ia\metricas_realizadas\Prog-Concurrente\2026-PROGC-Q1-M5\Codigo_IA_generado\Sheriffsss\src\SheriffsssPackage\GameRenderer.java","GameRenderer::rotateX","GameRenderer::rotateX( double x , double y , double centerX , double centerY , double angle)",732,736
5,1,54,5,5,"GameRenderer::rotateY@738-742@C:\proyecto_code_ia\metricas_realizadas\Prog-Concurrente\2026-PROGC-Q1-M5\Codigo_IA_generado\Sheriffsss\src\SheriffsssPackage\GameRenderer.java","C:\proyecto_code_ia\metricas_realizadas\Prog-Concurrente\2026-PROGC-Q1-M5\Codigo_IA_generado\Sheriffsss\src\SheriffsssPackage\GameRenderer.java","GameRenderer::rotateY","GameRenderer::rotateY( double x , double y , double centerX , double centerY , double angle)",738,742
13,1,137,2,13,"GameRenderer::heldItemGripAnchorCanvasX@744-756@C:\proyecto_code_ia\metricas_realizadas\Prog-Concurrente\2026-PROGC-Q1-M5\Codigo_IA_generado\Sheriffsss\src\SheriffsssPackage\GameRenderer.java","C:\proyecto_code_ia\metricas_realizadas\Prog-Concurrente\2026-PROGC-Q1-M5\Codigo_IA_generado\Sheriffsss\src\SheriffsssPackage\GameRenderer.java","GameRenderer::heldItemGripAnchorCanvasX","GameRenderer::heldItemGripAnchorCanvasX( Player player , ItemDefinition definition)",744,756
13,1,137,2,13,"GameRenderer::heldItemGripAnchorCanvasY@758-770@C:\proyecto_code_ia\metricas_realizadas\Prog-Concurrente\2026-PROGC-Q1-M5\Codigo_IA_generado\Sheriffsss\src\SheriffsssPackage\GameRenderer.java","C:\proyecto_code_ia\metricas_realizadas\Prog-Concurrente\2026-PROGC-Q1-M5\Codigo_IA_generado\Sheriffsss\src\SheriffsssPackage\GameRenderer.java","GameRenderer::heldItemGripAnchorCanvasY","GameRenderer::heldItemGripAnchorCanvasY( Player player , ItemDefinition definition)",758,770
13,1,133,2,13,"GameRenderer::heldItemBarrelAnchorCanvasX@772-784@C:\proyecto_code_ia\metricas_realizadas\Prog-Concurrente\2026-PROGC-Q1-M5\Codigo_IA_generado\Sheriffsss\src\SheriffsssPackage\GameRenderer.java","C:\proyecto_code_ia\metricas_realizadas\Prog-Concurrente\2026-PROGC-Q1-M5\Codigo_IA_generado\Sheriffsss\src\SheriffsssPackage\GameRenderer.java","GameRenderer::heldItemBarrelAnchorCanvasX","GameRenderer::heldItemBarrelAnchorCanvasX( Player player , ItemDefinition definition)",772,784
13,1,133,2,13,"GameRenderer::heldItemBarrelAnchorCanvasY@786-798@C:\proyecto_code_ia\metricas_realizadas\Prog-Concurrente\2026-PROGC-Q1-M5\Codigo_IA_generado\Sheriffsss\src\SheriffsssPackage\GameRenderer.java","C:\proyecto_code_ia\metricas_realizadas\Prog-Concurrente\2026-PROGC-Q1-M5\Codigo_IA_generado\Sheriffsss\src\SheriffsssPackage\GameRenderer.java","GameRenderer::heldItemBarrelAnchorCanvasY","GameRenderer::heldItemBarrelAnchorCanvasY( Player player , ItemDefinition definition)",786,798
8,2,73,2,8,"GameRenderer::toolSwing@800-807@C:\proyecto_code_ia\metricas_realizadas\Prog-Concurrente\2026-PROGC-Q1-M5\Codigo_IA_generado\Sheriffsss\src\SheriffsssPackage\GameRenderer.java","C:\proyecto_code_ia\metricas_realizadas\Prog-Concurrente\2026-PROGC-Q1-M5\Codigo_IA_generado\Sheriffsss\src\SheriffsssPackage\GameRenderer.java","GameRenderer::toolSwing","GameRenderer::toolSwing( int toolUseTicks , int toolUseDurationTicks)",800,807
7,1,80,1,7,"GameRenderer::drawDebugOrigin@809-815@C:\proyecto_code_ia\metricas_realizadas\Prog-Concurrente\2026-PROGC-Q1-M5\Codigo_IA_generado\Sheriffsss\src\SheriffsssPackage\GameRenderer.java","C:\proyecto_code_ia\metricas_realizadas\Prog-Concurrente\2026-PROGC-Q1-M5\Codigo_IA_generado\Sheriffsss\src\SheriffsssPackage\GameRenderer.java","GameRenderer::drawDebugOrigin","GameRenderer::drawDebugOrigin( Graphics2D g2)",809,815
12,2,108,2,12,"GameRenderer::drawDebugWeaponOrigin@817-828@C:\proyecto_code_ia\metricas_realizadas\Prog-Concurrente\2026-PROGC-Q1-M5\Codigo_IA_generado\Sheriffsss\src\SheriffsssPackage\GameRenderer.java","C:\proyecto_code_ia\metricas_realizadas\Prog-Concurrente\2026-PROGC-Q1-M5\Codigo_IA_generado\Sheriffsss\src\SheriffsssPackage\GameRenderer.java","GameRenderer::drawDebugWeaponOrigin","GameRenderer::drawDebugWeaponOrigin( Graphics2D g2 , Game game)",817,828
14,2,138,2,14,"GameRenderer::drawDebugWeaponGripAnchor@830-843@C:\proyecto_code_ia\metricas_realizadas\Prog-Concurrente\2026-PROGC-Q1-M5\Codigo_IA_generado\Sheriffsss\src\SheriffsssPackage\GameRenderer.java","C:\proyecto_code_ia\metricas_realizadas\Prog-Concurrente\2026-PROGC-Q1-M5\Codigo_IA_generado\Sheriffsss\src\SheriffsssPackage\GameRenderer.java","GameRenderer::drawDebugWeaponGripAnchor","GameRenderer::drawDebugWeaponGripAnchor( Graphics2D g2 , Game game)",830,843
14,2,138,2,14,"GameRenderer::drawDebugWeaponBarrelAnchor@845-858@C:\proyecto_code_ia\metricas_realizadas\Prog-Concurrente\2026-PROGC-Q1-M5\Codigo_IA_generado\Sheriffsss\src\SheriffsssPackage\GameRenderer.java","C:\proyecto_code_ia\metricas_realizadas\Prog-Concurrente\2026-PROGC-Q1-M5\Codigo_IA_generado\Sheriffsss\src\SheriffsssPackage\GameRenderer.java","GameRenderer::drawDebugWeaponBarrelAnchor","GameRenderer::drawDebugWeaponBarrelAnchor( Graphics2D g2 , Game game)",845,858
9,2,122,2,9,"GameRenderer::drawDebugBulletTrajectories@860-868@C:\proyecto_code_ia\metricas_realizadas\Prog-Concurrente\2026-PROGC-Q1-M5\Codigo_IA_generado\Sheriffsss\src\SheriffsssPackage\GameRenderer.java","C:\proyecto_code_ia\metricas_realizadas\Prog-Concurrente\2026-PROGC-Q1-M5\Codigo_IA_generado\Sheriffsss\src\SheriffsssPackage\GameRenderer.java","GameRenderer::drawDebugBulletTrajectories","GameRenderer::drawDebugBulletTrajectories( Graphics2D g2 , DebugOptions debug)",860,868
31,2,295,5,31,"GameRenderer::drawAccuracyCone@870-900@C:\proyecto_code_ia\metricas_realizadas\Prog-Concurrente\2026-PROGC-Q1-M5\Codigo_IA_generado\Sheriffsss\src\SheriffsssPackage\GameRenderer.java","C:\proyecto_code_ia\metricas_realizadas\Prog-Concurrente\2026-PROGC-Q1-M5\Codigo_IA_generado\Sheriffsss\src\SheriffsssPackage\GameRenderer.java","GameRenderer::drawAccuracyCone","GameRenderer::drawAccuracyCone( Graphics2D g2 , Game game , double accuracy , Color fillColor , Color outlineColor)",870,900
3,1,36,1,3,"GameRenderer::mouseWorldX@902-904@C:\proyecto_code_ia\metricas_realizadas\Prog-Concurrente\2026-PROGC-Q1-M5\Codigo_IA_generado\Sheriffsss\src\SheriffsssPackage\GameRenderer.java","C:\proyecto_code_ia\metricas_realizadas\Prog-Concurrente\2026-PROGC-Q1-M5\Codigo_IA_generado\Sheriffsss\src\SheriffsssPackage\GameRenderer.java","GameRenderer::mouseWorldX","GameRenderer::mouseWorldX( Game game)",902,904
3,1,36,1,3,"GameRenderer::mouseWorldY@906-908@C:\proyecto_code_ia\metricas_realizadas\Prog-Concurrente\2026-PROGC-Q1-M5\Codigo_IA_generado\Sheriffsss\src\SheriffsssPackage\GameRenderer.java","C:\proyecto_code_ia\metricas_realizadas\Prog-Concurrente\2026-PROGC-Q1-M5\Codigo_IA_generado\Sheriffsss\src\SheriffsssPackage\GameRenderer.java","GameRenderer::mouseWorldY","GameRenderer::mouseWorldY( Game game)",906,908
3,1,34,1,3,"GameRenderer::mouseCanvasX@910-912@C:\proyecto_code_ia\metricas_realizadas\Prog-Concurrente\2026-PROGC-Q1-M5\Codigo_IA_generado\Sheriffsss\src\SheriffsssPackage\GameRenderer.java","C:\proyecto_code_ia\metricas_realizadas\Prog-Concurrente\2026-PROGC-Q1-M5\Codigo_IA_generado\Sheriffsss\src\SheriffsssPackage\GameRenderer.java","GameRenderer::mouseCanvasX","GameRenderer::mouseCanvasX( Game game)",910,912
3,1,34,1,3,"GameRenderer::mouseCanvasY@914-916@C:\proyecto_code_ia\metricas_realizadas\Prog-Concurrente\2026-PROGC-Q1-M5\Codigo_IA_generado\Sheriffsss\src\SheriffsssPackage\GameRenderer.java","C:\proyecto_code_ia\metricas_realizadas\Prog-Concurrente\2026-PROGC-Q1-M5\Codigo_IA_generado\Sheriffsss\src\SheriffsssPackage\GameRenderer.java","GameRenderer::mouseCanvasY","GameRenderer::mouseCanvasY( Game game)",914,916
3,1,26,1,3,"GameRenderer::weaponOriginCanvasX@918-920@C:\proyecto_code_ia\metricas_realizadas\Prog-Concurrente\2026-PROGC-Q1-M5\Codigo_IA_generado\Sheriffsss\src\SheriffsssPackage\GameRenderer.java","C:\proyecto_code_ia\metricas_realizadas\Prog-Concurrente\2026-PROGC-Q1-M5\Codigo_IA_generado\Sheriffsss\src\SheriffsssPackage\GameRenderer.java","GameRenderer::weaponOriginCanvasX","GameRenderer::weaponOriginCanvasX( Game game)",918,920
3,1,26,1,3,"GameRenderer::weaponOriginCanvasY@922-924@C:\proyecto_code_ia\metricas_realizadas\Prog-Concurrente\2026-PROGC-Q1-M5\Codigo_IA_generado\Sheriffsss\src\SheriffsssPackage\GameRenderer.java","C:\proyecto_code_ia\metricas_realizadas\Prog-Concurrente\2026-PROGC-Q1-M5\Codigo_IA_generado\Sheriffsss\src\SheriffsssPackage\GameRenderer.java","GameRenderer::weaponOriginCanvasY","GameRenderer::weaponOriginCanvasY( Game game)",922,924
8,3,60,1,8,"GameRenderer::weaponOriginWorldX@926-933@C:\proyecto_code_ia\metricas_realizadas\Prog-Concurrente\2026-PROGC-Q1-M5\Codigo_IA_generado\Sheriffsss\src\SheriffsssPackage\GameRenderer.java","C:\proyecto_code_ia\metricas_realizadas\Prog-Concurrente\2026-PROGC-Q1-M5\Codigo_IA_generado\Sheriffsss\src\SheriffsssPackage\GameRenderer.java","GameRenderer::weaponOriginWorldX","GameRenderer::weaponOriginWorldX( Game game)",926,933
8,3,60,1,8,"GameRenderer::weaponOriginWorldY@935-942@C:\proyecto_code_ia\metricas_realizadas\Prog-Concurrente\2026-PROGC-Q1-M5\Codigo_IA_generado\Sheriffsss\src\SheriffsssPackage\GameRenderer.java","C:\proyecto_code_ia\metricas_realizadas\Prog-Concurrente\2026-PROGC-Q1-M5\Codigo_IA_generado\Sheriffsss\src\SheriffsssPackage\GameRenderer.java","GameRenderer::weaponOriginWorldY","GameRenderer::weaponOriginWorldY( Game game)",935,942
10,4,52,1,10,"GameRenderer::equippedHandDefinition@944-953@C:\proyecto_code_ia\metricas_realizadas\Prog-Concurrente\2026-PROGC-Q1-M5\Codigo_IA_generado\Sheriffsss\src\SheriffsssPackage\GameRenderer.java","C:\proyecto_code_ia\metricas_realizadas\Prog-Concurrente\2026-PROGC-Q1-M5\Codigo_IA_generado\Sheriffsss\src\SheriffsssPackage\GameRenderer.java","GameRenderer::equippedHandDefinition","GameRenderer::equippedHandDefinition( Player player)",944,953
8,3,75,2,8,"GameRenderer::aimFacing@955-962@C:\proyecto_code_ia\metricas_realizadas\Prog-Concurrente\2026-PROGC-Q1-M5\Codigo_IA_generado\Sheriffsss\src\SheriffsssPackage\GameRenderer.java","C:\proyecto_code_ia\metricas_realizadas\Prog-Concurrente\2026-PROGC-Q1-M5\Codigo_IA_generado\Sheriffsss\src\SheriffsssPackage\GameRenderer.java","GameRenderer::aimFacing","GameRenderer::aimFacing( Game game , Player player)",955,962
3,1,23,2,3,"GameRenderer::worldToCanvasX@964-966@C:\proyecto_code_ia\metricas_realizadas\Prog-Concurrente\2026-PROGC-Q1-M5\Codigo_IA_generado\Sheriffsss\src\SheriffsssPackage\GameRenderer.java","C:\proyecto_code_ia\metricas_realizadas\Prog-Concurrente\2026-PROGC-Q1-M5\Codigo_IA_generado\Sheriffsss\src\SheriffsssPackage\GameRenderer.java","GameRenderer::worldToCanvasX","GameRenderer::worldToCanvasX( Game game , double worldX)",964,966
3,1,23,2,3,"GameRenderer::worldToCanvasY@968-970@C:\proyecto_code_ia\metricas_realizadas\Prog-Concurrente\2026-PROGC-Q1-M5\Codigo_IA_generado\Sheriffsss\src\SheriffsssPackage\GameRenderer.java","C:\proyecto_code_ia\metricas_realizadas\Prog-Concurrente\2026-PROGC-Q1-M5\Codigo_IA_generado\Sheriffsss\src\SheriffsssPackage\GameRenderer.java","GameRenderer::worldToCanvasY","GameRenderer::worldToCanvasY( Game game , double worldY)",968,970
18,11,132,2,18,"GameRenderer::facingFromDelta@972-989@C:\proyecto_code_ia\metricas_realizadas\Prog-Concurrente\2026-PROGC-Q1-M5\Codigo_IA_generado\Sheriffsss\src\SheriffsssPackage\GameRenderer.java","C:\proyecto_code_ia\metricas_realizadas\Prog-Concurrente\2026-PROGC-Q1-M5\Codigo_IA_generado\Sheriffsss\src\SheriffsssPackage\GameRenderer.java","GameRenderer::facingFromDelta","GameRenderer::facingFromDelta( double deltaX , double deltaY)",972,989
29,4,315,2,29,"GameRenderer::drawDebugMenu@991-1019@C:\proyecto_code_ia\metricas_realizadas\Prog-Concurrente\2026-PROGC-Q1-M5\Codigo_IA_generado\Sheriffsss\src\SheriffsssPackage\GameRenderer.java","C:\proyecto_code_ia\metricas_realizadas\Prog-Concurrente\2026-PROGC-Q1-M5\Codigo_IA_generado\Sheriffsss\src\SheriffsssPackage\GameRenderer.java","GameRenderer::drawDebugMenu","GameRenderer::drawDebugMenu( Graphics2D g2 , Game game)",991,1019
14,6,204,4,14,"GameRenderer::drawDebugSwitch@1021-1034@C:\proyecto_code_ia\metricas_realizadas\Prog-Concurrente\2026-PROGC-Q1-M5\Codigo_IA_generado\Sheriffsss\src\SheriffsssPackage\GameRenderer.java","C:\proyecto_code_ia\metricas_realizadas\Prog-Concurrente\2026-PROGC-Q1-M5\Codigo_IA_generado\Sheriffsss\src\SheriffsssPackage\GameRenderer.java","GameRenderer::drawDebugSwitch","GameRenderer::drawDebugSwitch( Graphics2D g2 , DebugOptions debug , int row , String label)",1021,1034
14,7,110,2,14,"GameRenderer::drawEquipment@1036-1049@C:\proyecto_code_ia\metricas_realizadas\Prog-Concurrente\2026-PROGC-Q1-M5\Codigo_IA_generado\Sheriffsss\src\SheriffsssPackage\GameRenderer.java","C:\proyecto_code_ia\metricas_realizadas\Prog-Concurrente\2026-PROGC-Q1-M5\Codigo_IA_generado\Sheriffsss\src\SheriffsssPackage\GameRenderer.java","GameRenderer::drawEquipment","GameRenderer::drawEquipment( Graphics2D g2 , Game game)",1036,1049
15,1,167,3,15,"GameRenderer::drawEquipmentPanel@1051-1065@C:\proyecto_code_ia\metricas_realizadas\Prog-Concurrente\2026-PROGC-Q1-M5\Codigo_IA_generado\Sheriffsss\src\SheriffsssPackage\GameRenderer.java","C:\proyecto_code_ia\metricas_realizadas\Prog-Concurrente\2026-PROGC-Q1-M5\Codigo_IA_generado\Sheriffsss\src\SheriffsssPackage\GameRenderer.java","GameRenderer::drawEquipmentPanel","GameRenderer::drawEquipmentPanel( Graphics2D g2 , Game game , Equipment equipment)",1051,1065
16,2,196,3,16,"GameRenderer::drawEquipmentSelector@1067-1082@C:\proyecto_code_ia\metricas_realizadas\Prog-Concurrente\2026-PROGC-Q1-M5\Codigo_IA_generado\Sheriffsss\src\SheriffsssPackage\GameRenderer.java","C:\proyecto_code_ia\metricas_realizadas\Prog-Concurrente\2026-PROGC-Q1-M5\Codigo_IA_generado\Sheriffsss\src\SheriffsssPackage\GameRenderer.java","GameRenderer::drawEquipmentSelector","GameRenderer::drawEquipmentSelector( Graphics2D g2 , Game game , ItemDefinition weapon)",1067,1082
21,4,345,3,21,"GameRenderer::drawEquipmentWeaponList@1084-1104@C:\proyecto_code_ia\metricas_realizadas\Prog-Concurrente\2026-PROGC-Q1-M5\Codigo_IA_generado\Sheriffsss\src\SheriffsssPackage\GameRenderer.java","C:\proyecto_code_ia\metricas_realizadas\Prog-Concurrente\2026-PROGC-Q1-M5\Codigo_IA_generado\Sheriffsss\src\SheriffsssPackage\GameRenderer.java","GameRenderer::drawEquipmentWeaponList","GameRenderer::drawEquipmentWeaponList( Graphics2D g2 , Game game , Equipment equipment)",1084,1104
11,1,179,6,11,"GameRenderer::drawEquipmentWeaponSprite@1106-1116@C:\proyecto_code_ia\metricas_realizadas\Prog-Concurrente\2026-PROGC-Q1-M5\Codigo_IA_generado\Sheriffsss\src\SheriffsssPackage\GameRenderer.java","C:\proyecto_code_ia\metricas_realizadas\Prog-Concurrente\2026-PROGC-Q1-M5\Codigo_IA_generado\Sheriffsss\src\SheriffsssPackage\GameRenderer.java","GameRenderer::drawEquipmentWeaponSprite","GameRenderer::drawEquipmentWeaponSprite( Graphics2D g2 , ItemDefinition weapon , int x , int y , int maxWidth , int maxHeight)",1106,1116
3,2,56,1,3,"GameRenderer::formatDamage@1118-1120@C:\proyecto_code_ia\metricas_realizadas\Prog-Concurrente\2026-PROGC-Q1-M5\Codigo_IA_generado\Sheriffsss\src\SheriffsssPackage\GameRenderer.java","C:\proyecto_code_ia\metricas_realizadas\Prog-Concurrente\2026-PROGC-Q1-M5\Codigo_IA_generado\Sheriffsss\src\SheriffsssPackage\GameRenderer.java","GameRenderer::formatDamage","GameRenderer::formatDamage( double damage)",1118,1120
19,1,211,2,19,"GameRenderer::drawDebugTrajectorySlider@1122-1140@C:\proyecto_code_ia\metricas_realizadas\Prog-Concurrente\2026-PROGC-Q1-M5\Codigo_IA_generado\Sheriffsss\src\SheriffsssPackage\GameRenderer.java","C:\proyecto_code_ia\metricas_realizadas\Prog-Concurrente\2026-PROGC-Q1-M5\Codigo_IA_generado\Sheriffsss\src\SheriffsssPackage\GameRenderer.java","GameRenderer::drawDebugTrajectorySlider","GameRenderer::drawDebugTrajectorySlider( Graphics2D g2 , DebugOptions debug)",1122,1140
10,4,73,2,10,"GameRenderer::drawDebugAndUi@1142-1151@C:\proyecto_code_ia\metricas_realizadas\Prog-Concurrente\2026-PROGC-Q1-M5\Codigo_IA_generado\Sheriffsss\src\SheriffsssPackage\GameRenderer.java","C:\proyecto_code_ia\metricas_realizadas\Prog-Concurrente\2026-PROGC-Q1-M5\Codigo_IA_generado\Sheriffsss\src\SheriffsssPackage\GameRenderer.java","GameRenderer::drawDebugAndUi","GameRenderer::drawDebugAndUi( Graphics2D g2 , Game game)",1142,1151
8,1,109,2,8,"GameRenderer::drawDeathOverlay@1153-1160@C:\proyecto_code_ia\metricas_realizadas\Prog-Concurrente\2026-PROGC-Q1-M5\Codigo_IA_generado\Sheriffsss\src\SheriffsssPackage\GameRenderer.java","C:\proyecto_code_ia\metricas_realizadas\Prog-Concurrente\2026-PROGC-Q1-M5\Codigo_IA_generado\Sheriffsss\src\SheriffsssPackage\GameRenderer.java","GameRenderer::drawDeathOverlay","GameRenderer::drawDeathOverlay( Graphics2D g2 , Game game)",1153,1160
14,4,138,2,14,"GameRenderer::drawInfoMessages@1162-1175@C:\proyecto_code_ia\metricas_realizadas\Prog-Concurrente\2026-PROGC-Q1-M5\Codigo_IA_generado\Sheriffsss\src\SheriffsssPackage\GameRenderer.java","C:\proyecto_code_ia\metricas_realizadas\Prog-Concurrente\2026-PROGC-Q1-M5\Codigo_IA_generado\Sheriffsss\src\SheriffsssPackage\GameRenderer.java","GameRenderer::drawInfoMessages","GameRenderer::drawInfoMessages( Graphics2D g2 , Game game)",1162,1175
26,4,387,2,27,"GameRenderer::drawSettingsOverlay@1177-1203@C:\proyecto_code_ia\metricas_realizadas\Prog-Concurrente\2026-PROGC-Q1-M5\Codigo_IA_generado\Sheriffsss\src\SheriffsssPackage\GameRenderer.java","C:\proyecto_code_ia\metricas_realizadas\Prog-Concurrente\2026-PROGC-Q1-M5\Codigo_IA_generado\Sheriffsss\src\SheriffsssPackage\GameRenderer.java","GameRenderer::drawSettingsOverlay","GameRenderer::drawSettingsOverlay( Graphics2D g2 , Game game)",1177,1203
12,1,180,4,12,"GameRenderer::drawSlider@1205-1216@C:\proyecto_code_ia\metricas_realizadas\Prog-Concurrente\2026-PROGC-Q1-M5\Codigo_IA_generado\Sheriffsss\src\SheriffsssPackage\GameRenderer.java","C:\proyecto_code_ia\metricas_realizadas\Prog-Concurrente\2026-PROGC-Q1-M5\Codigo_IA_generado\Sheriffsss\src\SheriffsssPackage\GameRenderer.java","GameRenderer::drawSlider","GameRenderer::drawSlider( Graphics2D g2 , String label , int y , double value)",1205,1216
6,1,96,3,6,"GameRenderer::drawResolutionSlider@1218-1223@C:\proyecto_code_ia\metricas_realizadas\Prog-Concurrente\2026-PROGC-Q1-M5\Codigo_IA_generado\Sheriffsss\src\SheriffsssPackage\GameRenderer.java","C:\proyecto_code_ia\metricas_realizadas\Prog-Concurrente\2026-PROGC-Q1-M5\Codigo_IA_generado\Sheriffsss\src\SheriffsssPackage\GameRenderer.java","GameRenderer::drawResolutionSlider","GameRenderer::drawResolutionSlider( Graphics2D g2 , Game game , int offsetY)",1218,1223
15,4,182,2,15,"GameRenderer::drawSettingsDebugButton@1225-1239@C:\proyecto_code_ia\metricas_realizadas\Prog-Concurrente\2026-PROGC-Q1-M5\Codigo_IA_generado\Sheriffsss\src\SheriffsssPackage\GameRenderer.java","C:\proyecto_code_ia\metricas_realizadas\Prog-Concurrente\2026-PROGC-Q1-M5\Codigo_IA_generado\Sheriffsss\src\SheriffsssPackage\GameRenderer.java","GameRenderer::drawSettingsDebugButton","GameRenderer::drawSettingsDebugButton( Graphics2D g2 , Game game)",1225,1239
3,1,29,4,3,"GameRenderer::drawSettingsButton@1241-1243@C:\proyecto_code_ia\metricas_realizadas\Prog-Concurrente\2026-PROGC-Q1-M5\Codigo_IA_generado\Sheriffsss\src\SheriffsssPackage\GameRenderer.java","C:\proyecto_code_ia\metricas_realizadas\Prog-Concurrente\2026-PROGC-Q1-M5\Codigo_IA_generado\Sheriffsss\src\SheriffsssPackage\GameRenderer.java","GameRenderer::drawSettingsButton","GameRenderer::drawSettingsButton( Graphics2D g2 , Game game , String text , int y)",1241,1243
13,10,224,5,13,"GameRenderer::drawSettingsButton@1245-1257@C:\proyecto_code_ia\metricas_realizadas\Prog-Concurrente\2026-PROGC-Q1-M5\Codigo_IA_generado\Sheriffsss\src\SheriffsssPackage\GameRenderer.java","C:\proyecto_code_ia\metricas_realizadas\Prog-Concurrente\2026-PROGC-Q1-M5\Codigo_IA_generado\Sheriffsss\src\SheriffsssPackage\GameRenderer.java","GameRenderer::drawSettingsButton","GameRenderer::drawSettingsButton( Graphics2D g2 , Game game , String text , int y , boolean enabled)",1245,1257
2,1,5,0,2,"GameTheme::GameTheme@21-22@C:\proyecto_code_ia\metricas_realizadas\Prog-Concurrente\2026-PROGC-Q1-M5\Codigo_IA_generado\Sheriffsss\src\SheriffsssPackage\GameTheme.java","C:\proyecto_code_ia\metricas_realizadas\Prog-Concurrente\2026-PROGC-Q1-M5\Codigo_IA_generado\Sheriffsss\src\SheriffsssPackage\GameTheme.java","GameTheme::GameTheme","GameTheme::GameTheme()",21,22
6,1,59,10,6,"ItemDefinition::ItemDefinition@127-132@C:\proyecto_code_ia\metricas_realizadas\Prog-Concurrente\2026-PROGC-Q1-M5\Codigo_IA_generado\Sheriffsss\src\SheriffsssPackage\ItemDefinition.java","C:\proyecto_code_ia\metricas_realizadas\Prog-Concurrente\2026-PROGC-Q1-M5\Codigo_IA_generado\Sheriffsss\src\SheriffsssPackage\ItemDefinition.java","ItemDefinition::ItemDefinition","ItemDefinition( int id , String displayName , String spritePath , double accuracy , ProjectileWeaponStats projectileWeaponStats , ProjectileStatModifiers projectileStatModifiers , String attackSoundPath , WeaponType weaponType , boolean handEquipable , ItemDefinitionDrawConfig drawConfig)",127,132
19,6,185,11,19,"ItemDefinition::ItemDefinition@134-152@C:\proyecto_code_ia\metricas_realizadas\Prog-Concurrente\2026-PROGC-Q1-M5\Codigo_IA_generado\Sheriffsss\src\SheriffsssPackage\ItemDefinition.java","C:\proyecto_code_ia\metricas_realizadas\Prog-Concurrente\2026-PROGC-Q1-M5\Codigo_IA_generado\Sheriffsss\src\SheriffsssPackage\ItemDefinition.java","ItemDefinition::ItemDefinition","ItemDefinition( int id , String displayName , String spritePath , double accuracy , ProjectileWeaponStats projectileWeaponStats , ProjectileStatModifiers projectileStatModifiers , String attackSoundPath , WeaponType weaponType , boolean handEquipable , double kickback , ItemDefinitionDrawConfig drawConfig)",134,152
12,3,102,0,12,"ItemDefinition::buildByIdIndex@154-165@C:\proyecto_code_ia\metricas_realizadas\Prog-Concurrente\2026-PROGC-Q1-M5\Codigo_IA_generado\Sheriffsss\src\SheriffsssPackage\ItemDefinition.java","C:\proyecto_code_ia\metricas_realizadas\Prog-Concurrente\2026-PROGC-Q1-M5\Codigo_IA_generado\Sheriffsss\src\SheriffsssPackage\ItemDefinition.java","ItemDefinition::buildByIdIndex","buildByIdIndex()",154,165
19,4,190,0,19,"ItemDefinition::buildByWeaponTypeIndex@167-185@C:\proyecto_code_ia\metricas_realizadas\Prog-Concurrente\2026-PROGC-Q1-M5\Codigo_IA_generado\Sheriffsss\src\SheriffsssPackage\ItemDefinition.java","C:\proyecto_code_ia\metricas_realizadas\Prog-Concurrente\2026-PROGC-Q1-M5\Codigo_IA_generado\Sheriffsss\src\SheriffsssPackage\ItemDefinition.java","ItemDefinition::buildByWeaponTypeIndex","buildByWeaponTypeIndex()",167,185
6,3,30,1,6,"ItemDefinition::fromId@187-192@C:\proyecto_code_ia\metricas_realizadas\Prog-Concurrente\2026-PROGC-Q1-M5\Codigo_IA_generado\Sheriffsss\src\SheriffsssPackage\ItemDefinition.java","C:\proyecto_code_ia\metricas_realizadas\Prog-Concurrente\2026-PROGC-Q1-M5\Codigo_IA_generado\Sheriffsss\src\SheriffsssPackage\ItemDefinition.java","ItemDefinition::fromId","fromId( int id)",187,192
3,2,23,1,3,"ItemDefinition::byWeaponType@194-196@C:\proyecto_code_ia\metricas_realizadas\Prog-Concurrente\2026-PROGC-Q1-M5\Codigo_IA_generado\Sheriffsss\src\SheriffsssPackage\ItemDefinition.java","C:\proyecto_code_ia\metricas_realizadas\Prog-Concurrente\2026-PROGC-Q1-M5\Codigo_IA_generado\Sheriffsss\src\SheriffsssPackage\ItemDefinition.java","ItemDefinition::byWeaponType","byWeaponType( WeaponType weaponType)",194,196
1,1,10,0,1,"ItemDefinition::getId@198-198@C:\proyecto_code_ia\metricas_realizadas\Prog-Concurrente\2026-PROGC-Q1-M5\Codigo_IA_generado\Sheriffsss\src\SheriffsssPackage\ItemDefinition.java","C:\proyecto_code_ia\metricas_realizadas\Prog-Concurrente\2026-PROGC-Q1-M5\Codigo_IA_generado\Sheriffsss\src\SheriffsssPackage\ItemDefinition.java","ItemDefinition::getId","getId()",198,198
1,1,10,0,1,"ItemDefinition::getDisplayName@199-199@C:\proyecto_code_ia\metricas_realizadas\Prog-Concurrente\2026-PROGC-Q1-M5\Codigo_IA_generado\Sheriffsss\src\SheriffsssPackage\ItemDefinition.java","C:\proyecto_code_ia\metricas_realizadas\Prog-Concurrente\2026-PROGC-Q1-M5\Codigo_IA_generado\Sheriffsss\src\SheriffsssPackage\ItemDefinition.java","ItemDefinition::getDisplayName","getDisplayName()",199,199
1,1,10,0,1,"ItemDefinition::getSpritePath@200-200@C:\proyecto_code_ia\metricas_realizadas\Prog-Concurrente\2026-PROGC-Q1-M5\Codigo_IA_generado\Sheriffsss\src\SheriffsssPackage\ItemDefinition.java","C:\proyecto_code_ia\metricas_realizadas\Prog-Concurrente\2026-PROGC-Q1-M5\Codigo_IA_generado\Sheriffsss\src\SheriffsssPackage\ItemDefinition.java","ItemDefinition::getSpritePath","getSpritePath()",200,200
1,1,14,0,1,"ItemDefinition::getHeldDrawWidth@201-201@C:\proyecto_code_ia\metricas_realizadas\Prog-Concurrente\2026-PROGC-Q1-M5\Codigo_IA_generado\Sheriffsss\src\SheriffsssPackage\ItemDefinition.java","C:\proyecto_code_ia\metricas_realizadas\Prog-Concurrente\2026-PROGC-Q1-M5\Codigo_IA_generado\Sheriffsss\src\SheriffsssPackage\ItemDefinition.java","ItemDefinition::getHeldDrawWidth","getHeldDrawWidth()",201,201
1,1,14,0,1,"ItemDefinition::getHeldDrawHeight@202-202@C:\proyecto_code_ia\metricas_realizadas\Prog-Concurrente\2026-PROGC-Q1-M5\Codigo_IA_generado\Sheriffsss\src\SheriffsssPackage\ItemDefinition.java","C:\proyecto_code_ia\metricas_realizadas\Prog-Concurrente\2026-PROGC-Q1-M5\Codigo_IA_generado\Sheriffsss\src\SheriffsssPackage\ItemDefinition.java","ItemDefinition::getHeldDrawHeight","getHeldDrawHeight()",202,202
1,1,10,0,1,"ItemDefinition::getDrawConfig@203-203@C:\proyecto_code_ia\metricas_realizadas\Prog-Concurrente\2026-PROGC-Q1-M5\Codigo_IA_generado\Sheriffsss\src\SheriffsssPackage\ItemDefinition.java","C:\proyecto_code_ia\metricas_realizadas\Prog-Concurrente\2026-PROGC-Q1-M5\Codigo_IA_generado\Sheriffsss\src\SheriffsssPackage\ItemDefinition.java","ItemDefinition::getDrawConfig","getDrawConfig()",203,203
1,1,10,0,1,"ItemDefinition::isHandEquipable@204-204@C:\proyecto_code_ia\metricas_realizadas\Prog-Concurrente\2026-PROGC-Q1-M5\Codigo_IA_generado\Sheriffsss\src\SheriffsssPackage\ItemDefinition.java","C:\proyecto_code_ia\metricas_realizadas\Prog-Concurrente\2026-PROGC-Q1-M5\Codigo_IA_generado\Sheriffsss\src\SheriffsssPackage\ItemDefinition.java","ItemDefinition::isHandEquipable","isHandEquipable()",204,204
1,1,10,0,1,"ItemDefinition::getAccuracy@205-205@C:\proyecto_code_ia\metricas_realizadas\Prog-Concurrente\2026-PROGC-Q1-M5\Codigo_IA_generado\Sheriffsss\src\SheriffsssPackage\ItemDefinition.java","C:\proyecto_code_ia\metricas_realizadas\Prog-Concurrente\2026-PROGC-Q1-M5\Codigo_IA_generado\Sheriffsss\src\SheriffsssPackage\ItemDefinition.java","ItemDefinition::getAccuracy","getAccuracy()",205,205
1,1,10,0,1,"ItemDefinition::getAttackSoundPath@206-206@C:\proyecto_code_ia\metricas_realizadas\Prog-Concurrente\2026-PROGC-Q1-M5\Codigo_IA_generado\Sheriffsss\src\SheriffsssPackage\ItemDefinition.java","C:\proyecto_code_ia\metricas_realizadas\Prog-Concurrente\2026-PROGC-Q1-M5\Codigo_IA_generado\Sheriffsss\src\SheriffsssPackage\ItemDefinition.java","ItemDefinition::getAttackSoundPath","getAttackSoundPath()",206,206
1,1,10,0,1,"ItemDefinition::getWeaponType@207-207@C:\proyecto_code_ia\metricas_realizadas\Prog-Concurrente\2026-PROGC-Q1-M5\Codigo_IA_generado\Sheriffsss\src\SheriffsssPackage\ItemDefinition.java","C:\proyecto_code_ia\metricas_realizadas\Prog-Concurrente\2026-PROGC-Q1-M5\Codigo_IA_generado\Sheriffsss\src\SheriffsssPackage\ItemDefinition.java","ItemDefinition::getWeaponType","getWeaponType()",207,207
1,1,8,0,1,"ItemDefinition::canCrit@208-208@C:\proyecto_code_ia\metricas_realizadas\Prog-Concurrente\2026-PROGC-Q1-M5\Codigo_IA_generado\Sheriffsss\src\SheriffsssPackage\ItemDefinition.java","C:\proyecto_code_ia\metricas_realizadas\Prog-Concurrente\2026-PROGC-Q1-M5\Codigo_IA_generado\Sheriffsss\src\SheriffsssPackage\ItemDefinition.java","ItemDefinition::canCrit","canCrit()",208,208
1,1,8,0,1,"ItemDefinition::getBaseCritChancePercent@209-209@C:\proyecto_code_ia\metricas_realizadas\Prog-Concurrente\2026-PROGC-Q1-M5\Codigo_IA_generado\Sheriffsss\src\SheriffsssPackage\ItemDefinition.java","C:\proyecto_code_ia\metricas_realizadas\Prog-Concurrente\2026-PROGC-Q1-M5\Codigo_IA_generado\Sheriffsss\src\SheriffsssPackage\ItemDefinition.java","ItemDefinition::getBaseCritChancePercent","getBaseCritChancePercent()",209,209
1,2,16,0,1,"ItemDefinition::getUseAnimationTicks@210-210@C:\proyecto_code_ia\metricas_realizadas\Prog-Concurrente\2026-PROGC-Q1-M5\Codigo_IA_generado\Sheriffsss\src\SheriffsssPackage\ItemDefinition.java","C:\proyecto_code_ia\metricas_realizadas\Prog-Concurrente\2026-PROGC-Q1-M5\Codigo_IA_generado\Sheriffsss\src\SheriffsssPackage\ItemDefinition.java","ItemDefinition::getUseAnimationTicks","getUseAnimationTicks()",210,210
1,1,12,0,1,"ItemDefinition::isProjectileWeapon@211-211@C:\proyecto_code_ia\metricas_realizadas\Prog-Concurrente\2026-PROGC-Q1-M5\Codigo_IA_generado\Sheriffsss\src\SheriffsssPackage\ItemDefinition.java","C:\proyecto_code_ia\metricas_realizadas\Prog-Concurrente\2026-PROGC-Q1-M5\Codigo_IA_generado\Sheriffsss\src\SheriffsssPackage\ItemDefinition.java","ItemDefinition::isProjectileWeapon","isProjectileWeapon()",211,211
1,2,22,0,1,"ItemDefinition::getProjectileType@212-212@C:\proyecto_code_ia\metricas_realizadas\Prog-Concurrente\2026-PROGC-Q1-M5\Codigo_IA_generado\Sheriffsss\src\SheriffsssPackage\ItemDefinition.java","C:\proyecto_code_ia\metricas_realizadas\Prog-Concurrente\2026-PROGC-Q1-M5\Codigo_IA_generado\Sheriffsss\src\SheriffsssPackage\ItemDefinition.java","ItemDefinition::getProjectileType","getProjectileType()",212,212
1,2,25,0,1,"ItemDefinition::getProjectileAmmoDefinition@213-213@C:\proyecto_code_ia\metricas_realizadas\Prog-Concurrente\2026-PROGC-Q1-M5\Codigo_IA_generado\Sheriffsss\src\SheriffsssPackage\ItemDefinition.java","C:\proyecto_code_ia\metricas_realizadas\Prog-Concurrente\2026-PROGC-Q1-M5\Codigo_IA_generado\Sheriffsss\src\SheriffsssPackage\ItemDefinition.java","ItemDefinition::getProjectileAmmoDefinition","getProjectileAmmoDefinition()",213,213
1,1,11,0,1,"ItemDefinition::getProjectileDamage@214-214@C:\proyecto_code_ia\metricas_realizadas\Prog-Concurrente\2026-PROGC-Q1-M5\Codigo_IA_generado\Sheriffsss\src\SheriffsssPackage\ItemDefinition.java","C:\proyecto_code_ia\metricas_realizadas\Prog-Concurrente\2026-PROGC-Q1-M5\Codigo_IA_generado\Sheriffsss\src\SheriffsssPackage\ItemDefinition.java","ItemDefinition::getProjectileDamage","getProjectileDamage()",214,214
1,2,28,1,1,"ItemDefinition::getProjectileDamage@215-215@C:\proyecto_code_ia\metricas_realizadas\Prog-Concurrente\2026-PROGC-Q1-M5\Codigo_IA_generado\Sheriffsss\src\SheriffsssPackage\ItemDefinition.java","C:\proyecto_code_ia\metricas_realizadas\Prog-Concurrente\2026-PROGC-Q1-M5\Codigo_IA_generado\Sheriffsss\src\SheriffsssPackage\ItemDefinition.java","ItemDefinition::getProjectileDamage","getProjectileDamage( ItemDefinition ammoDefinition)",215,215
1,1,11,0,1,"ItemDefinition::getProjectileKnockbackStrengthPixels@216-216@C:\proyecto_code_ia\metricas_realizadas\Prog-Concurrente\2026-PROGC-Q1-M5\Codigo_IA_generado\Sheriffsss\src\SheriffsssPackage\ItemDefinition.java","C:\proyecto_code_ia\metricas_realizadas\Prog-Concurrente\2026-PROGC-Q1-M5\Codigo_IA_generado\Sheriffsss\src\SheriffsssPackage\ItemDefinition.java","ItemDefinition::getProjectileKnockbackStrengthPixels","getProjectileKnockbackStrengthPixels()",216,216
1,2,28,1,1,"ItemDefinition::getProjectileKnockbackStrengthPixels@217-217@C:\proyecto_code_ia\metricas_realizadas\Prog-Concurrente\2026-PROGC-Q1-M5\Codigo_IA_generado\Sheriffsss\src\SheriffsssPackage\ItemDefinition.java","C:\proyecto_code_ia\metricas_realizadas\Prog-Concurrente\2026-PROGC-Q1-M5\Codigo_IA_generado\Sheriffsss\src\SheriffsssPackage\ItemDefinition.java","ItemDefinition::getProjectileKnockbackStrengthPixels","getProjectileKnockbackStrengthPixels( ItemDefinition ammoDefinition)",217,217
1,1,11,0,1,"ItemDefinition::getProjectileSpeedPixels@218-218@C:\proyecto_code_ia\metricas_realizadas\Prog-Concurrente\2026-PROGC-Q1-M5\Codigo_IA_generado\Sheriffsss\src\SheriffsssPackage\ItemDefinition.java","C:\proyecto_code_ia\metricas_realizadas\Prog-Concurrente\2026-PROGC-Q1-M5\Codigo_IA_generado\Sheriffsss\src\SheriffsssPackage\ItemDefinition.java","ItemDefinition::getProjectileSpeedPixels","getProjectileSpeedPixels()",218,218
1,2,28,1,1,"ItemDefinition::getProjectileSpeedPixels@219-219@C:\proyecto_code_ia\metricas_realizadas\Prog-Concurrente\2026-PROGC-Q1-M5\Codigo_IA_generado\Sheriffsss\src\SheriffsssPackage\ItemDefinition.java","C:\proyecto_code_ia\metricas_realizadas\Prog-Concurrente\2026-PROGC-Q1-M5\Codigo_IA_generado\Sheriffsss\src\SheriffsssPackage\ItemDefinition.java","ItemDefinition::getProjectileSpeedPixels","getProjectileSpeedPixels( ItemDefinition ammoDefinition)",219,219
1,1,11,0,1,"ItemDefinition::getProjectileCooldownTicks@220-220@C:\proyecto_code_ia\metricas_realizadas\Prog-Concurrente\2026-PROGC-Q1-M5\Codigo_IA_generado\Sheriffsss\src\SheriffsssPackage\ItemDefinition.java","C:\proyecto_code_ia\metricas_realizadas\Prog-Concurrente\2026-PROGC-Q1-M5\Codigo_IA_generado\Sheriffsss\src\SheriffsssPackage\ItemDefinition.java","ItemDefinition::getProjectileCooldownTicks","getProjectileCooldownTicks()",220,220
1,2,28,1,1,"ItemDefinition::getProjectileCooldownTicks@221-221@C:\proyecto_code_ia\metricas_realizadas\Prog-Concurrente\2026-PROGC-Q1-M5\Codigo_IA_generado\Sheriffsss\src\SheriffsssPackage\ItemDefinition.java","C:\proyecto_code_ia\metricas_realizadas\Prog-Concurrente\2026-PROGC-Q1-M5\Codigo_IA_generado\Sheriffsss\src\SheriffsssPackage\ItemDefinition.java","ItemDefinition::getProjectileCooldownTicks","getProjectileCooldownTicks( ItemDefinition ammoDefinition)",221,221
1,1,11,0,1,"ItemDefinition::getProjectileLifeTicks@222-222@C:\proyecto_code_ia\metricas_realizadas\Prog-Concurrente\2026-PROGC-Q1-M5\Codigo_IA_generado\Sheriffsss\src\SheriffsssPackage\ItemDefinition.java","C:\proyecto_code_ia\metricas_realizadas\Prog-Concurrente\2026-PROGC-Q1-M5\Codigo_IA_generado\Sheriffsss\src\SheriffsssPackage\ItemDefinition.java","ItemDefinition::getProjectileLifeTicks","getProjectileLifeTicks()",222,222
1,2,28,1,1,"ItemDefinition::getProjectileLifeTicks@223-223@C:\proyecto_code_ia\metricas_realizadas\Prog-Concurrente\2026-PROGC-Q1-M5\Codigo_IA_generado\Sheriffsss\src\SheriffsssPackage\ItemDefinition.java","C:\proyecto_code_ia\metricas_realizadas\Prog-Concurrente\2026-PROGC-Q1-M5\Codigo_IA_generado\Sheriffsss\src\SheriffsssPackage\ItemDefinition.java","ItemDefinition::getProjectileLifeTicks","getProjectileLifeTicks( ItemDefinition ammoDefinition)",223,223
1,1,8,0,1,"ItemDefinition::getLightRadiusTiles@224-224@C:\proyecto_code_ia\metricas_realizadas\Prog-Concurrente\2026-PROGC-Q1-M5\Codigo_IA_generado\Sheriffsss\src\SheriffsssPackage\ItemDefinition.java","C:\proyecto_code_ia\metricas_realizadas\Prog-Concurrente\2026-PROGC-Q1-M5\Codigo_IA_generado\Sheriffsss\src\SheriffsssPackage\ItemDefinition.java","ItemDefinition::getLightRadiusTiles","getLightRadiusTiles()",224,224
1,1,8,0,1,"ItemDefinition::getLightIntensity@225-225@C:\proyecto_code_ia\metricas_realizadas\Prog-Concurrente\2026-PROGC-Q1-M5\Codigo_IA_generado\Sheriffsss\src\SheriffsssPackage\ItemDefinition.java","C:\proyecto_code_ia\metricas_realizadas\Prog-Concurrente\2026-PROGC-Q1-M5\Codigo_IA_generado\Sheriffsss\src\SheriffsssPackage\ItemDefinition.java","ItemDefinition::getLightIntensity","getLightIntensity()",225,225
3,2,20,1,3,"ItemDefinition::projectileModifiers@227-229@C:\proyecto_code_ia\metricas_realizadas\Prog-Concurrente\2026-PROGC-Q1-M5\Codigo_IA_generado\Sheriffsss\src\SheriffsssPackage\ItemDefinition.java","C:\proyecto_code_ia\metricas_realizadas\Prog-Concurrente\2026-PROGC-Q1-M5\Codigo_IA_generado\Sheriffsss\src\SheriffsssPackage\ItemDefinition.java","ItemDefinition::projectileModifiers","projectileModifiers( ItemDefinition ammoDefinition)",227,229
10,1,120,0,10,"ItemDefinitionDrawConfig::ItemDefinitionDrawConfig@22-31@C:\proyecto_code_ia\metricas_realizadas\Prog-Concurrente\2026-PROGC-Q1-M5\Codigo_IA_generado\Sheriffsss\src\SheriffsssPackage\ItemDefinitionDrawConfig.java","C:\proyecto_code_ia\metricas_realizadas\Prog-Concurrente\2026-PROGC-Q1-M5\Codigo_IA_generado\Sheriffsss\src\SheriffsssPackage\ItemDefinitionDrawConfig.java","ItemDefinitionDrawConfig::ItemDefinitionDrawConfig","ItemDefinitionDrawConfig::ItemDefinitionDrawConfig()",22,31
5,1,39,2,5,"ItemDefinitionDrawConfig::withHeldDrawSize@33-37@C:\proyecto_code_ia\metricas_realizadas\Prog-Concurrente\2026-PROGC-Q1-M5\Codigo_IA_generado\Sheriffsss\src\SheriffsssPackage\ItemDefinitionDrawConfig.java","C:\proyecto_code_ia\metricas_realizadas\Prog-Concurrente\2026-PROGC-Q1-M5\Codigo_IA_generado\Sheriffsss\src\SheriffsssPackage\ItemDefinitionDrawConfig.java","ItemDefinitionDrawConfig::withHeldDrawSize","ItemDefinitionDrawConfig::withHeldDrawSize( int width , int height)",33,37
5,1,25,2,5,"ItemDefinitionDrawConfig::withGripAnchorOffset@39-43@C:\proyecto_code_ia\metricas_realizadas\Prog-Concurrente\2026-PROGC-Q1-M5\Codigo_IA_generado\Sheriffsss\src\SheriffsssPackage\ItemDefinitionDrawConfig.java","C:\proyecto_code_ia\metricas_realizadas\Prog-Concurrente\2026-PROGC-Q1-M5\Codigo_IA_generado\Sheriffsss\src\SheriffsssPackage\ItemDefinitionDrawConfig.java","ItemDefinitionDrawConfig::withGripAnchorOffset","ItemDefinitionDrawConfig::withGripAnchorOffset( int x , int y)",39,43
5,1,25,2,5,"ItemDefinitionDrawConfig::withBarrelAnchorOffset@45-49@C:\proyecto_code_ia\metricas_realizadas\Prog-Concurrente\2026-PROGC-Q1-M5\Codigo_IA_generado\Sheriffsss\src\SheriffsssPackage\ItemDefinitionDrawConfig.java","C:\proyecto_code_ia\metricas_realizadas\Prog-Concurrente\2026-PROGC-Q1-M5\Codigo_IA_generado\Sheriffsss\src\SheriffsssPackage\ItemDefinitionDrawConfig.java","ItemDefinitionDrawConfig::withBarrelAnchorOffset","ItemDefinitionDrawConfig::withBarrelAnchorOffset( int x , int y)",45,49
5,1,40,3,5,"ItemDefinitionDrawConfig::withBaseOffset@51-55@C:\proyecto_code_ia\metricas_realizadas\Prog-Concurrente\2026-PROGC-Q1-M5\Codigo_IA_generado\Sheriffsss\src\SheriffsssPackage\ItemDefinitionDrawConfig.java","C:\proyecto_code_ia\metricas_realizadas\Prog-Concurrente\2026-PROGC-Q1-M5\Codigo_IA_generado\Sheriffsss\src\SheriffsssPackage\ItemDefinitionDrawConfig.java","ItemDefinitionDrawConfig::withBaseOffset","ItemDefinitionDrawConfig::withBaseOffset( Facing facing , int x , int y)",51,55
5,1,29,1,5,"ItemDefinitionDrawConfig::withRecoil@57-61@C:\proyecto_code_ia\metricas_realizadas\Prog-Concurrente\2026-PROGC-Q1-M5\Codigo_IA_generado\Sheriffsss\src\SheriffsssPackage\ItemDefinitionDrawConfig.java","C:\proyecto_code_ia\metricas_realizadas\Prog-Concurrente\2026-PROGC-Q1-M5\Codigo_IA_generado\Sheriffsss\src\SheriffsssPackage\ItemDefinitionDrawConfig.java","ItemDefinitionDrawConfig::withRecoil","ItemDefinitionDrawConfig::withRecoil( double recoil)",57,61
7,2,52,1,7,"ItemDefinitionDrawConfig::applyDefaultRecoilForAccuracy@63-69@C:\proyecto_code_ia\metricas_realizadas\Prog-Concurrente\2026-PROGC-Q1-M5\Codigo_IA_generado\Sheriffsss\src\SheriffsssPackage\ItemDefinitionDrawConfig.java","C:\proyecto_code_ia\metricas_realizadas\Prog-Concurrente\2026-PROGC-Q1-M5\Codigo_IA_generado\Sheriffsss\src\SheriffsssPackage\ItemDefinitionDrawConfig.java","ItemDefinitionDrawConfig::applyDefaultRecoilForAccuracy","ItemDefinitionDrawConfig::applyDefaultRecoilForAccuracy( double accuracy)",63,69
4,1,23,1,4,"ItemDefinitionDrawConfig::withRecoilRotation@71-74@C:\proyecto_code_ia\metricas_realizadas\Prog-Concurrente\2026-PROGC-Q1-M5\Codigo_IA_generado\Sheriffsss\src\SheriffsssPackage\ItemDefinitionDrawConfig.java","C:\proyecto_code_ia\metricas_realizadas\Prog-Concurrente\2026-PROGC-Q1-M5\Codigo_IA_generado\Sheriffsss\src\SheriffsssPackage\ItemDefinitionDrawConfig.java","ItemDefinitionDrawConfig::withRecoilRotation","ItemDefinitionDrawConfig::withRecoilRotation( double radians)",71,74
6,2,44,1,6,"ItemDefinitionDrawConfig::drawnBehind@76-81@C:\proyecto_code_ia\metricas_realizadas\Prog-Concurrente\2026-PROGC-Q1-M5\Codigo_IA_generado\Sheriffsss\src\SheriffsssPackage\ItemDefinitionDrawConfig.java","C:\proyecto_code_ia\metricas_realizadas\Prog-Concurrente\2026-PROGC-Q1-M5\Codigo_IA_generado\Sheriffsss\src\SheriffsssPackage\ItemDefinitionDrawConfig.java","ItemDefinitionDrawConfig::drawnBehind","ItemDefinitionDrawConfig::drawnBehind( Facing ... facings)",76,81
6,2,44,1,6,"ItemDefinitionDrawConfig::mirrored@83-88@C:\proyecto_code_ia\metricas_realizadas\Prog-Concurrente\2026-PROGC-Q1-M5\Codigo_IA_generado\Sheriffsss\src\SheriffsssPackage\ItemDefinitionDrawConfig.java","C:\proyecto_code_ia\metricas_realizadas\Prog-Concurrente\2026-PROGC-Q1-M5\Codigo_IA_generado\Sheriffsss\src\SheriffsssPackage\ItemDefinitionDrawConfig.java","ItemDefinitionDrawConfig::mirrored","ItemDefinitionDrawConfig::mirrored( Facing ... facings)",83,88
3,1,18,1,3,"ItemDefinitionDrawConfig::getBaseOffsetX@90-92@C:\proyecto_code_ia\metricas_realizadas\Prog-Concurrente\2026-PROGC-Q1-M5\Codigo_IA_generado\Sheriffsss\src\SheriffsssPackage\ItemDefinitionDrawConfig.java","C:\proyecto_code_ia\metricas_realizadas\Prog-Concurrente\2026-PROGC-Q1-M5\Codigo_IA_generado\Sheriffsss\src\SheriffsssPackage\ItemDefinitionDrawConfig.java","ItemDefinitionDrawConfig::getBaseOffsetX","ItemDefinitionDrawConfig::getBaseOffsetX( Facing facing)",90,92
3,1,10,0,3,"ItemDefinitionDrawConfig::getHeldDrawWidth@94-96@C:\proyecto_code_ia\metricas_realizadas\Prog-Concurrente\2026-PROGC-Q1-M5\Codigo_IA_generado\Sheriffsss\src\SheriffsssPackage\ItemDefinitionDrawConfig.java","C:\proyecto_code_ia\metricas_realizadas\Prog-Concurrente\2026-PROGC-Q1-M5\Codigo_IA_generado\Sheriffsss\src\SheriffsssPackage\ItemDefinitionDrawConfig.java","ItemDefinitionDrawConfig::getHeldDrawWidth","ItemDefinitionDrawConfig::getHeldDrawWidth()",94,96
3,1,10,0,3,"ItemDefinitionDrawConfig::getHeldDrawHeight@98-100@C:\proyecto_code_ia\metricas_realizadas\Prog-Concurrente\2026-PROGC-Q1-M5\Codigo_IA_generado\Sheriffsss\src\SheriffsssPackage\ItemDefinitionDrawConfig.java","C:\proyecto_code_ia\metricas_realizadas\Prog-Concurrente\2026-PROGC-Q1-M5\Codigo_IA_generado\Sheriffsss\src\SheriffsssPackage\ItemDefinitionDrawConfig.java","ItemDefinitionDrawConfig::getHeldDrawHeight","ItemDefinitionDrawConfig::getHeldDrawHeight()",98,100
3,1,10,0,3,"ItemDefinitionDrawConfig::getGripAnchorOffsetX@102-104@C:\proyecto_code_ia\metricas_realizadas\Prog-Concurrente\2026-PROGC-Q1-M5\Codigo_IA_generado\Sheriffsss\src\SheriffsssPackage\ItemDefinitionDrawConfig.java","C:\proyecto_code_ia\metricas_realizadas\Prog-Concurrente\2026-PROGC-Q1-M5\Codigo_IA_generado\Sheriffsss\src\SheriffsssPackage\ItemDefinitionDrawConfig.java","ItemDefinitionDrawConfig::getGripAnchorOffsetX","ItemDefinitionDrawConfig::getGripAnchorOffsetX()",102,104
3,1,10,0,3,"ItemDefinitionDrawConfig::getGripAnchorOffsetY@106-108@C:\proyecto_code_ia\metricas_realizadas\Prog-Concurrente\2026-PROGC-Q1-M5\Codigo_IA_generado\Sheriffsss\src\SheriffsssPackage\ItemDefinitionDrawConfig.java","C:\proyecto_code_ia\metricas_realizadas\Prog-Concurrente\2026-PROGC-Q1-M5\Codigo_IA_generado\Sheriffsss\src\SheriffsssPackage\ItemDefinitionDrawConfig.java","ItemDefinitionDrawConfig::getGripAnchorOffsetY","ItemDefinitionDrawConfig::getGripAnchorOffsetY()",106,108
3,1,10,0,3,"ItemDefinitionDrawConfig::getBarrelAnchorOffsetX@110-112@C:\proyecto_code_ia\metricas_realizadas\Prog-Concurrente\2026-PROGC-Q1-M5\Codigo_IA_generado\Sheriffsss\src\SheriffsssPackage\ItemDefinitionDrawConfig.java","C:\proyecto_code_ia\metricas_realizadas\Prog-Concurrente\2026-PROGC-Q1-M5\Codigo_IA_generado\Sheriffsss\src\SheriffsssPackage\ItemDefinitionDrawConfig.java","ItemDefinitionDrawConfig::getBarrelAnchorOffsetX","ItemDefinitionDrawConfig::getBarrelAnchorOffsetX()",110,112
3,1,10,0,3,"ItemDefinitionDrawConfig::getBarrelAnchorOffsetY@114-116@C:\proyecto_code_ia\metricas_realizadas\Prog-Concurrente\2026-PROGC-Q1-M5\Codigo_IA_generado\Sheriffsss\src\SheriffsssPackage\ItemDefinitionDrawConfig.java","C:\proyecto_code_ia\metricas_realizadas\Prog-Concurrente\2026-PROGC-Q1-M5\Codigo_IA_generado\Sheriffsss\src\SheriffsssPackage\ItemDefinitionDrawConfig.java","ItemDefinitionDrawConfig::getBarrelAnchorOffsetY","ItemDefinitionDrawConfig::getBarrelAnchorOffsetY()",114,116
3,1,18,1,3,"ItemDefinitionDrawConfig::getBaseOffsetY@118-120@C:\proyecto_code_ia\metricas_realizadas\Prog-Concurrente\2026-PROGC-Q1-M5\Codigo_IA_generado\Sheriffsss\src\SheriffsssPackage\ItemDefinitionDrawConfig.java","C:\proyecto_code_ia\metricas_realizadas\Prog-Concurrente\2026-PROGC-Q1-M5\Codigo_IA_generado\Sheriffsss\src\SheriffsssPackage\ItemDefinitionDrawConfig.java","ItemDefinitionDrawConfig::getBaseOffsetY","ItemDefinitionDrawConfig::getBaseOffsetY( Facing facing)",118,120
3,1,18,1,3,"ItemDefinitionDrawConfig::getBaseAngle@122-124@C:\proyecto_code_ia\metricas_realizadas\Prog-Concurrente\2026-PROGC-Q1-M5\Codigo_IA_generado\Sheriffsss\src\SheriffsssPackage\ItemDefinitionDrawConfig.java","C:\proyecto_code_ia\metricas_realizadas\Prog-Concurrente\2026-PROGC-Q1-M5\Codigo_IA_generado\Sheriffsss\src\SheriffsssPackage\ItemDefinitionDrawConfig.java","ItemDefinitionDrawConfig::getBaseAngle","ItemDefinitionDrawConfig::getBaseAngle( Facing facing)",122,124
3,1,27,2,3,"ItemDefinitionDrawConfig::getSwingOffsetX@126-128@C:\proyecto_code_ia\metricas_realizadas\Prog-Concurrente\2026-PROGC-Q1-M5\Codigo_IA_generado\Sheriffsss\src\SheriffsssPackage\ItemDefinitionDrawConfig.java","C:\proyecto_code_ia\metricas_realizadas\Prog-Concurrente\2026-PROGC-Q1-M5\Codigo_IA_generado\Sheriffsss\src\SheriffsssPackage\ItemDefinitionDrawConfig.java","ItemDefinitionDrawConfig::getSwingOffsetX","ItemDefinitionDrawConfig::getSwingOffsetX( Facing facing , double swing)",126,128
3,1,32,2,3,"ItemDefinitionDrawConfig::getSwingOffsetY@130-132@C:\proyecto_code_ia\metricas_realizadas\Prog-Concurrente\2026-PROGC-Q1-M5\Codigo_IA_generado\Sheriffsss\src\SheriffsssPackage\ItemDefinitionDrawConfig.java","C:\proyecto_code_ia\metricas_realizadas\Prog-Concurrente\2026-PROGC-Q1-M5\Codigo_IA_generado\Sheriffsss\src\SheriffsssPackage\ItemDefinitionDrawConfig.java","ItemDefinitionDrawConfig::getSwingOffsetY","ItemDefinitionDrawConfig::getSwingOffsetY( Facing facing , double swing)",130,132
3,1,22,2,3,"ItemDefinitionDrawConfig::getSwingAngle@134-136@C:\proyecto_code_ia\metricas_realizadas\Prog-Concurrente\2026-PROGC-Q1-M5\Codigo_IA_generado\Sheriffsss\src\SheriffsssPackage\ItemDefinitionDrawConfig.java","C:\proyecto_code_ia\metricas_realizadas\Prog-Concurrente\2026-PROGC-Q1-M5\Codigo_IA_generado\Sheriffsss\src\SheriffsssPackage\ItemDefinitionDrawConfig.java","ItemDefinitionDrawConfig::getSwingAngle","ItemDefinitionDrawConfig::getSwingAngle( Facing facing , double swing)",134,136
3,1,18,1,3,"ItemDefinitionDrawConfig::isDrawnBehind@138-140@C:\proyecto_code_ia\metricas_realizadas\Prog-Concurrente\2026-PROGC-Q1-M5\Codigo_IA_generado\Sheriffsss\src\SheriffsssPackage\ItemDefinitionDrawConfig.java","C:\proyecto_code_ia\metricas_realizadas\Prog-Concurrente\2026-PROGC-Q1-M5\Codigo_IA_generado\Sheriffsss\src\SheriffsssPackage\ItemDefinitionDrawConfig.java","ItemDefinitionDrawConfig::isDrawnBehind","ItemDefinitionDrawConfig::isDrawnBehind( Facing facing)",138,140
3,1,18,1,3,"ItemDefinitionDrawConfig::isMirrored@142-144@C:\proyecto_code_ia\metricas_realizadas\Prog-Concurrente\2026-PROGC-Q1-M5\Codigo_IA_generado\Sheriffsss\src\SheriffsssPackage\ItemDefinitionDrawConfig.java","C:\proyecto_code_ia\metricas_realizadas\Prog-Concurrente\2026-PROGC-Q1-M5\Codigo_IA_generado\Sheriffsss\src\SheriffsssPackage\ItemDefinitionDrawConfig.java","ItemDefinitionDrawConfig::isMirrored","ItemDefinitionDrawConfig::isMirrored( Facing facing)",142,144
3,2,20,1,3,"ItemDefinitionDrawConfig::index@146-148@C:\proyecto_code_ia\metricas_realizadas\Prog-Concurrente\2026-PROGC-Q1-M5\Codigo_IA_generado\Sheriffsss\src\SheriffsssPackage\ItemDefinitionDrawConfig.java","C:\proyecto_code_ia\metricas_realizadas\Prog-Concurrente\2026-PROGC-Q1-M5\Codigo_IA_generado\Sheriffsss\src\SheriffsssPackage\ItemDefinitionDrawConfig.java","ItemDefinitionDrawConfig::index","ItemDefinitionDrawConfig::index( Facing facing)",146,148
6,5,42,1,6,"ItemDefinitionDrawConfig::recoilXDirection@150-155@C:\proyecto_code_ia\metricas_realizadas\Prog-Concurrente\2026-PROGC-Q1-M5\Codigo_IA_generado\Sheriffsss\src\SheriffsssPackage\ItemDefinitionDrawConfig.java","C:\proyecto_code_ia\metricas_realizadas\Prog-Concurrente\2026-PROGC-Q1-M5\Codigo_IA_generado\Sheriffsss\src\SheriffsssPackage\ItemDefinitionDrawConfig.java","ItemDefinitionDrawConfig::recoilXDirection","ItemDefinitionDrawConfig::recoilXDirection( Facing facing)",150,155
6,4,36,1,6,"ItemDefinitionDrawConfig::recoilYDirection@157-162@C:\proyecto_code_ia\metricas_realizadas\Prog-Concurrente\2026-PROGC-Q1-M5\Codigo_IA_generado\Sheriffsss\src\SheriffsssPackage\ItemDefinitionDrawConfig.java","C:\proyecto_code_ia\metricas_realizadas\Prog-Concurrente\2026-PROGC-Q1-M5\Codigo_IA_generado\Sheriffsss\src\SheriffsssPackage\ItemDefinitionDrawConfig.java","ItemDefinitionDrawConfig::recoilYDirection","ItemDefinitionDrawConfig::recoilYDirection( Facing facing)",157,162
3,2,18,1,3,"ItemDefinitionDrawConfig::recoilRotationDirection@164-166@C:\proyecto_code_ia\metricas_realizadas\Prog-Concurrente\2026-PROGC-Q1-M5\Codigo_IA_generado\Sheriffsss\src\SheriffsssPackage\ItemDefinitionDrawConfig.java","C:\proyecto_code_ia\metricas_realizadas\Prog-Concurrente\2026-PROGC-Q1-M5\Codigo_IA_generado\Sheriffsss\src\SheriffsssPackage\ItemDefinitionDrawConfig.java","ItemDefinitionDrawConfig::recoilRotationDirection","ItemDefinitionDrawConfig::recoilRotationDirection( Facing facing)",164,166
5,1,26,1,5,"(anonymous)::windowClosing@26-30@C:\proyecto_code_ia\metricas_realizadas\Prog-Concurrente\2026-PROGC-Q1-M5\Codigo_IA_generado\Sheriffsss\src\SheriffsssPackage\Main.java","C:\proyecto_code_ia\metricas_realizadas\Prog-Concurrente\2026-PROGC-Q1-M5\Codigo_IA_generado\Sheriffsss\src\SheriffsssPackage\Main.java","(anonymous)::windowClosing","Main::Main::main.windowClosing( WindowEvent event)",26,30
22,4,164,1,30,"Main::main@11-40@C:\proyecto_code_ia\metricas_realizadas\Prog-Concurrente\2026-PROGC-Q1-M5\Codigo_IA_generado\Sheriffsss\src\SheriffsssPackage\Main.java","C:\proyecto_code_ia\metricas_realizadas\Prog-Concurrente\2026-PROGC-Q1-M5\Codigo_IA_generado\Sheriffsss\src\SheriffsssPackage\Main.java","Main::main","Main::main( String [ ] args)",11,40
8,1,58,6,8,"MapObject::MapObject@12-19@C:\proyecto_code_ia\metricas_realizadas\Prog-Concurrente\2026-PROGC-Q1-M5\Codigo_IA_generado\Sheriffsss\src\SheriffsssPackage\MapObject.java","C:\proyecto_code_ia\metricas_realizadas\Prog-Concurrente\2026-PROGC-Q1-M5\Codigo_IA_generado\Sheriffsss\src\SheriffsssPackage\MapObject.java","MapObject::MapObject","MapObject::MapObject( MapObjectType type , int rootTileX , int rootTileY , int drawIndex , boolean solid , boolean abovePlayer)",12,19
3,1,10,0,3,"MapObject::getType@21-23@C:\proyecto_code_ia\metricas_realizadas\Prog-Concurrente\2026-PROGC-Q1-M5\Codigo_IA_generado\Sheriffsss\src\SheriffsssPackage\MapObject.java","C:\proyecto_code_ia\metricas_realizadas\Prog-Concurrente\2026-PROGC-Q1-M5\Codigo_IA_generado\Sheriffsss\src\SheriffsssPackage\MapObject.java","MapObject::getType","MapObject::getType()",21,23
3,1,10,0,3,"MapObject::getRootTileX@25-27@C:\proyecto_code_ia\metricas_realizadas\Prog-Concurrente\2026-PROGC-Q1-M5\Codigo_IA_generado\Sheriffsss\src\SheriffsssPackage\MapObject.java","C:\proyecto_code_ia\metricas_realizadas\Prog-Concurrente\2026-PROGC-Q1-M5\Codigo_IA_generado\Sheriffsss\src\SheriffsssPackage\MapObject.java","MapObject::getRootTileX","MapObject::getRootTileX()",25,27
3,1,10,0,3,"MapObject::getRootTileY@29-31@C:\proyecto_code_ia\metricas_realizadas\Prog-Concurrente\2026-PROGC-Q1-M5\Codigo_IA_generado\Sheriffsss\src\SheriffsssPackage\MapObject.java","C:\proyecto_code_ia\metricas_realizadas\Prog-Concurrente\2026-PROGC-Q1-M5\Codigo_IA_generado\Sheriffsss\src\SheriffsssPackage\MapObject.java","MapObject::getRootTileY","MapObject::getRootTileY()",29,31
3,1,10,0,3,"MapObject::getDrawIndex@33-35@C:\proyecto_code_ia\metricas_realizadas\Prog-Concurrente\2026-PROGC-Q1-M5\Codigo_IA_generado\Sheriffsss\src\SheriffsssPackage\MapObject.java","C:\proyecto_code_ia\metricas_realizadas\Prog-Concurrente\2026-PROGC-Q1-M5\Codigo_IA_generado\Sheriffsss\src\SheriffsssPackage\MapObject.java","MapObject::getDrawIndex","MapObject::getDrawIndex()",33,35
3,1,10,0,3,"MapObject::isSolid@37-39@C:\proyecto_code_ia\metricas_realizadas\Prog-Concurrente\2026-PROGC-Q1-M5\Codigo_IA_generado\Sheriffsss\src\SheriffsssPackage\MapObject.java","C:\proyecto_code_ia\metricas_realizadas\Prog-Concurrente\2026-PROGC-Q1-M5\Codigo_IA_generado\Sheriffsss\src\SheriffsssPackage\MapObject.java","MapObject::isSolid","MapObject::isSolid()",37,39
3,1,10,0,3,"MapObject::isAbovePlayer@41-43@C:\proyecto_code_ia\metricas_realizadas\Prog-Concurrente\2026-PROGC-Q1-M5\Codigo_IA_generado\Sheriffsss\src\SheriffsssPackage\MapObject.java","C:\proyecto_code_ia\metricas_realizadas\Prog-Concurrente\2026-PROGC-Q1-M5\Codigo_IA_generado\Sheriffsss\src\SheriffsssPackage\MapObject.java","MapObject::isAbovePlayer","MapObject::isAbovePlayer()",41,43
3,1,10,0,3,"MapObject::getDurabilityDamage@45-47@C:\proyecto_code_ia\metricas_realizadas\Prog-Concurrente\2026-PROGC-Q1-M5\Codigo_IA_generado\Sheriffsss\src\SheriffsssPackage\MapObject.java","C:\proyecto_code_ia\metricas_realizadas\Prog-Concurrente\2026-PROGC-Q1-M5\Codigo_IA_generado\Sheriffsss\src\SheriffsssPackage\MapObject.java","MapObject::getDurabilityDamage","MapObject::getDurabilityDamage()",45,47
3,1,11,0,3,"MapObject::resetDurabilityDamage@49-51@C:\proyecto_code_ia\metricas_realizadas\Prog-Concurrente\2026-PROGC-Q1-M5\Codigo_IA_generado\Sheriffsss\src\SheriffsssPackage\MapObject.java","C:\proyecto_code_ia\metricas_realizadas\Prog-Concurrente\2026-PROGC-Q1-M5\Codigo_IA_generado\Sheriffsss\src\SheriffsssPackage\MapObject.java","MapObject::resetDurabilityDamage","MapObject::resetDurabilityDamage()",49,51
3,2,23,2,3,"MapObject::isRootCell@53-55@C:\proyecto_code_ia\metricas_realizadas\Prog-Concurrente\2026-PROGC-Q1-M5\Codigo_IA_generado\Sheriffsss\src\SheriffsssPackage\MapObject.java","C:\proyecto_code_ia\metricas_realizadas\Prog-Concurrente\2026-PROGC-Q1-M5\Codigo_IA_generado\Sheriffsss\src\SheriffsssPackage\MapObject.java","MapObject::isRootCell","MapObject::isRootCell( int tileX , int tileY)",53,55
3,1,40,5,3,"MapObjectType::MapObjectType@22-24@C:\proyecto_code_ia\metricas_realizadas\Prog-Concurrente\2026-PROGC-Q1-M5\Codigo_IA_generado\Sheriffsss\src\SheriffsssPackage\MapObjectType.java","C:\proyecto_code_ia\metricas_realizadas\Prog-Concurrente\2026-PROGC-Q1-M5\Codigo_IA_generado\Sheriffsss\src\SheriffsssPackage\MapObjectType.java","MapObjectType::MapObjectType","MapObjectType( int id , int footprintWidth , int footprintHeight , String spritePath , Color minimapColor)",22,24
9,1,81,7,9,"MapObjectType::MapObjectType@26-34@C:\proyecto_code_ia\metricas_realizadas\Prog-Concurrente\2026-PROGC-Q1-M5\Codigo_IA_generado\Sheriffsss\src\SheriffsssPackage\MapObjectType.java","C:\proyecto_code_ia\metricas_realizadas\Prog-Concurrente\2026-PROGC-Q1-M5\Codigo_IA_generado\Sheriffsss\src\SheriffsssPackage\MapObjectType.java","MapObjectType::MapObjectType","MapObjectType( int id , int footprintWidth , int footprintHeight , String spritePath , Color minimapColor , int collisionWidth , int collisionHeight)",26,34
1,1,10,0,1,"MapObjectType::getId@36-36@C:\proyecto_code_ia\metricas_realizadas\Prog-Concurrente\2026-PROGC-Q1-M5\Codigo_IA_generado\Sheriffsss\src\SheriffsssPackage\MapObjectType.java","C:\proyecto_code_ia\metricas_realizadas\Prog-Concurrente\2026-PROGC-Q1-M5\Codigo_IA_generado\Sheriffsss\src\SheriffsssPackage\MapObjectType.java","MapObjectType::getId","getId()",36,36
1,1,10,0,1,"MapObjectType::getFootprintWidth@37-37@C:\proyecto_code_ia\metricas_realizadas\Prog-Concurrente\2026-PROGC-Q1-M5\Codigo_IA_generado\Sheriffsss\src\SheriffsssPackage\MapObjectType.java","C:\proyecto_code_ia\metricas_realizadas\Prog-Concurrente\2026-PROGC-Q1-M5\Codigo_IA_generado\Sheriffsss\src\SheriffsssPackage\MapObjectType.java","MapObjectType::getFootprintWidth","getFootprintWidth()",37,37
1,1,10,0,1,"MapObjectType::getFootprintHeight@38-38@C:\proyecto_code_ia\metricas_realizadas\Prog-Concurrente\2026-PROGC-Q1-M5\Codigo_IA_generado\Sheriffsss\src\SheriffsssPackage\MapObjectType.java","C:\proyecto_code_ia\metricas_realizadas\Prog-Concurrente\2026-PROGC-Q1-M5\Codigo_IA_generado\Sheriffsss\src\SheriffsssPackage\MapObjectType.java","MapObjectType::getFootprintHeight","getFootprintHeight()",38,38
1,1,10,0,1,"MapObjectType::getSpritePath@39-39@C:\proyecto_code_ia\metricas_realizadas\Prog-Concurrente\2026-PROGC-Q1-M5\Codigo_IA_generado\Sheriffsss\src\SheriffsssPackage\MapObjectType.java","C:\proyecto_code_ia\metricas_realizadas\Prog-Concurrente\2026-PROGC-Q1-M5\Codigo_IA_generado\Sheriffsss\src\SheriffsssPackage\MapObjectType.java","MapObjectType::getSpritePath","getSpritePath()",39,39
1,1,10,0,1,"MapObjectType::getCollisionWidth@40-40@C:\proyecto_code_ia\metricas_realizadas\Prog-Concurrente\2026-PROGC-Q1-M5\Codigo_IA_generado\Sheriffsss\src\SheriffsssPackage\MapObjectType.java","C:\proyecto_code_ia\metricas_realizadas\Prog-Concurrente\2026-PROGC-Q1-M5\Codigo_IA_generado\Sheriffsss\src\SheriffsssPackage\MapObjectType.java","MapObjectType::getCollisionWidth","getCollisionWidth()",40,40
1,1,10,0,1,"MapObjectType::getCollisionHeight@41-41@C:\proyecto_code_ia\metricas_realizadas\Prog-Concurrente\2026-PROGC-Q1-M5\Codigo_IA_generado\Sheriffsss\src\SheriffsssPackage\MapObjectType.java","C:\proyecto_code_ia\metricas_realizadas\Prog-Concurrente\2026-PROGC-Q1-M5\Codigo_IA_generado\Sheriffsss\src\SheriffsssPackage\MapObjectType.java","MapObjectType::getCollisionHeight","getCollisionHeight()",41,41
1,1,8,0,1,"MapObjectType::isBreakable@42-42@C:\proyecto_code_ia\metricas_realizadas\Prog-Concurrente\2026-PROGC-Q1-M5\Codigo_IA_generado\Sheriffsss\src\SheriffsssPackage\MapObjectType.java","C:\proyecto_code_ia\metricas_realizadas\Prog-Concurrente\2026-PROGC-Q1-M5\Codigo_IA_generado\Sheriffsss\src\SheriffsssPackage\MapObjectType.java","MapObjectType::isBreakable","isBreakable()",42,42
1,1,8,0,1,"MapObjectType::getDurability@43-43@C:\proyecto_code_ia\metricas_realizadas\Prog-Concurrente\2026-PROGC-Q1-M5\Codigo_IA_generado\Sheriffsss\src\SheriffsssPackage\MapObjectType.java","C:\proyecto_code_ia\metricas_realizadas\Prog-Concurrente\2026-PROGC-Q1-M5\Codigo_IA_generado\Sheriffsss\src\SheriffsssPackage\MapObjectType.java","MapObjectType::getDurability","getDurability()",43,43
1,1,8,0,1,"MapObjectType::getLightRadiusTiles@44-44@C:\proyecto_code_ia\metricas_realizadas\Prog-Concurrente\2026-PROGC-Q1-M5\Codigo_IA_generado\Sheriffsss\src\SheriffsssPackage\MapObjectType.java","C:\proyecto_code_ia\metricas_realizadas\Prog-Concurrente\2026-PROGC-Q1-M5\Codigo_IA_generado\Sheriffsss\src\SheriffsssPackage\MapObjectType.java","MapObjectType::getLightRadiusTiles","getLightRadiusTiles()",44,44
1,1,8,0,1,"MapObjectType::getLightIntensity@45-45@C:\proyecto_code_ia\metricas_realizadas\Prog-Concurrente\2026-PROGC-Q1-M5\Codigo_IA_generado\Sheriffsss\src\SheriffsssPackage\MapObjectType.java","C:\proyecto_code_ia\metricas_realizadas\Prog-Concurrente\2026-PROGC-Q1-M5\Codigo_IA_generado\Sheriffsss\src\SheriffsssPackage\MapObjectType.java","MapObjectType::getLightIntensity","getLightIntensity()",45,45
1,1,12,1,1,"MapObjectType::resolveMinimapColor@46-46@C:\proyecto_code_ia\metricas_realizadas\Prog-Concurrente\2026-PROGC-Q1-M5\Codigo_IA_generado\Sheriffsss\src\SheriffsssPackage\MapObjectType.java","C:\proyecto_code_ia\metricas_realizadas\Prog-Concurrente\2026-PROGC-Q1-M5\Codigo_IA_generado\Sheriffsss\src\SheriffsssPackage\MapObjectType.java","MapObjectType::resolveMinimapColor","resolveMinimapColor( int drawIndex)",46,46
7,2,35,0,7,"MapObjectType::getMaxFootprintWidth@48-54@C:\proyecto_code_ia\metricas_realizadas\Prog-Concurrente\2026-PROGC-Q1-M5\Codigo_IA_generado\Sheriffsss\src\SheriffsssPackage\MapObjectType.java","C:\proyecto_code_ia\metricas_realizadas\Prog-Concurrente\2026-PROGC-Q1-M5\Codigo_IA_generado\Sheriffsss\src\SheriffsssPackage\MapObjectType.java","MapObjectType::getMaxFootprintWidth","getMaxFootprintWidth()",48,54
7,2,35,0,7,"MapObjectType::getMaxFootprintHeight@56-62@C:\proyecto_code_ia\metricas_realizadas\Prog-Concurrente\2026-PROGC-Q1-M5\Codigo_IA_generado\Sheriffsss\src\SheriffsssPackage\MapObjectType.java","C:\proyecto_code_ia\metricas_realizadas\Prog-Concurrente\2026-PROGC-Q1-M5\Codigo_IA_generado\Sheriffsss\src\SheriffsssPackage\MapObjectType.java","MapObjectType::getMaxFootprintHeight","getMaxFootprintHeight()",56,62
6,2,62,1,6,"MenuRenderer::MenuRenderer@57-62@C:\proyecto_code_ia\metricas_realizadas\Prog-Concurrente\2026-PROGC-Q1-M5\Codigo_IA_generado\Sheriffsss\src\SheriffsssPackage\MenuRenderer.java","C:\proyecto_code_ia\metricas_realizadas\Prog-Concurrente\2026-PROGC-Q1-M5\Codigo_IA_generado\Sheriffsss\src\SheriffsssPackage\MenuRenderer.java","MenuRenderer::MenuRenderer","MenuRenderer::MenuRenderer( AssetManager assets)",57,62
11,2,93,2,11,"MenuRenderer::draw@64-74@C:\proyecto_code_ia\metricas_realizadas\Prog-Concurrente\2026-PROGC-Q1-M5\Codigo_IA_generado\Sheriffsss\src\SheriffsssPackage\MenuRenderer.java","C:\proyecto_code_ia\metricas_realizadas\Prog-Concurrente\2026-PROGC-Q1-M5\Codigo_IA_generado\Sheriffsss\src\SheriffsssPackage\MenuRenderer.java","MenuRenderer::draw","MenuRenderer::draw( Graphics2D g2 , Game game)",64,74
3,1,26,2,3,"MenuRenderer::isTrainingButtonHovered@76-78@C:\proyecto_code_ia\metricas_realizadas\Prog-Concurrente\2026-PROGC-Q1-M5\Codigo_IA_generado\Sheriffsss\src\SheriffsssPackage\MenuRenderer.java","C:\proyecto_code_ia\metricas_realizadas\Prog-Concurrente\2026-PROGC-Q1-M5\Codigo_IA_generado\Sheriffsss\src\SheriffsssPackage\MenuRenderer.java","MenuRenderer::isTrainingButtonHovered","MenuRenderer::isTrainingButtonHovered( int mouseX , int mouseY)",76,78
3,1,26,2,3,"MenuRenderer::isTrainingSettingsButtonHovered@80-82@C:\proyecto_code_ia\metricas_realizadas\Prog-Concurrente\2026-PROGC-Q1-M5\Codigo_IA_generado\Sheriffsss\src\SheriffsssPackage\MenuRenderer.java","C:\proyecto_code_ia\metricas_realizadas\Prog-Concurrente\2026-PROGC-Q1-M5\Codigo_IA_generado\Sheriffsss\src\SheriffsssPackage\MenuRenderer.java","MenuRenderer::isTrainingSettingsButtonHovered","MenuRenderer::isTrainingSettingsButtonHovered( int mouseX , int mouseY)",80,82
3,1,26,2,3,"MenuRenderer::isExitButtonHovered@84-86@C:\proyecto_code_ia\metricas_realizadas\Prog-Concurrente\2026-PROGC-Q1-M5\Codigo_IA_generado\Sheriffsss\src\SheriffsssPackage\MenuRenderer.java","C:\proyecto_code_ia\metricas_realizadas\Prog-Concurrente\2026-PROGC-Q1-M5\Codigo_IA_generado\Sheriffsss\src\SheriffsssPackage\MenuRenderer.java","MenuRenderer::isExitButtonHovered","MenuRenderer::isExitButtonHovered( int mouseX , int mouseY)",84,86
3,1,26,2,3,"MenuRenderer::isMenuBackButtonHovered@88-90@C:\proyecto_code_ia\metricas_realizadas\Prog-Concurrente\2026-PROGC-Q1-M5\Codigo_IA_generado\Sheriffsss\src\SheriffsssPackage\MenuRenderer.java","C:\proyecto_code_ia\metricas_realizadas\Prog-Concurrente\2026-PROGC-Q1-M5\Codigo_IA_generado\Sheriffsss\src\SheriffsssPackage\MenuRenderer.java","MenuRenderer::isMenuBackButtonHovered","MenuRenderer::isMenuBackButtonHovered( int mouseX , int mouseY)",88,90
3,1,26,2,3,"MenuRenderer::isMenuFullscreenButtonHovered@92-94@C:\proyecto_code_ia\metricas_realizadas\Prog-Concurrente\2026-PROGC-Q1-M5\Codigo_IA_generado\Sheriffsss\src\SheriffsssPackage\MenuRenderer.java","C:\proyecto_code_ia\metricas_realizadas\Prog-Concurrente\2026-PROGC-Q1-M5\Codigo_IA_generado\Sheriffsss\src\SheriffsssPackage\MenuRenderer.java","MenuRenderer::isMenuFullscreenButtonHovered","MenuRenderer::isMenuFullscreenButtonHovered( int mouseX , int mouseY)",92,94
4,1,24,2,4,"MenuRenderer::drawRootMenu@96-99@C:\proyecto_code_ia\metricas_realizadas\Prog-Concurrente\2026-PROGC-Q1-M5\Codigo_IA_generado\Sheriffsss\src\SheriffsssPackage\MenuRenderer.java","C:\proyecto_code_ia\metricas_realizadas\Prog-Concurrente\2026-PROGC-Q1-M5\Codigo_IA_generado\Sheriffsss\src\SheriffsssPackage\MenuRenderer.java","MenuRenderer::drawRootMenu","MenuRenderer::drawRootMenu( Graphics2D g2 , Game game)",96,99
5,1,130,2,5,"MenuRenderer::drawTrainingOnlyRootMenu@101-105@C:\proyecto_code_ia\metricas_realizadas\Prog-Concurrente\2026-PROGC-Q1-M5\Codigo_IA_generado\Sheriffsss\src\SheriffsssPackage\MenuRenderer.java","C:\proyecto_code_ia\metricas_realizadas\Prog-Concurrente\2026-PROGC-Q1-M5\Codigo_IA_generado\Sheriffsss\src\SheriffsssPackage\MenuRenderer.java","MenuRenderer::drawTrainingOnlyRootMenu","MenuRenderer::drawTrainingOnlyRootMenu( Graphics2D g2 , Game game)",101,105
5,1,67,2,5,"MenuRenderer::drawRootTitle@107-111@C:\proyecto_code_ia\metricas_realizadas\Prog-Concurrente\2026-PROGC-Q1-M5\Codigo_IA_generado\Sheriffsss\src\SheriffsssPackage\MenuRenderer.java","C:\proyecto_code_ia\metricas_realizadas\Prog-Concurrente\2026-PROGC-Q1-M5\Codigo_IA_generado\Sheriffsss\src\SheriffsssPackage\MenuRenderer.java","MenuRenderer::drawRootTitle","MenuRenderer::drawRootTitle( Graphics2D g2 , Game game)",107,111
3,1,10,0,3,"MenuRenderer::getMenuOffsetX@113-115@C:\proyecto_code_ia\metricas_realizadas\Prog-Concurrente\2026-PROGC-Q1-M5\Codigo_IA_generado\Sheriffsss\src\SheriffsssPackage\MenuRenderer.java","C:\proyecto_code_ia\metricas_realizadas\Prog-Concurrente\2026-PROGC-Q1-M5\Codigo_IA_generado\Sheriffsss\src\SheriffsssPackage\MenuRenderer.java","MenuRenderer::getMenuOffsetX","MenuRenderer::getMenuOffsetX()",113,115
3,1,10,0,3,"MenuRenderer::getMenuOffsetY@117-119@C:\proyecto_code_ia\metricas_realizadas\Prog-Concurrente\2026-PROGC-Q1-M5\Codigo_IA_generado\Sheriffsss\src\SheriffsssPackage\MenuRenderer.java","C:\proyecto_code_ia\metricas_realizadas\Prog-Concurrente\2026-PROGC-Q1-M5\Codigo_IA_generado\Sheriffsss\src\SheriffsssPackage\MenuRenderer.java","MenuRenderer::getMenuOffsetY","MenuRenderer::getMenuOffsetY()",117,119
5,4,57,6,5,"MenuRenderer::contains@121-125@C:\proyecto_code_ia\metricas_realizadas\Prog-Concurrente\2026-PROGC-Q1-M5\Codigo_IA_generado\Sheriffsss\src\SheriffsssPackage\MenuRenderer.java","C:\proyecto_code_ia\metricas_realizadas\Prog-Concurrente\2026-PROGC-Q1-M5\Codigo_IA_generado\Sheriffsss\src\SheriffsssPackage\MenuRenderer.java","MenuRenderer::contains","MenuRenderer::contains( int mouseX , int mouseY , int x , int y , int width , int height)",121,125
3,4,43,6,3,"MenuRenderer::containsScreen@127-129@C:\proyecto_code_ia\metricas_realizadas\Prog-Concurrente\2026-PROGC-Q1-M5\Codigo_IA_generado\Sheriffsss\src\SheriffsssPackage\MenuRenderer.java","C:\proyecto_code_ia\metricas_realizadas\Prog-Concurrente\2026-PROGC-Q1-M5\Codigo_IA_generado\Sheriffsss\src\SheriffsssPackage\MenuRenderer.java","MenuRenderer::containsScreen","MenuRenderer::containsScreen( int mouseX , int mouseY , int x , int y , int width , int height)",127,129
3,1,14,1,3,"MenuRenderer::baseMouseX@131-133@C:\proyecto_code_ia\metricas_realizadas\Prog-Concurrente\2026-PROGC-Q1-M5\Codigo_IA_generado\Sheriffsss\src\SheriffsssPackage\MenuRenderer.java","C:\proyecto_code_ia\metricas_realizadas\Prog-Concurrente\2026-PROGC-Q1-M5\Codigo_IA_generado\Sheriffsss\src\SheriffsssPackage\MenuRenderer.java","MenuRenderer::baseMouseX","MenuRenderer::baseMouseX( int mouseX)",131,133
3,1,14,1,3,"MenuRenderer::baseMouseY@135-137@C:\proyecto_code_ia\metricas_realizadas\Prog-Concurrente\2026-PROGC-Q1-M5\Codigo_IA_generado\Sheriffsss\src\SheriffsssPackage\MenuRenderer.java","C:\proyecto_code_ia\metricas_realizadas\Prog-Concurrente\2026-PROGC-Q1-M5\Codigo_IA_generado\Sheriffsss\src\SheriffsssPackage\MenuRenderer.java","MenuRenderer::baseMouseY","MenuRenderer::baseMouseY( int mouseY)",135,137
3,1,18,0,3,"MenuRenderer::menuOffsetX@139-141@C:\proyecto_code_ia\metricas_realizadas\Prog-Concurrente\2026-PROGC-Q1-M5\Codigo_IA_generado\Sheriffsss\src\SheriffsssPackage\MenuRenderer.java","C:\proyecto_code_ia\metricas_realizadas\Prog-Concurrente\2026-PROGC-Q1-M5\Codigo_IA_generado\Sheriffsss\src\SheriffsssPackage\MenuRenderer.java","MenuRenderer::menuOffsetX","MenuRenderer::menuOffsetX()",139,141
3,1,18,0,3,"MenuRenderer::menuOffsetY@143-145@C:\proyecto_code_ia\metricas_realizadas\Prog-Concurrente\2026-PROGC-Q1-M5\Codigo_IA_generado\Sheriffsss\src\SheriffsssPackage\MenuRenderer.java","C:\proyecto_code_ia\metricas_realizadas\Prog-Concurrente\2026-PROGC-Q1-M5\Codigo_IA_generado\Sheriffsss\src\SheriffsssPackage\MenuRenderer.java","MenuRenderer::menuOffsetY","MenuRenderer::menuOffsetY()",143,145
3,1,12,0,3,"MenuRenderer::baseCenterX@147-149@C:\proyecto_code_ia\metricas_realizadas\Prog-Concurrente\2026-PROGC-Q1-M5\Codigo_IA_generado\Sheriffsss\src\SheriffsssPackage\MenuRenderer.java","C:\proyecto_code_ia\metricas_realizadas\Prog-Concurrente\2026-PROGC-Q1-M5\Codigo_IA_generado\Sheriffsss\src\SheriffsssPackage\MenuRenderer.java","MenuRenderer::baseCenterX","MenuRenderer::baseCenterX()",147,149
3,1,16,0,3,"MenuRenderer::settingsPanelX@151-153@C:\proyecto_code_ia\metricas_realizadas\Prog-Concurrente\2026-PROGC-Q1-M5\Codigo_IA_generado\Sheriffsss\src\SheriffsssPackage\MenuRenderer.java","C:\proyecto_code_ia\metricas_realizadas\Prog-Concurrente\2026-PROGC-Q1-M5\Codigo_IA_generado\Sheriffsss\src\SheriffsssPackage\MenuRenderer.java","MenuRenderer::settingsPanelX","MenuRenderer::settingsPanelX()",151,153
3,1,12,0,3,"MenuRenderer::settingsSliderX@155-157@C:\proyecto_code_ia\metricas_realizadas\Prog-Concurrente\2026-PROGC-Q1-M5\Codigo_IA_generado\Sheriffsss\src\SheriffsssPackage\MenuRenderer.java","C:\proyecto_code_ia\metricas_realizadas\Prog-Concurrente\2026-PROGC-Q1-M5\Codigo_IA_generado\Sheriffsss\src\SheriffsssPackage\MenuRenderer.java","MenuRenderer::settingsSliderX","MenuRenderer::settingsSliderX()",155,157
3,1,14,1,3,"MenuRenderer::screenButtonX@159-161@C:\proyecto_code_ia\metricas_realizadas\Prog-Concurrente\2026-PROGC-Q1-M5\Codigo_IA_generado\Sheriffsss\src\SheriffsssPackage\MenuRenderer.java","C:\proyecto_code_ia\metricas_realizadas\Prog-Concurrente\2026-PROGC-Q1-M5\Codigo_IA_generado\Sheriffsss\src\SheriffsssPackage\MenuRenderer.java","MenuRenderer::screenButtonX","MenuRenderer::screenButtonX( int x)",159,161
3,1,14,1,3,"MenuRenderer::screenButtonY@163-165@C:\proyecto_code_ia\metricas_realizadas\Prog-Concurrente\2026-PROGC-Q1-M5\Codigo_IA_generado\Sheriffsss\src\SheriffsssPackage\MenuRenderer.java","C:\proyecto_code_ia\metricas_realizadas\Prog-Concurrente\2026-PROGC-Q1-M5\Codigo_IA_generado\Sheriffsss\src\SheriffsssPackage\MenuRenderer.java","MenuRenderer::screenButtonY","MenuRenderer::screenButtonY( int y)",163,165
15,2,269,2,16,"MenuRenderer::drawMenuSettings@167-182@C:\proyecto_code_ia\metricas_realizadas\Prog-Concurrente\2026-PROGC-Q1-M5\Codigo_IA_generado\Sheriffsss\src\SheriffsssPackage\MenuRenderer.java","C:\proyecto_code_ia\metricas_realizadas\Prog-Concurrente\2026-PROGC-Q1-M5\Codigo_IA_generado\Sheriffsss\src\SheriffsssPackage\MenuRenderer.java","MenuRenderer::drawMenuSettings","MenuRenderer::drawMenuSettings( Graphics2D g2 , Game game)",167,182
6,1,89,2,6,"MenuRenderer::drawResolutionSlider@184-189@C:\proyecto_code_ia\metricas_realizadas\Prog-Concurrente\2026-PROGC-Q1-M5\Codigo_IA_generado\Sheriffsss\src\SheriffsssPackage\MenuRenderer.java","C:\proyecto_code_ia\metricas_realizadas\Prog-Concurrente\2026-PROGC-Q1-M5\Codigo_IA_generado\Sheriffsss\src\SheriffsssPackage\MenuRenderer.java","MenuRenderer::drawResolutionSlider","MenuRenderer::drawResolutionSlider( Graphics2D g2 , Game game)",184,189
12,1,180,4,12,"MenuRenderer::drawSettingsSlider@191-202@C:\proyecto_code_ia\metricas_realizadas\Prog-Concurrente\2026-PROGC-Q1-M5\Codigo_IA_generado\Sheriffsss\src\SheriffsssPackage\MenuRenderer.java","C:\proyecto_code_ia\metricas_realizadas\Prog-Concurrente\2026-PROGC-Q1-M5\Codigo_IA_generado\Sheriffsss\src\SheriffsssPackage\MenuRenderer.java","MenuRenderer::drawSettingsSlider","MenuRenderer::drawSettingsSlider( Graphics2D g2 , String label , int y , double value)",191,202
10,5,166,8,10,"MenuRenderer::drawMenuButton@204-213@C:\proyecto_code_ia\metricas_realizadas\Prog-Concurrente\2026-PROGC-Q1-M5\Codigo_IA_generado\Sheriffsss\src\SheriffsssPackage\MenuRenderer.java","C:\proyecto_code_ia\metricas_realizadas\Prog-Concurrente\2026-PROGC-Q1-M5\Codigo_IA_generado\Sheriffsss\src\SheriffsssPackage\MenuRenderer.java","MenuRenderer::drawMenuButton","MenuRenderer::drawMenuButton( Graphics2D g2 , String text , int x , int y , int width , int height , boolean hovered , boolean enabled)",204,213
3,1,42,5,3,"MenuRenderer::fillRoundedRect@215-217@C:\proyecto_code_ia\metricas_realizadas\Prog-Concurrente\2026-PROGC-Q1-M5\Codigo_IA_generado\Sheriffsss\src\SheriffsssPackage\MenuRenderer.java","C:\proyecto_code_ia\metricas_realizadas\Prog-Concurrente\2026-PROGC-Q1-M5\Codigo_IA_generado\Sheriffsss\src\SheriffsssPackage\MenuRenderer.java","MenuRenderer::fillRoundedRect","MenuRenderer::fillRoundedRect( Graphics2D g2 , int x , int y , int w , int h)",215,217
3,1,46,5,3,"MenuRenderer::strokeRoundedRect@219-221@C:\proyecto_code_ia\metricas_realizadas\Prog-Concurrente\2026-PROGC-Q1-M5\Codigo_IA_generado\Sheriffsss\src\SheriffsssPackage\MenuRenderer.java","C:\proyecto_code_ia\metricas_realizadas\Prog-Concurrente\2026-PROGC-Q1-M5\Codigo_IA_generado\Sheriffsss\src\SheriffsssPackage\MenuRenderer.java","MenuRenderer::strokeRoundedRect","MenuRenderer::strokeRoundedRect( Graphics2D g2 , int x , int y , int w , int h)",219,221
14,1,130,4,14,"Player::Player@31-44@C:\proyecto_code_ia\metricas_realizadas\Prog-Concurrente\2026-PROGC-Q1-M5\Codigo_IA_generado\Sheriffsss\src\SheriffsssPackage\Player.java","C:\proyecto_code_ia\metricas_realizadas\Prog-Concurrente\2026-PROGC-Q1-M5\Codigo_IA_generado\Sheriffsss\src\SheriffsssPackage\Player.java","Player::Player","Player::Player( String name , int x , int y , AssetManager assets)",31,44
3,1,31,3,3,"Player::loadDirectionalSprite@46-48@C:\proyecto_code_ia\metricas_realizadas\Prog-Concurrente\2026-PROGC-Q1-M5\Codigo_IA_generado\Sheriffsss\src\SheriffsssPackage\Player.java","C:\proyecto_code_ia\metricas_realizadas\Prog-Concurrente\2026-PROGC-Q1-M5\Codigo_IA_generado\Sheriffsss\src\SheriffsssPackage\Player.java","Player::loadDirectionalSprite","Player::loadDirectionalSprite( AssetManager assets , Facing facing , String spritePath)",46,48
1,1,10,0,1,"Player::getX@50-50@C:\proyecto_code_ia\metricas_realizadas\Prog-Concurrente\2026-PROGC-Q1-M5\Codigo_IA_generado\Sheriffsss\src\SheriffsssPackage\Player.java","C:\proyecto_code_ia\metricas_realizadas\Prog-Concurrente\2026-PROGC-Q1-M5\Codigo_IA_generado\Sheriffsss\src\SheriffsssPackage\Player.java","Player::getX","Player::getX()",50,50
1,1,10,0,1,"Player::getY@51-51@C:\proyecto_code_ia\metricas_realizadas\Prog-Concurrente\2026-PROGC-Q1-M5\Codigo_IA_generado\Sheriffsss\src\SheriffsssPackage\Player.java","C:\proyecto_code_ia\metricas_realizadas\Prog-Concurrente\2026-PROGC-Q1-M5\Codigo_IA_generado\Sheriffsss\src\SheriffsssPackage\Player.java","Player::getY","Player::getY()",51,51
1,1,10,0,1,"Player::getLastLinearVelocityPixels@52-52@C:\proyecto_code_ia\metricas_realizadas\Prog-Concurrente\2026-PROGC-Q1-M5\Codigo_IA_generado\Sheriffsss\src\SheriffsssPackage\Player.java","C:\proyecto_code_ia\metricas_realizadas\Prog-Concurrente\2026-PROGC-Q1-M5\Codigo_IA_generado\Sheriffsss\src\SheriffsssPackage\Player.java","Player::getLastLinearVelocityPixels","Player::getLastLinearVelocityPixels()",52,52
1,1,10,0,1,"Player::getMaxHP@53-53@C:\proyecto_code_ia\metricas_realizadas\Prog-Concurrente\2026-PROGC-Q1-M5\Codigo_IA_generado\Sheriffsss\src\SheriffsssPackage\Player.java","C:\proyecto_code_ia\metricas_realizadas\Prog-Concurrente\2026-PROGC-Q1-M5\Codigo_IA_generado\Sheriffsss\src\SheriffsssPackage\Player.java","Player::getMaxHP","Player::getMaxHP()",53,53
1,1,10,0,1,"Player::getCurrentHP@54-54@C:\proyecto_code_ia\metricas_realizadas\Prog-Concurrente\2026-PROGC-Q1-M5\Codigo_IA_generado\Sheriffsss\src\SheriffsssPackage\Player.java","C:\proyecto_code_ia\metricas_realizadas\Prog-Concurrente\2026-PROGC-Q1-M5\Codigo_IA_generado\Sheriffsss\src\SheriffsssPackage\Player.java","Player::getCurrentHP","Player::getCurrentHP()",54,54
1,1,14,0,1,"Player::getFeetWorldY@55-55@C:\proyecto_code_ia\metricas_realizadas\Prog-Concurrente\2026-PROGC-Q1-M5\Codigo_IA_generado\Sheriffsss\src\SheriffsssPackage\Player.java","C:\proyecto_code_ia\metricas_realizadas\Prog-Concurrente\2026-PROGC-Q1-M5\Codigo_IA_generado\Sheriffsss\src\SheriffsssPackage\Player.java","Player::getFeetWorldY","Player::getFeetWorldY()",55,55
1,1,8,0,1,"Player::getHitboxWidth@56-56@C:\proyecto_code_ia\metricas_realizadas\Prog-Concurrente\2026-PROGC-Q1-M5\Codigo_IA_generado\Sheriffsss\src\SheriffsssPackage\Player.java","C:\proyecto_code_ia\metricas_realizadas\Prog-Concurrente\2026-PROGC-Q1-M5\Codigo_IA_generado\Sheriffsss\src\SheriffsssPackage\Player.java","Player::getHitboxWidth","Player::getHitboxWidth()",56,56
1,1,8,0,1,"Player::getHitboxHeight@57-57@C:\proyecto_code_ia\metricas_realizadas\Prog-Concurrente\2026-PROGC-Q1-M5\Codigo_IA_generado\Sheriffsss\src\SheriffsssPackage\Player.java","C:\proyecto_code_ia\metricas_realizadas\Prog-Concurrente\2026-PROGC-Q1-M5\Codigo_IA_generado\Sheriffsss\src\SheriffsssPackage\Player.java","Player::getHitboxHeight","Player::getHitboxHeight()",57,57
1,1,14,0,1,"Player::getHitboxLeftWorldX@58-58@C:\proyecto_code_ia\metricas_realizadas\Prog-Concurrente\2026-PROGC-Q1-M5\Codigo_IA_generado\Sheriffsss\src\SheriffsssPackage\Player.java","C:\proyecto_code_ia\metricas_realizadas\Prog-Concurrente\2026-PROGC-Q1-M5\Codigo_IA_generado\Sheriffsss\src\SheriffsssPackage\Player.java","Player::getHitboxLeftWorldX","Player::getHitboxLeftWorldX()",58,58
1,1,14,0,1,"Player::getHitboxTopWorldY@59-59@C:\proyecto_code_ia\metricas_realizadas\Prog-Concurrente\2026-PROGC-Q1-M5\Codigo_IA_generado\Sheriffsss\src\SheriffsssPackage\Player.java","C:\proyecto_code_ia\metricas_realizadas\Prog-Concurrente\2026-PROGC-Q1-M5\Codigo_IA_generado\Sheriffsss\src\SheriffsssPackage\Player.java","Player::getHitboxTopWorldY","Player::getHitboxTopWorldY()",59,59
1,1,14,0,1,"Player::getHitboxRightWorldX@60-60@C:\proyecto_code_ia\metricas_realizadas\Prog-Concurrente\2026-PROGC-Q1-M5\Codigo_IA_generado\Sheriffsss\src\SheriffsssPackage\Player.java","C:\proyecto_code_ia\metricas_realizadas\Prog-Concurrente\2026-PROGC-Q1-M5\Codigo_IA_generado\Sheriffsss\src\SheriffsssPackage\Player.java","Player::getHitboxRightWorldX","Player::getHitboxRightWorldX()",60,60
1,1,14,0,1,"Player::getHitboxBottomWorldY@61-61@C:\proyecto_code_ia\metricas_realizadas\Prog-Concurrente\2026-PROGC-Q1-M5\Codigo_IA_generado\Sheriffsss\src\SheriffsssPackage\Player.java","C:\proyecto_code_ia\metricas_realizadas\Prog-Concurrente\2026-PROGC-Q1-M5\Codigo_IA_generado\Sheriffsss\src\SheriffsssPackage\Player.java","Player::getHitboxBottomWorldY","Player::getHitboxBottomWorldY()",61,61
1,1,10,0,1,"Player::getEquipment@62-62@C:\proyecto_code_ia\metricas_realizadas\Prog-Concurrente\2026-PROGC-Q1-M5\Codigo_IA_generado\Sheriffsss\src\SheriffsssPackage\Player.java","C:\proyecto_code_ia\metricas_realizadas\Prog-Concurrente\2026-PROGC-Q1-M5\Codigo_IA_generado\Sheriffsss\src\SheriffsssPackage\Player.java","Player::getEquipment","Player::getEquipment()",62,62
1,1,10,0,1,"Player::getFacing@63-63@C:\proyecto_code_ia\metricas_realizadas\Prog-Concurrente\2026-PROGC-Q1-M5\Codigo_IA_generado\Sheriffsss\src\SheriffsssPackage\Player.java","C:\proyecto_code_ia\metricas_realizadas\Prog-Concurrente\2026-PROGC-Q1-M5\Codigo_IA_generado\Sheriffsss\src\SheriffsssPackage\Player.java","Player::getFacing","Player::getFacing()",63,63
1,1,19,0,1,"Player::getCurrentImage@64-64@C:\proyecto_code_ia\metricas_realizadas\Prog-Concurrente\2026-PROGC-Q1-M5\Codigo_IA_generado\Sheriffsss\src\SheriffsssPackage\Player.java","C:\proyecto_code_ia\metricas_realizadas\Prog-Concurrente\2026-PROGC-Q1-M5\Codigo_IA_generado\Sheriffsss\src\SheriffsssPackage\Player.java","Player::getCurrentImage","Player::getCurrentImage()",64,64
1,1,10,0,1,"Player::getTakingDamage@65-65@C:\proyecto_code_ia\metricas_realizadas\Prog-Concurrente\2026-PROGC-Q1-M5\Codigo_IA_generado\Sheriffsss\src\SheriffsssPackage\Player.java","C:\proyecto_code_ia\metricas_realizadas\Prog-Concurrente\2026-PROGC-Q1-M5\Codigo_IA_generado\Sheriffsss\src\SheriffsssPackage\Player.java","Player::getTakingDamage","Player::getTakingDamage()",65,65
1,1,13,1,1,"Player::setTakingDamage@66-66@C:\proyecto_code_ia\metricas_realizadas\Prog-Concurrente\2026-PROGC-Q1-M5\Codigo_IA_generado\Sheriffsss\src\SheriffsssPackage\Player.java","C:\proyecto_code_ia\metricas_realizadas\Prog-Concurrente\2026-PROGC-Q1-M5\Codigo_IA_generado\Sheriffsss\src\SheriffsssPackage\Player.java","Player::setTakingDamage","Player::setTakingDamage( boolean takingDamage)",66,66
3,1,17,0,3,"Player::getSpeedPixelsPerTick@68-70@C:\proyecto_code_ia\metricas_realizadas\Prog-Concurrente\2026-PROGC-Q1-M5\Codigo_IA_generado\Sheriffsss\src\SheriffsssPackage\Player.java","C:\proyecto_code_ia\metricas_realizadas\Prog-Concurrente\2026-PROGC-Q1-M5\Codigo_IA_generado\Sheriffsss\src\SheriffsssPackage\Player.java","Player::getSpeedPixelsPerTick","Player::getSpeedPixelsPerTick()",68,70
3,1,15,1,3,"Player::consumeMoveDeltaX@72-74@C:\proyecto_code_ia\metricas_realizadas\Prog-Concurrente\2026-PROGC-Q1-M5\Codigo_IA_generado\Sheriffsss\src\SheriffsssPackage\Player.java","C:\proyecto_code_ia\metricas_realizadas\Prog-Concurrente\2026-PROGC-Q1-M5\Codigo_IA_generado\Sheriffsss\src\SheriffsssPackage\Player.java","Player::consumeMoveDeltaX","Player::consumeMoveDeltaX( int direction)",72,74
10,2,61,2,10,"Player::consumeMoveDeltaX@76-85@C:\proyecto_code_ia\metricas_realizadas\Prog-Concurrente\2026-PROGC-Q1-M5\Codigo_IA_generado\Sheriffsss\src\SheriffsssPackage\Player.java","C:\proyecto_code_ia\metricas_realizadas\Prog-Concurrente\2026-PROGC-Q1-M5\Codigo_IA_generado\Sheriffsss\src\SheriffsssPackage\Player.java","Player::consumeMoveDeltaX","Player::consumeMoveDeltaX( int direction , double speedScale)",76,85
3,1,15,1,3,"Player::consumeMoveDeltaY@87-89@C:\proyecto_code_ia\metricas_realizadas\Prog-Concurrente\2026-PROGC-Q1-M5\Codigo_IA_generado\Sheriffsss\src\SheriffsssPackage\Player.java","C:\proyecto_code_ia\metricas_realizadas\Prog-Concurrente\2026-PROGC-Q1-M5\Codigo_IA_generado\Sheriffsss\src\SheriffsssPackage\Player.java","Player::consumeMoveDeltaY","Player::consumeMoveDeltaY( int direction)",87,89
10,2,61,2,10,"Player::consumeMoveDeltaY@91-100@C:\proyecto_code_ia\metricas_realizadas\Prog-Concurrente\2026-PROGC-Q1-M5\Codigo_IA_generado\Sheriffsss\src\SheriffsssPackage\Player.java","C:\proyecto_code_ia\metricas_realizadas\Prog-Concurrente\2026-PROGC-Q1-M5\Codigo_IA_generado\Sheriffsss\src\SheriffsssPackage\Player.java","Player::consumeMoveDeltaY","Player::consumeMoveDeltaY( int direction , double speedScale)",91,100
3,1,17,1,3,"Player::applyAttackSpeedToCooldown@102-104@C:\proyecto_code_ia\metricas_realizadas\Prog-Concurrente\2026-PROGC-Q1-M5\Codigo_IA_generado\Sheriffsss\src\SheriffsssPackage\Player.java","C:\proyecto_code_ia\metricas_realizadas\Prog-Concurrente\2026-PROGC-Q1-M5\Codigo_IA_generado\Sheriffsss\src\SheriffsssPackage\Player.java","Player::applyAttackSpeedToCooldown","Player::applyAttackSpeedToCooldown( int cooldownTicks)",102,104
4,1,22,2,4,"Player::moveBy@106-109@C:\proyecto_code_ia\metricas_realizadas\Prog-Concurrente\2026-PROGC-Q1-M5\Codigo_IA_generado\Sheriffsss\src\SheriffsssPackage\Player.java","C:\proyecto_code_ia\metricas_realizadas\Prog-Concurrente\2026-PROGC-Q1-M5\Codigo_IA_generado\Sheriffsss\src\SheriffsssPackage\Player.java","Player::moveBy","Player::moveBy( int deltaX , int deltaY)",106,109
10,3,74,1,10,"Player::updateKnockback@111-120@C:\proyecto_code_ia\metricas_realizadas\Prog-Concurrente\2026-PROGC-Q1-M5\Codigo_IA_generado\Sheriffsss\src\SheriffsssPackage\Player.java","C:\proyecto_code_ia\metricas_realizadas\Prog-Concurrente\2026-PROGC-Q1-M5\Codigo_IA_generado\Sheriffsss\src\SheriffsssPackage\Player.java","Player::updateKnockback","Player::updateKnockback( GameMap map)",111,120
18,5,109,3,18,"Player::moveWithCollision@122-139@C:\proyecto_code_ia\metricas_realizadas\Prog-Concurrente\2026-PROGC-Q1-M5\Codigo_IA_generado\Sheriffsss\src\SheriffsssPackage\Player.java","C:\proyecto_code_ia\metricas_realizadas\Prog-Concurrente\2026-PROGC-Q1-M5\Codigo_IA_generado\Sheriffsss\src\SheriffsssPackage\Player.java","Player::moveWithCollision","Player::moveWithCollision( GameMap map , double deltaX , double deltaY)",122,139
3,1,29,1,3,"Player::isHitboxBlocked@141-143@C:\proyecto_code_ia\metricas_realizadas\Prog-Concurrente\2026-PROGC-Q1-M5\Codigo_IA_generado\Sheriffsss\src\SheriffsssPackage\Player.java","C:\proyecto_code_ia\metricas_realizadas\Prog-Concurrente\2026-PROGC-Q1-M5\Codigo_IA_generado\Sheriffsss\src\SheriffsssPackage\Player.java","Player::isHitboxBlocked","Player::isHitboxBlocked( GameMap map)",141,143
12,2,89,3,12,"Player::applyKnockbackFrom@145-156@C:\proyecto_code_ia\metricas_realizadas\Prog-Concurrente\2026-PROGC-Q1-M5\Codigo_IA_generado\Sheriffsss\src\SheriffsssPackage\Player.java","C:\proyecto_code_ia\metricas_realizadas\Prog-Concurrente\2026-PROGC-Q1-M5\Codigo_IA_generado\Sheriffsss\src\SheriffsssPackage\Player.java","Player::applyKnockbackFrom","Player::applyKnockbackFrom( int sourceX , int sourceY , double strength)",145,156
5,1,45,2,5,"Player::updateLinearVelocityFromPosition@158-162@C:\proyecto_code_ia\metricas_realizadas\Prog-Concurrente\2026-PROGC-Q1-M5\Codigo_IA_generado\Sheriffsss\src\SheriffsssPackage\Player.java","C:\proyecto_code_ia\metricas_realizadas\Prog-Concurrente\2026-PROGC-Q1-M5\Codigo_IA_generado\Sheriffsss\src\SheriffsssPackage\Player.java","Player::updateLinearVelocityFromPosition","Player::updateLinearVelocityFromPosition( int previousX , int previousY)",158,162
5,2,21,1,5,"Player::setFacing@164-168@C:\proyecto_code_ia\metricas_realizadas\Prog-Concurrente\2026-PROGC-Q1-M5\Codigo_IA_generado\Sheriffsss\src\SheriffsssPackage\Player.java","C:\proyecto_code_ia\metricas_realizadas\Prog-Concurrente\2026-PROGC-Q1-M5\Codigo_IA_generado\Sheriffsss\src\SheriffsssPackage\Player.java","Player::setFacing","Player::setFacing( Facing facing)",164,168
6,2,27,1,6,"Player::damage@170-175@C:\proyecto_code_ia\metricas_realizadas\Prog-Concurrente\2026-PROGC-Q1-M5\Codigo_IA_generado\Sheriffsss\src\SheriffsssPackage\Player.java","C:\proyecto_code_ia\metricas_realizadas\Prog-Concurrente\2026-PROGC-Q1-M5\Codigo_IA_generado\Sheriffsss\src\SheriffsssPackage\Player.java","Player::damage","Player::damage( double amount)",170,175
5,2,20,1,5,"Player::damageEnemyAttack@177-181@C:\proyecto_code_ia\metricas_realizadas\Prog-Concurrente\2026-PROGC-Q1-M5\Codigo_IA_generado\Sheriffsss\src\SheriffsssPackage\Player.java","C:\proyecto_code_ia\metricas_realizadas\Prog-Concurrente\2026-PROGC-Q1-M5\Codigo_IA_generado\Sheriffsss\src\SheriffsssPackage\Player.java","Player::damageEnemyAttack","Player::damageEnemyAttack( double amount)",177,181
5,1,23,0,5,"Player::die@183-187@C:\proyecto_code_ia\metricas_realizadas\Prog-Concurrente\2026-PROGC-Q1-M5\Codigo_IA_generado\Sheriffsss\src\SheriffsssPackage\Player.java","C:\proyecto_code_ia\metricas_realizadas\Prog-Concurrente\2026-PROGC-Q1-M5\Codigo_IA_generado\Sheriffsss\src\SheriffsssPackage\Player.java","Player::die","Player::die()",183,187
3,1,10,0,3,"Player::isDead@189-191@C:\proyecto_code_ia\metricas_realizadas\Prog-Concurrente\2026-PROGC-Q1-M5\Codigo_IA_generado\Sheriffsss\src\SheriffsssPackage\Player.java","C:\proyecto_code_ia\metricas_realizadas\Prog-Concurrente\2026-PROGC-Q1-M5\Codigo_IA_generado\Sheriffsss\src\SheriffsssPackage\Player.java","Player::isDead","Player::isDead()",189,191
19,13,161,2,19,"Player::updateFacing@193-211@C:\proyecto_code_ia\metricas_realizadas\Prog-Concurrente\2026-PROGC-Q1-M5\Codigo_IA_generado\Sheriffsss\src\SheriffsssPackage\Player.java","C:\proyecto_code_ia\metricas_realizadas\Prog-Concurrente\2026-PROGC-Q1-M5\Codigo_IA_generado\Sheriffsss\src\SheriffsssPackage\Player.java","Player::updateFacing","Player::updateFacing( int moveX , int moveY)",193,211
4,2,27,0,4,"Player::shouldRenderHeldItem@213-216@C:\proyecto_code_ia\metricas_realizadas\Prog-Concurrente\2026-PROGC-Q1-M5\Codigo_IA_generado\Sheriffsss\src\SheriffsssPackage\Player.java","C:\proyecto_code_ia\metricas_realizadas\Prog-Concurrente\2026-PROGC-Q1-M5\Codigo_IA_generado\Sheriffsss\src\SheriffsssPackage\Player.java","Player::shouldRenderHeldItem","Player::shouldRenderHeldItem()",213,216
4,1,51,8,4,"Projectile::Projectile@23-26@C:\proyecto_code_ia\metricas_realizadas\Prog-Concurrente\2026-PROGC-Q1-M5\Codigo_IA_generado\Sheriffsss\src\SheriffsssPackage\Projectile.java","C:\proyecto_code_ia\metricas_realizadas\Prog-Concurrente\2026-PROGC-Q1-M5\Codigo_IA_generado\Sheriffsss\src\SheriffsssPackage\Projectile.java","Projectile::Projectile","Projectile::Projectile( ProjectileType type , double worldX , double worldY , double velocityX , double velocityY , double damage , double knockbackStrengthPixels , int lifeTicks)",23,26
4,1,54,9,4,"Projectile::Projectile@28-31@C:\proyecto_code_ia\metricas_realizadas\Prog-Concurrente\2026-PROGC-Q1-M5\Codigo_IA_generado\Sheriffsss\src\SheriffsssPackage\Projectile.java","C:\proyecto_code_ia\metricas_realizadas\Prog-Concurrente\2026-PROGC-Q1-M5\Codigo_IA_generado\Sheriffsss\src\SheriffsssPackage\Projectile.java","Projectile::Projectile","Projectile::Projectile( ProjectileType type , Player owner , double worldX , double worldY , double velocityX , double velocityY , double damage , double knockbackStrengthPixels , int lifeTicks)",28,31
14,1,107,10,14,"Projectile::Projectile@33-46@C:\proyecto_code_ia\metricas_realizadas\Prog-Concurrente\2026-PROGC-Q1-M5\Codigo_IA_generado\Sheriffsss\src\SheriffsssPackage\Projectile.java","C:\proyecto_code_ia\metricas_realizadas\Prog-Concurrente\2026-PROGC-Q1-M5\Codigo_IA_generado\Sheriffsss\src\SheriffsssPackage\Projectile.java","Projectile::Projectile","Projectile::Projectile( ProjectileType type , Player owner , ItemDefinition weapon , double worldX , double worldY , double velocityX , double velocityY , double damage , double knockbackStrengthPixels , int lifeTicks)",33,46
24,6,185,2,24,"Projectile::update@48-71@C:\proyecto_code_ia\metricas_realizadas\Prog-Concurrente\2026-PROGC-Q1-M5\Codigo_IA_generado\Sheriffsss\src\SheriffsssPackage\Projectile.java","C:\proyecto_code_ia\metricas_realizadas\Prog-Concurrente\2026-PROGC-Q1-M5\Codigo_IA_generado\Sheriffsss\src\SheriffsssPackage\Projectile.java","Projectile::update","Projectile::update( GameMap map , EnemySystem enemySystem)",48,71
25,9,263,3,25,"Projectile::hitEnemies@73-97@C:\proyecto_code_ia\metricas_realizadas\Prog-Concurrente\2026-PROGC-Q1-M5\Codigo_IA_generado\Sheriffsss\src\SheriffsssPackage\Projectile.java","C:\proyecto_code_ia\metricas_realizadas\Prog-Concurrente\2026-PROGC-Q1-M5\Codigo_IA_generado\Sheriffsss\src\SheriffsssPackage\Projectile.java","Projectile::hitEnemies","Projectile::hitEnemies( EnemySystem enemySystem , double previousX , double previousY)",73,97
9,3,54,1,9,"Projectile::alreadyPierced@99-107@C:\proyecto_code_ia\metricas_realizadas\Prog-Concurrente\2026-PROGC-Q1-M5\Codigo_IA_generado\Sheriffsss\src\SheriffsssPackage\Projectile.java","C:\proyecto_code_ia\metricas_realizadas\Prog-Concurrente\2026-PROGC-Q1-M5\Codigo_IA_generado\Sheriffsss\src\SheriffsssPackage\Projectile.java","Projectile::alreadyPierced","Projectile::alreadyPierced( Enemy enemy)",99,107
7,2,44,1,7,"Projectile::rememberPierced@109-115@C:\proyecto_code_ia\metricas_realizadas\Prog-Concurrente\2026-PROGC-Q1-M5\Codigo_IA_generado\Sheriffsss\src\SheriffsssPackage\Projectile.java","C:\proyecto_code_ia\metricas_realizadas\Prog-Concurrente\2026-PROGC-Q1-M5\Codigo_IA_generado\Sheriffsss\src\SheriffsssPackage\Projectile.java","Projectile::rememberPierced","Projectile::rememberPierced( Enemy enemy)",109,115
3,1,10,0,3,"Projectile::getType@117-119@C:\proyecto_code_ia\metricas_realizadas\Prog-Concurrente\2026-PROGC-Q1-M5\Codigo_IA_generado\Sheriffsss\src\SheriffsssPackage\Projectile.java","C:\proyecto_code_ia\metricas_realizadas\Prog-Concurrente\2026-PROGC-Q1-M5\Codigo_IA_generado\Sheriffsss\src\SheriffsssPackage\Projectile.java","Projectile::getType","Projectile::getType()",117,119
3,1,18,0,3,"Projectile::getWorldX@121-123@C:\proyecto_code_ia\metricas_realizadas\Prog-Concurrente\2026-PROGC-Q1-M5\Codigo_IA_generado\Sheriffsss\src\SheriffsssPackage\Projectile.java","C:\proyecto_code_ia\metricas_realizadas\Prog-Concurrente\2026-PROGC-Q1-M5\Codigo_IA_generado\Sheriffsss\src\SheriffsssPackage\Projectile.java","Projectile::getWorldX","Projectile::getWorldX()",121,123
3,1,18,0,3,"Projectile::getWorldY@125-127@C:\proyecto_code_ia\metricas_realizadas\Prog-Concurrente\2026-PROGC-Q1-M5\Codigo_IA_generado\Sheriffsss\src\SheriffsssPackage\Projectile.java","C:\proyecto_code_ia\metricas_realizadas\Prog-Concurrente\2026-PROGC-Q1-M5\Codigo_IA_generado\Sheriffsss\src\SheriffsssPackage\Projectile.java","Projectile::getWorldY","Projectile::getWorldY()",125,127
3,1,10,0,3,"Projectile::getPreciseWorldX@129-131@C:\proyecto_code_ia\metricas_realizadas\Prog-Concurrente\2026-PROGC-Q1-M5\Codigo_IA_generado\Sheriffsss\src\SheriffsssPackage\Projectile.java","C:\proyecto_code_ia\metricas_realizadas\Prog-Concurrente\2026-PROGC-Q1-M5\Codigo_IA_generado\Sheriffsss\src\SheriffsssPackage\Projectile.java","Projectile::getPreciseWorldX","Projectile::getPreciseWorldX()",129,131
3,1,10,0,3,"Projectile::getPreciseWorldY@133-135@C:\proyecto_code_ia\metricas_realizadas\Prog-Concurrente\2026-PROGC-Q1-M5\Codigo_IA_generado\Sheriffsss\src\SheriffsssPackage\Projectile.java","C:\proyecto_code_ia\metricas_realizadas\Prog-Concurrente\2026-PROGC-Q1-M5\Codigo_IA_generado\Sheriffsss\src\SheriffsssPackage\Projectile.java","Projectile::getPreciseWorldY","Projectile::getPreciseWorldY()",133,135
3,1,10,0,3,"Projectile::getVelocityX@137-139@C:\proyecto_code_ia\metricas_realizadas\Prog-Concurrente\2026-PROGC-Q1-M5\Codigo_IA_generado\Sheriffsss\src\SheriffsssPackage\Projectile.java","C:\proyecto_code_ia\metricas_realizadas\Prog-Concurrente\2026-PROGC-Q1-M5\Codigo_IA_generado\Sheriffsss\src\SheriffsssPackage\Projectile.java","Projectile::getVelocityX","Projectile::getVelocityX()",137,139
3,1,10,0,3,"Projectile::getVelocityY@141-143@C:\proyecto_code_ia\metricas_realizadas\Prog-Concurrente\2026-PROGC-Q1-M5\Codigo_IA_generado\Sheriffsss\src\SheriffsssPackage\Projectile.java","C:\proyecto_code_ia\metricas_realizadas\Prog-Concurrente\2026-PROGC-Q1-M5\Codigo_IA_generado\Sheriffsss\src\SheriffsssPackage\Projectile.java","Projectile::getVelocityY","Projectile::getVelocityY()",141,143
3,1,10,0,3,"Projectile::getDamage@145-147@C:\proyecto_code_ia\metricas_realizadas\Prog-Concurrente\2026-PROGC-Q1-M5\Codigo_IA_generado\Sheriffsss\src\SheriffsssPackage\Projectile.java","C:\proyecto_code_ia\metricas_realizadas\Prog-Concurrente\2026-PROGC-Q1-M5\Codigo_IA_generado\Sheriffsss\src\SheriffsssPackage\Projectile.java","Projectile::getDamage","Projectile::getDamage()",145,147
3,1,10,0,3,"Projectile::getKnockbackStrengthPixels@149-151@C:\proyecto_code_ia\metricas_realizadas\Prog-Concurrente\2026-PROGC-Q1-M5\Codigo_IA_generado\Sheriffsss\src\SheriffsssPackage\Projectile.java","C:\proyecto_code_ia\metricas_realizadas\Prog-Concurrente\2026-PROGC-Q1-M5\Codigo_IA_generado\Sheriffsss\src\SheriffsssPackage\Projectile.java","Projectile::getKnockbackStrengthPixels","Projectile::getKnockbackStrengthPixels()",149,151
3,1,10,0,3,"Projectile::getLifeTicks@153-155@C:\proyecto_code_ia\metricas_realizadas\Prog-Concurrente\2026-PROGC-Q1-M5\Codigo_IA_generado\Sheriffsss\src\SheriffsssPackage\Projectile.java","C:\proyecto_code_ia\metricas_realizadas\Prog-Concurrente\2026-PROGC-Q1-M5\Codigo_IA_generado\Sheriffsss\src\SheriffsssPackage\Projectile.java","Projectile::getLifeTicks","Projectile::getLifeTicks()",153,155
3,1,10,0,3,"Projectile::getAngleRadians@157-159@C:\proyecto_code_ia\metricas_realizadas\Prog-Concurrente\2026-PROGC-Q1-M5\Codigo_IA_generado\Sheriffsss\src\SheriffsssPackage\Projectile.java","C:\proyecto_code_ia\metricas_realizadas\Prog-Concurrente\2026-PROGC-Q1-M5\Codigo_IA_generado\Sheriffsss\src\SheriffsssPackage\Projectile.java","Projectile::getAngleRadians","Projectile::getAngleRadians()",157,159
5,1,21,0,5,"Projectile::consumeHitTarget@161-165@C:\proyecto_code_ia\metricas_realizadas\Prog-Concurrente\2026-PROGC-Q1-M5\Codigo_IA_generado\Sheriffsss\src\SheriffsssPackage\Projectile.java","C:\proyecto_code_ia\metricas_realizadas\Prog-Concurrente\2026-PROGC-Q1-M5\Codigo_IA_generado\Sheriffsss\src\SheriffsssPackage\Projectile.java","Projectile::consumeHitTarget","Projectile::consumeHitTarget()",161,165
3,1,10,0,3,"Projectile::isActive@167-169@C:\proyecto_code_ia\metricas_realizadas\Prog-Concurrente\2026-PROGC-Q1-M5\Codigo_IA_generado\Sheriffsss\src\SheriffsssPackage\Projectile.java","C:\proyecto_code_ia\metricas_realizadas\Prog-Concurrente\2026-PROGC-Q1-M5\Codigo_IA_generado\Sheriffsss\src\SheriffsssPackage\Projectile.java","Projectile::isActive","Projectile::isActive()",167,169
3,1,10,0,3,"Projectile::isCountedTrainingFailure@171-173@C:\proyecto_code_ia\metricas_realizadas\Prog-Concurrente\2026-PROGC-Q1-M5\Codigo_IA_generado\Sheriffsss\src\SheriffsssPackage\Projectile.java","C:\proyecto_code_ia\metricas_realizadas\Prog-Concurrente\2026-PROGC-Q1-M5\Codigo_IA_generado\Sheriffsss\src\SheriffsssPackage\Projectile.java","Projectile::isCountedTrainingFailure","Projectile::isCountedTrainingFailure()",171,173
3,1,11,0,3,"Projectile::markCountedTrainingFailure@175-177@C:\proyecto_code_ia\metricas_realizadas\Prog-Concurrente\2026-PROGC-Q1-M5\Codigo_IA_generado\Sheriffsss\src\SheriffsssPackage\Projectile.java","C:\proyecto_code_ia\metricas_realizadas\Prog-Concurrente\2026-PROGC-Q1-M5\Codigo_IA_generado\Sheriffsss\src\SheriffsssPackage\Projectile.java","Projectile::markCountedTrainingFailure","Projectile::markCountedTrainingFailure()",175,177
7,1,49,5,7,"ProjectileStatModifiers::ProjectileStatModifiers@12-18@C:\proyecto_code_ia\metricas_realizadas\Prog-Concurrente\2026-PROGC-Q1-M5\Codigo_IA_generado\Sheriffsss\src\SheriffsssPackage\ProjectileStatModifiers.java","C:\proyecto_code_ia\metricas_realizadas\Prog-Concurrente\2026-PROGC-Q1-M5\Codigo_IA_generado\Sheriffsss\src\SheriffsssPackage\ProjectileStatModifiers.java","ProjectileStatModifiers::ProjectileStatModifiers","ProjectileStatModifiers::ProjectileStatModifiers( double damage , double speedPixels , double knockbackStrengthPixels , int cooldownTicks , int lifeTicks)",12,18
3,1,10,0,3,"ProjectileStatModifiers::getDamage@20-22@C:\proyecto_code_ia\metricas_realizadas\Prog-Concurrente\2026-PROGC-Q1-M5\Codigo_IA_generado\Sheriffsss\src\SheriffsssPackage\ProjectileStatModifiers.java","C:\proyecto_code_ia\metricas_realizadas\Prog-Concurrente\2026-PROGC-Q1-M5\Codigo_IA_generado\Sheriffsss\src\SheriffsssPackage\ProjectileStatModifiers.java","ProjectileStatModifiers::getDamage","ProjectileStatModifiers::getDamage()",20,22
3,1,10,0,3,"ProjectileStatModifiers::getSpeedPixels@24-26@C:\proyecto_code_ia\metricas_realizadas\Prog-Concurrente\2026-PROGC-Q1-M5\Codigo_IA_generado\Sheriffsss\src\SheriffsssPackage\ProjectileStatModifiers.java","C:\proyecto_code_ia\metricas_realizadas\Prog-Concurrente\2026-PROGC-Q1-M5\Codigo_IA_generado\Sheriffsss\src\SheriffsssPackage\ProjectileStatModifiers.java","ProjectileStatModifiers::getSpeedPixels","ProjectileStatModifiers::getSpeedPixels()",24,26
3,1,10,0,3,"ProjectileStatModifiers::getKnockbackStrengthPixels@28-30@C:\proyecto_code_ia\metricas_realizadas\Prog-Concurrente\2026-PROGC-Q1-M5\Codigo_IA_generado\Sheriffsss\src\SheriffsssPackage\ProjectileStatModifiers.java","C:\proyecto_code_ia\metricas_realizadas\Prog-Concurrente\2026-PROGC-Q1-M5\Codigo_IA_generado\Sheriffsss\src\SheriffsssPackage\ProjectileStatModifiers.java","ProjectileStatModifiers::getKnockbackStrengthPixels","ProjectileStatModifiers::getKnockbackStrengthPixels()",28,30
3,1,10,0,3,"ProjectileStatModifiers::getCooldownTicks@32-34@C:\proyecto_code_ia\metricas_realizadas\Prog-Concurrente\2026-PROGC-Q1-M5\Codigo_IA_generado\Sheriffsss\src\SheriffsssPackage\ProjectileStatModifiers.java","C:\proyecto_code_ia\metricas_realizadas\Prog-Concurrente\2026-PROGC-Q1-M5\Codigo_IA_generado\Sheriffsss\src\SheriffsssPackage\ProjectileStatModifiers.java","ProjectileStatModifiers::getCooldownTicks","ProjectileStatModifiers::getCooldownTicks()",32,34
3,1,10,0,3,"ProjectileStatModifiers::getLifeTicks@36-38@C:\proyecto_code_ia\metricas_realizadas\Prog-Concurrente\2026-PROGC-Q1-M5\Codigo_IA_generado\Sheriffsss\src\SheriffsssPackage\ProjectileStatModifiers.java","C:\proyecto_code_ia\metricas_realizadas\Prog-Concurrente\2026-PROGC-Q1-M5\Codigo_IA_generado\Sheriffsss\src\SheriffsssPackage\ProjectileStatModifiers.java","ProjectileStatModifiers::getLifeTicks","ProjectileStatModifiers::getLifeTicks()",36,38
4,1,55,9,4,"ProjectileSystem::spawn@12-15@C:\proyecto_code_ia\metricas_realizadas\Prog-Concurrente\2026-PROGC-Q1-M5\Codigo_IA_generado\Sheriffsss\src\SheriffsssPackage\ProjectileSystem.java","C:\proyecto_code_ia\metricas_realizadas\Prog-Concurrente\2026-PROGC-Q1-M5\Codigo_IA_generado\Sheriffsss\src\SheriffsssPackage\ProjectileSystem.java","ProjectileSystem::spawn","ProjectileSystem::spawn( ProjectileType type , int startWorldX , int startWorldY , int targetWorldX , int targetWorldY , double speedPixels , double damage , double knockbackStrengthPixels , int lifeTicks)",12,15
4,1,60,10,4,"ProjectileSystem::spawn@17-20@C:\proyecto_code_ia\metricas_realizadas\Prog-Concurrente\2026-PROGC-Q1-M5\Codigo_IA_generado\Sheriffsss\src\SheriffsssPackage\ProjectileSystem.java","C:\proyecto_code_ia\metricas_realizadas\Prog-Concurrente\2026-PROGC-Q1-M5\Codigo_IA_generado\Sheriffsss\src\SheriffsssPackage\ProjectileSystem.java","ProjectileSystem::spawn","ProjectileSystem::spawn( ProjectileType type , Player owner , int startWorldX , int startWorldY , int targetWorldX , int targetWorldY , double speedPixels , double damage , double knockbackStrengthPixels , int lifeTicks)",17,20
18,4,160,11,18,"ProjectileSystem::spawn@22-39@C:\proyecto_code_ia\metricas_realizadas\Prog-Concurrente\2026-PROGC-Q1-M5\Codigo_IA_generado\Sheriffsss\src\SheriffsssPackage\ProjectileSystem.java","C:\proyecto_code_ia\metricas_realizadas\Prog-Concurrente\2026-PROGC-Q1-M5\Codigo_IA_generado\Sheriffsss\src\SheriffsssPackage\ProjectileSystem.java","ProjectileSystem::spawn","ProjectileSystem::spawn( ProjectileType type , Player owner , ItemDefinition weapon , int startWorldX , int startWorldY , int targetWorldX , int targetWorldY , double speedPixels , double damage , double knockbackStrengthPixels , int lifeTicks)",22,39
5,3,34,1,5,"ProjectileSystem::add@41-45@C:\proyecto_code_ia\metricas_realizadas\Prog-Concurrente\2026-PROGC-Q1-M5\Codigo_IA_generado\Sheriffsss\src\SheriffsssPackage\ProjectileSystem.java","C:\proyecto_code_ia\metricas_realizadas\Prog-Concurrente\2026-PROGC-Q1-M5\Codigo_IA_generado\Sheriffsss\src\SheriffsssPackage\ProjectileSystem.java","ProjectileSystem::add","ProjectileSystem::add( Projectile projectile)",41,45
13,4,97,2,13,"ProjectileSystem::update@47-59@C:\proyecto_code_ia\metricas_realizadas\Prog-Concurrente\2026-PROGC-Q1-M5\Codigo_IA_generado\Sheriffsss\src\SheriffsssPackage\ProjectileSystem.java","C:\proyecto_code_ia\metricas_realizadas\Prog-Concurrente\2026-PROGC-Q1-M5\Codigo_IA_generado\Sheriffsss\src\SheriffsssPackage\ProjectileSystem.java","ProjectileSystem::update","ProjectileSystem::update( GameMap map , EnemySystem enemySystem)",47,59
3,1,13,0,3,"ProjectileSystem::clear@61-63@C:\proyecto_code_ia\metricas_realizadas\Prog-Concurrente\2026-PROGC-Q1-M5\Codigo_IA_generado\Sheriffsss\src\SheriffsssPackage\ProjectileSystem.java","C:\proyecto_code_ia\metricas_realizadas\Prog-Concurrente\2026-PROGC-Q1-M5\Codigo_IA_generado\Sheriffsss\src\SheriffsssPackage\ProjectileSystem.java","ProjectileSystem::clear","ProjectileSystem::clear()",61,63
3,1,10,0,3,"ProjectileSystem::getProjectiles@65-67@C:\proyecto_code_ia\metricas_realizadas\Prog-Concurrente\2026-PROGC-Q1-M5\Codigo_IA_generado\Sheriffsss\src\SheriffsssPackage\ProjectileSystem.java","C:\proyecto_code_ia\metricas_realizadas\Prog-Concurrente\2026-PROGC-Q1-M5\Codigo_IA_generado\Sheriffsss\src\SheriffsssPackage\ProjectileSystem.java","ProjectileSystem::getProjectiles","ProjectileSystem::getProjectiles()",65,67
3,1,10,0,3,"ProjectileSystem::didHitTargetThisUpdate@69-71@C:\proyecto_code_ia\metricas_realizadas\Prog-Concurrente\2026-PROGC-Q1-M5\Codigo_IA_generado\Sheriffsss\src\SheriffsssPackage\ProjectileSystem.java","C:\proyecto_code_ia\metricas_realizadas\Prog-Concurrente\2026-PROGC-Q1-M5\Codigo_IA_generado\Sheriffsss\src\SheriffsssPackage\ProjectileSystem.java","ProjectileSystem::didHitTargetThisUpdate","ProjectileSystem::didHitTargetThisUpdate()",69,71
3,1,36,5,3,"ProjectileType::ProjectileType@18-20@C:\proyecto_code_ia\metricas_realizadas\Prog-Concurrente\2026-PROGC-Q1-M5\Codigo_IA_generado\Sheriffsss\src\SheriffsssPackage\ProjectileType.java","C:\proyecto_code_ia\metricas_realizadas\Prog-Concurrente\2026-PROGC-Q1-M5\Codigo_IA_generado\Sheriffsss\src\SheriffsssPackage\ProjectileType.java","ProjectileType::ProjectileType","ProjectileType( String spritePath , int drawWidth , int drawHeight , boolean piercesLowDensity , boolean triggersMuzzleFlash)",18,20
4,1,46,7,4,"ProjectileType::ProjectileType@22-25@C:\proyecto_code_ia\metricas_realizadas\Prog-Concurrente\2026-PROGC-Q1-M5\Codigo_IA_generado\Sheriffsss\src\SheriffsssPackage\ProjectileType.java","C:\proyecto_code_ia\metricas_realizadas\Prog-Concurrente\2026-PROGC-Q1-M5\Codigo_IA_generado\Sheriffsss\src\SheriffsssPackage\ProjectileType.java","ProjectileType::ProjectileType","ProjectileType( String spritePath , int drawWidth , int drawHeight , boolean piercesLowDensity , boolean triggersMuzzleFlash , int lightRadiusTiles , double lightIntensity)",22,25
4,1,49,8,4,"ProjectileType::ProjectileType@27-30@C:\proyecto_code_ia\metricas_realizadas\Prog-Concurrente\2026-PROGC-Q1-M5\Codigo_IA_generado\Sheriffsss\src\SheriffsssPackage\ProjectileType.java","C:\proyecto_code_ia\metricas_realizadas\Prog-Concurrente\2026-PROGC-Q1-M5\Codigo_IA_generado\Sheriffsss\src\SheriffsssPackage\ProjectileType.java","ProjectileType::ProjectileType","ProjectileType( String spritePath , int drawWidth , int drawHeight , boolean piercesLowDensity , boolean triggersMuzzleFlash , int lightRadiusTiles , double lightIntensity , double drawAngleOffsetRadians)",27,30
12,1,92,9,12,"ProjectileType::ProjectileType@32-43@C:\proyecto_code_ia\metricas_realizadas\Prog-Concurrente\2026-PROGC-Q1-M5\Codigo_IA_generado\Sheriffsss\src\SheriffsssPackage\ProjectileType.java","C:\proyecto_code_ia\metricas_realizadas\Prog-Concurrente\2026-PROGC-Q1-M5\Codigo_IA_generado\Sheriffsss\src\SheriffsssPackage\ProjectileType.java","ProjectileType::ProjectileType","ProjectileType( String spritePath , int drawWidth , int drawHeight , boolean piercesLowDensity , boolean triggersMuzzleFlash , int lightRadiusTiles , double lightIntensity , double lightFalloffExponent , double drawAngleOffsetRadians)",32,43
3,1,10,0,3,"ProjectileType::getSpritePath@45-47@C:\proyecto_code_ia\metricas_realizadas\Prog-Concurrente\2026-PROGC-Q1-M5\Codigo_IA_generado\Sheriffsss\src\SheriffsssPackage\ProjectileType.java","C:\proyecto_code_ia\metricas_realizadas\Prog-Concurrente\2026-PROGC-Q1-M5\Codigo_IA_generado\Sheriffsss\src\SheriffsssPackage\ProjectileType.java","ProjectileType::getSpritePath","getSpritePath()",45,47
3,1,10,0,3,"ProjectileType::getDrawWidth@49-51@C:\proyecto_code_ia\metricas_realizadas\Prog-Concurrente\2026-PROGC-Q1-M5\Codigo_IA_generado\Sheriffsss\src\SheriffsssPackage\ProjectileType.java","C:\proyecto_code_ia\metricas_realizadas\Prog-Concurrente\2026-PROGC-Q1-M5\Codigo_IA_generado\Sheriffsss\src\SheriffsssPackage\ProjectileType.java","ProjectileType::getDrawWidth","getDrawWidth()",49,51
3,1,10,0,3,"ProjectileType::getDrawHeight@53-55@C:\proyecto_code_ia\metricas_realizadas\Prog-Concurrente\2026-PROGC-Q1-M5\Codigo_IA_generado\Sheriffsss\src\SheriffsssPackage\ProjectileType.java","C:\proyecto_code_ia\metricas_realizadas\Prog-Concurrente\2026-PROGC-Q1-M5\Codigo_IA_generado\Sheriffsss\src\SheriffsssPackage\ProjectileType.java","ProjectileType::getDrawHeight","getDrawHeight()",53,55
3,1,10,0,3,"ProjectileType::piercesLowDensity@57-59@C:\proyecto_code_ia\metricas_realizadas\Prog-Concurrente\2026-PROGC-Q1-M5\Codigo_IA_generado\Sheriffsss\src\SheriffsssPackage\ProjectileType.java","C:\proyecto_code_ia\metricas_realizadas\Prog-Concurrente\2026-PROGC-Q1-M5\Codigo_IA_generado\Sheriffsss\src\SheriffsssPackage\ProjectileType.java","ProjectileType::piercesLowDensity","piercesLowDensity()",57,59
3,1,10,0,3,"ProjectileType::triggersMuzzleFlash@61-63@C:\proyecto_code_ia\metricas_realizadas\Prog-Concurrente\2026-PROGC-Q1-M5\Codigo_IA_generado\Sheriffsss\src\SheriffsssPackage\ProjectileType.java","C:\proyecto_code_ia\metricas_realizadas\Prog-Concurrente\2026-PROGC-Q1-M5\Codigo_IA_generado\Sheriffsss\src\SheriffsssPackage\ProjectileType.java","ProjectileType::triggersMuzzleFlash","triggersMuzzleFlash()",61,63
3,1,10,0,3,"ProjectileType::getLightRadiusTiles@65-67@C:\proyecto_code_ia\metricas_realizadas\Prog-Concurrente\2026-PROGC-Q1-M5\Codigo_IA_generado\Sheriffsss\src\SheriffsssPackage\ProjectileType.java","C:\proyecto_code_ia\metricas_realizadas\Prog-Concurrente\2026-PROGC-Q1-M5\Codigo_IA_generado\Sheriffsss\src\SheriffsssPackage\ProjectileType.java","ProjectileType::getLightRadiusTiles","getLightRadiusTiles()",65,67
3,1,10,0,3,"ProjectileType::getLightIntensity@69-71@C:\proyecto_code_ia\metricas_realizadas\Prog-Concurrente\2026-PROGC-Q1-M5\Codigo_IA_generado\Sheriffsss\src\SheriffsssPackage\ProjectileType.java","C:\proyecto_code_ia\metricas_realizadas\Prog-Concurrente\2026-PROGC-Q1-M5\Codigo_IA_generado\Sheriffsss\src\SheriffsssPackage\ProjectileType.java","ProjectileType::getLightIntensity","getLightIntensity()",69,71
3,1,10,0,3,"ProjectileType::getLightFalloffExponent@73-75@C:\proyecto_code_ia\metricas_realizadas\Prog-Concurrente\2026-PROGC-Q1-M5\Codigo_IA_generado\Sheriffsss\src\SheriffsssPackage\ProjectileType.java","C:\proyecto_code_ia\metricas_realizadas\Prog-Concurrente\2026-PROGC-Q1-M5\Codigo_IA_generado\Sheriffsss\src\SheriffsssPackage\ProjectileType.java","ProjectileType::getLightFalloffExponent","getLightFalloffExponent()",73,75
3,1,10,0,3,"ProjectileType::getDrawAngleOffsetRadians@77-79@C:\proyecto_code_ia\metricas_realizadas\Prog-Concurrente\2026-PROGC-Q1-M5\Codigo_IA_generado\Sheriffsss\src\SheriffsssPackage\ProjectileType.java","C:\proyecto_code_ia\metricas_realizadas\Prog-Concurrente\2026-PROGC-Q1-M5\Codigo_IA_generado\Sheriffsss\src\SheriffsssPackage\ProjectileType.java","ProjectileType::getDrawAngleOffsetRadians","getDrawAngleOffsetRadians()",77,79
10,1,67,7,10,"ProjectileWeaponStats::ProjectileWeaponStats@12-21@C:\proyecto_code_ia\metricas_realizadas\Prog-Concurrente\2026-PROGC-Q1-M5\Codigo_IA_generado\Sheriffsss\src\SheriffsssPackage\ProjectileWeaponStats.java","C:\proyecto_code_ia\metricas_realizadas\Prog-Concurrente\2026-PROGC-Q1-M5\Codigo_IA_generado\Sheriffsss\src\SheriffsssPackage\ProjectileWeaponStats.java","ProjectileWeaponStats::ProjectileWeaponStats","ProjectileWeaponStats::ProjectileWeaponStats( ProjectileType projectileType , int ammoDefinitionId , double damage , double speedPixels , double knockbackStrengthPixels , int cooldownTicks , int lifeTicks)",12,21
3,1,10,0,3,"ProjectileWeaponStats::getProjectileType@23-25@C:\proyecto_code_ia\metricas_realizadas\Prog-Concurrente\2026-PROGC-Q1-M5\Codigo_IA_generado\Sheriffsss\src\SheriffsssPackage\ProjectileWeaponStats.java","C:\proyecto_code_ia\metricas_realizadas\Prog-Concurrente\2026-PROGC-Q1-M5\Codigo_IA_generado\Sheriffsss\src\SheriffsssPackage\ProjectileWeaponStats.java","ProjectileWeaponStats::getProjectileType","ProjectileWeaponStats::getProjectileType()",23,25
3,1,10,0,3,"ProjectileWeaponStats::getAmmoDefinitionId@27-29@C:\proyecto_code_ia\metricas_realizadas\Prog-Concurrente\2026-PROGC-Q1-M5\Codigo_IA_generado\Sheriffsss\src\SheriffsssPackage\ProjectileWeaponStats.java","C:\proyecto_code_ia\metricas_realizadas\Prog-Concurrente\2026-PROGC-Q1-M5\Codigo_IA_generado\Sheriffsss\src\SheriffsssPackage\ProjectileWeaponStats.java","ProjectileWeaponStats::getAmmoDefinitionId","ProjectileWeaponStats::getAmmoDefinitionId()",27,29
3,1,25,1,3,"ProjectileWeaponStats::getDamage@31-33@C:\proyecto_code_ia\metricas_realizadas\Prog-Concurrente\2026-PROGC-Q1-M5\Codigo_IA_generado\Sheriffsss\src\SheriffsssPackage\ProjectileWeaponStats.java","C:\proyecto_code_ia\metricas_realizadas\Prog-Concurrente\2026-PROGC-Q1-M5\Codigo_IA_generado\Sheriffsss\src\SheriffsssPackage\ProjectileWeaponStats.java","ProjectileWeaponStats::getDamage","ProjectileWeaponStats::getDamage( ProjectileStatModifiers modifiers)",31,33
3,1,25,1,3,"ProjectileWeaponStats::getSpeedPixels@35-37@C:\proyecto_code_ia\metricas_realizadas\Prog-Concurrente\2026-PROGC-Q1-M5\Codigo_IA_generado\Sheriffsss\src\SheriffsssPackage\ProjectileWeaponStats.java","C:\proyecto_code_ia\metricas_realizadas\Prog-Concurrente\2026-PROGC-Q1-M5\Codigo_IA_generado\Sheriffsss\src\SheriffsssPackage\ProjectileWeaponStats.java","ProjectileWeaponStats::getSpeedPixels","ProjectileWeaponStats::getSpeedPixels( ProjectileStatModifiers modifiers)",35,37
3,1,25,1,3,"ProjectileWeaponStats::getKnockbackStrengthPixels@39-41@C:\proyecto_code_ia\metricas_realizadas\Prog-Concurrente\2026-PROGC-Q1-M5\Codigo_IA_generado\Sheriffsss\src\SheriffsssPackage\ProjectileWeaponStats.java","C:\proyecto_code_ia\metricas_realizadas\Prog-Concurrente\2026-PROGC-Q1-M5\Codigo_IA_generado\Sheriffsss\src\SheriffsssPackage\ProjectileWeaponStats.java","ProjectileWeaponStats::getKnockbackStrengthPixels","ProjectileWeaponStats::getKnockbackStrengthPixels( ProjectileStatModifiers modifiers)",39,41
3,1,25,1,3,"ProjectileWeaponStats::getCooldownTicks@43-45@C:\proyecto_code_ia\metricas_realizadas\Prog-Concurrente\2026-PROGC-Q1-M5\Codigo_IA_generado\Sheriffsss\src\SheriffsssPackage\ProjectileWeaponStats.java","C:\proyecto_code_ia\metricas_realizadas\Prog-Concurrente\2026-PROGC-Q1-M5\Codigo_IA_generado\Sheriffsss\src\SheriffsssPackage\ProjectileWeaponStats.java","ProjectileWeaponStats::getCooldownTicks","ProjectileWeaponStats::getCooldownTicks( ProjectileStatModifiers modifiers)",43,45
3,1,25,1,3,"ProjectileWeaponStats::getLifeTicks@47-49@C:\proyecto_code_ia\metricas_realizadas\Prog-Concurrente\2026-PROGC-Q1-M5\Codigo_IA_generado\Sheriffsss\src\SheriffsssPackage\ProjectileWeaponStats.java","C:\proyecto_code_ia\metricas_realizadas\Prog-Concurrente\2026-PROGC-Q1-M5\Codigo_IA_generado\Sheriffsss\src\SheriffsssPackage\ProjectileWeaponStats.java","ProjectileWeaponStats::getLifeTicks","ProjectileWeaponStats::getLifeTicks( ProjectileStatModifiers modifiers)",47,49
3,1,13,1,3,"Facing::Facing@19-21@C:\proyecto_code_ia\metricas_realizadas\Prog-Concurrente\2026-PROGC-Q1-M5\Codigo_IA_generado\Sheriffsss\src\SheriffsssPackage\States.java","C:\proyecto_code_ia\metricas_realizadas\Prog-Concurrente\2026-PROGC-Q1-M5\Codigo_IA_generado\Sheriffsss\src\SheriffsssPackage\States.java","Facing::Facing","Facing( int spriteIndex)",19,21
3,1,10,0,3,"Facing::getSpriteIndex@23-25@C:\proyecto_code_ia\metricas_realizadas\Prog-Concurrente\2026-PROGC-Q1-M5\Codigo_IA_generado\Sheriffsss\src\SheriffsssPackage\States.java","C:\proyecto_code_ia\metricas_realizadas\Prog-Concurrente\2026-PROGC-Q1-M5\Codigo_IA_generado\Sheriffsss\src\SheriffsssPackage\States.java","Facing::getSpriteIndex","getSpriteIndex()",23,25
3,1,23,2,3,"CursorType::CursorType@39-41@C:\proyecto_code_ia\metricas_realizadas\Prog-Concurrente\2026-PROGC-Q1-M5\Codigo_IA_generado\Sheriffsss\src\SheriffsssPackage\States.java","C:\proyecto_code_ia\metricas_realizadas\Prog-Concurrente\2026-PROGC-Q1-M5\Codigo_IA_generado\Sheriffsss\src\SheriffsssPackage\States.java","CursorType::CursorType","CursorType( String spritePath , String cursorName)",39,41
6,1,40,4,6,"CursorType::CursorType@43-48@C:\proyecto_code_ia\metricas_realizadas\Prog-Concurrente\2026-PROGC-Q1-M5\Codigo_IA_generado\Sheriffsss\src\SheriffsssPackage\States.java","C:\proyecto_code_ia\metricas_realizadas\Prog-Concurrente\2026-PROGC-Q1-M5\Codigo_IA_generado\Sheriffsss\src\SheriffsssPackage\States.java","CursorType::CursorType","CursorType( String spritePath , String cursorName , int hotspotX , int hotspotY)",43,48
3,1,10,0,3,"CursorType::getSpritePath@50-52@C:\proyecto_code_ia\metricas_realizadas\Prog-Concurrente\2026-PROGC-Q1-M5\Codigo_IA_generado\Sheriffsss\src\SheriffsssPackage\States.java","C:\proyecto_code_ia\metricas_realizadas\Prog-Concurrente\2026-PROGC-Q1-M5\Codigo_IA_generado\Sheriffsss\src\SheriffsssPackage\States.java","CursorType::getSpritePath","getSpritePath()",50,52
3,1,10,0,3,"CursorType::getCursorName@54-56@C:\proyecto_code_ia\metricas_realizadas\Prog-Concurrente\2026-PROGC-Q1-M5\Codigo_IA_generado\Sheriffsss\src\SheriffsssPackage\States.java","C:\proyecto_code_ia\metricas_realizadas\Prog-Concurrente\2026-PROGC-Q1-M5\Codigo_IA_generado\Sheriffsss\src\SheriffsssPackage\States.java","CursorType::getCursorName","getCursorName()",54,56
4,2,36,1,4,"CursorType::getHotspotX@58-61@C:\proyecto_code_ia\metricas_realizadas\Prog-Concurrente\2026-PROGC-Q1-M5\Codigo_IA_generado\Sheriffsss\src\SheriffsssPackage\States.java","C:\proyecto_code_ia\metricas_realizadas\Prog-Concurrente\2026-PROGC-Q1-M5\Codigo_IA_generado\Sheriffsss\src\SheriffsssPackage\States.java","CursorType::getHotspotX","getHotspotX( int imageWidth)",58,61
4,2,36,1,4,"CursorType::getHotspotY@63-66@C:\proyecto_code_ia\metricas_realizadas\Prog-Concurrente\2026-PROGC-Q1-M5\Codigo_IA_generado\Sheriffsss\src\SheriffsssPackage\States.java","C:\proyecto_code_ia\metricas_realizadas\Prog-Concurrente\2026-PROGC-Q1-M5\Codigo_IA_generado\Sheriffsss\src\SheriffsssPackage\States.java","CursorType::getHotspotY","getHotspotY( int imageHeight)",63,66
3,1,13,1,3,"Style::Style@16-18@C:\proyecto_code_ia\metricas_realizadas\Prog-Concurrente\2026-PROGC-Q1-M5\Codigo_IA_generado\Sheriffsss\src\SheriffsssPackage\TextRenderer.java","C:\proyecto_code_ia\metricas_realizadas\Prog-Concurrente\2026-PROGC-Q1-M5\Codigo_IA_generado\Sheriffsss\src\SheriffsssPackage\TextRenderer.java","Style::Style","TextRenderer::Style( int shadowOffset)",16,18
2,1,5,0,2,"Style::TextRenderer@26-27@C:\proyecto_code_ia\metricas_realizadas\Prog-Concurrente\2026-PROGC-Q1-M5\Codigo_IA_generado\Sheriffsss\src\SheriffsssPackage\TextRenderer.java","C:\proyecto_code_ia\metricas_realizadas\Prog-Concurrente\2026-PROGC-Q1-M5\Codigo_IA_generado\Sheriffsss\src\SheriffsssPackage\TextRenderer.java","Style::TextRenderer","TextRenderer::TextRenderer()",26,27
3,2,50,7,3,"Style::draw@29-31@C:\proyecto_code_ia\metricas_realizadas\Prog-Concurrente\2026-PROGC-Q1-M5\Codigo_IA_generado\Sheriffsss\src\SheriffsssPackage\TextRenderer.java","C:\proyecto_code_ia\metricas_realizadas\Prog-Concurrente\2026-PROGC-Q1-M5\Codigo_IA_generado\Sheriffsss\src\SheriffsssPackage\TextRenderer.java","Style::draw","TextRenderer::draw( Graphics2D g2 , Font font , String text , Color color , int x , int y , boolean shadow)",29,31
10,3,97,7,10,"Style::draw@33-42@C:\proyecto_code_ia\metricas_realizadas\Prog-Concurrente\2026-PROGC-Q1-M5\Codigo_IA_generado\Sheriffsss\src\SheriffsssPackage\TextRenderer.java","C:\proyecto_code_ia\metricas_realizadas\Prog-Concurrente\2026-PROGC-Q1-M5\Codigo_IA_generado\Sheriffsss\src\SheriffsssPackage\TextRenderer.java","Style::draw","TextRenderer::draw( Graphics2D g2 , Font font , String text , Color color , int x , int y , Style style)",33,42
3,1,51,7,3,"Style::drawCentered@44-46@C:\proyecto_code_ia\metricas_realizadas\Prog-Concurrente\2026-PROGC-Q1-M5\Codigo_IA_generado\Sheriffsss\src\SheriffsssPackage\TextRenderer.java","C:\proyecto_code_ia\metricas_realizadas\Prog-Concurrente\2026-PROGC-Q1-M5\Codigo_IA_generado\Sheriffsss\src\SheriffsssPackage\TextRenderer.java","Style::drawCentered","TextRenderer::drawCentered( Graphics2D g2 , Font font , String text , Color color , int centerX , int baselineY , Style style)",44,46
4,1,39,4,4,"Style::centeredX@48-51@C:\proyecto_code_ia\metricas_realizadas\Prog-Concurrente\2026-PROGC-Q1-M5\Codigo_IA_generado\Sheriffsss\src\SheriffsssPackage\TextRenderer.java","C:\proyecto_code_ia\metricas_realizadas\Prog-Concurrente\2026-PROGC-Q1-M5\Codigo_IA_generado\Sheriffsss\src\SheriffsssPackage\TextRenderer.java","Style::centeredX","TextRenderer::centeredX( Graphics2D g2 , Font font , String text , int centerX)",48,51
16,1,169,5,16,"Style::drawSoftShadow@53-68@C:\proyecto_code_ia\metricas_realizadas\Prog-Concurrente\2026-PROGC-Q1-M5\Codigo_IA_generado\Sheriffsss\src\SheriffsssPackage\TextRenderer.java","C:\proyecto_code_ia\metricas_realizadas\Prog-Concurrente\2026-PROGC-Q1-M5\Codigo_IA_generado\Sheriffsss\src\SheriffsssPackage\TextRenderer.java","Style::drawSoftShadow","TextRenderer::drawSoftShadow( Graphics2D g2 , String text , int x , int y , int offset)",53,68
7,1,75,4,7,"Style::drawOutline@70-76@C:\proyecto_code_ia\metricas_realizadas\Prog-Concurrente\2026-PROGC-Q1-M5\Codigo_IA_generado\Sheriffsss\src\SheriffsssPackage\TextRenderer.java","C:\proyecto_code_ia\metricas_realizadas\Prog-Concurrente\2026-PROGC-Q1-M5\Codigo_IA_generado\Sheriffsss\src\SheriffsssPackage\TextRenderer.java","Style::drawOutline","TextRenderer::drawOutline( Graphics2D g2 , String text , int x , int y)",70,76
6,1,40,4,6,"TileType::TileType@16-21@C:\proyecto_code_ia\metricas_realizadas\Prog-Concurrente\2026-PROGC-Q1-M5\Codigo_IA_generado\Sheriffsss\src\SheriffsssPackage\TileType.java","C:\proyecto_code_ia\metricas_realizadas\Prog-Concurrente\2026-PROGC-Q1-M5\Codigo_IA_generado\Sheriffsss\src\SheriffsssPackage\TileType.java","TileType::TileType","TileType( int id , boolean solid , Color minimapColor , String spritePath)",16,21
1,1,10,0,1,"TileType::getId@23-23@C:\proyecto_code_ia\metricas_realizadas\Prog-Concurrente\2026-PROGC-Q1-M5\Codigo_IA_generado\Sheriffsss\src\SheriffsssPackage\TileType.java","C:\proyecto_code_ia\metricas_realizadas\Prog-Concurrente\2026-PROGC-Q1-M5\Codigo_IA_generado\Sheriffsss\src\SheriffsssPackage\TileType.java","TileType::getId","getId()",23,23
1,1,10,0,1,"TileType::isSolid@24-24@C:\proyecto_code_ia\metricas_realizadas\Prog-Concurrente\2026-PROGC-Q1-M5\Codigo_IA_generado\Sheriffsss\src\SheriffsssPackage\TileType.java","C:\proyecto_code_ia\metricas_realizadas\Prog-Concurrente\2026-PROGC-Q1-M5\Codigo_IA_generado\Sheriffsss\src\SheriffsssPackage\TileType.java","TileType::isSolid","isSolid()",24,24
1,1,8,0,1,"TileType::isHazardous@25-25@C:\proyecto_code_ia\metricas_realizadas\Prog-Concurrente\2026-PROGC-Q1-M5\Codigo_IA_generado\Sheriffsss\src\SheriffsssPackage\TileType.java","C:\proyecto_code_ia\metricas_realizadas\Prog-Concurrente\2026-PROGC-Q1-M5\Codigo_IA_generado\Sheriffsss\src\SheriffsssPackage\TileType.java","TileType::isHazardous","isHazardous()",25,25
1,1,10,0,1,"TileType::getMinimapColor@26-26@C:\proyecto_code_ia\metricas_realizadas\Prog-Concurrente\2026-PROGC-Q1-M5\Codigo_IA_generado\Sheriffsss\src\SheriffsssPackage\TileType.java","C:\proyecto_code_ia\metricas_realizadas\Prog-Concurrente\2026-PROGC-Q1-M5\Codigo_IA_generado\Sheriffsss\src\SheriffsssPackage\TileType.java","TileType::getMinimapColor","getMinimapColor()",26,26
1,1,16,0,1,"TileType::getSpritePaths@27-27@C:\proyecto_code_ia\metricas_realizadas\Prog-Concurrente\2026-PROGC-Q1-M5\Codigo_IA_generado\Sheriffsss\src\SheriffsssPackage\TileType.java","C:\proyecto_code_ia\metricas_realizadas\Prog-Concurrente\2026-PROGC-Q1-M5\Codigo_IA_generado\Sheriffsss\src\SheriffsssPackage\TileType.java","TileType::getSpritePaths","getSpritePaths()",27,27
1,1,8,0,1,"TileType::getLightRadiusTiles@28-28@C:\proyecto_code_ia\metricas_realizadas\Prog-Concurrente\2026-PROGC-Q1-M5\Codigo_IA_generado\Sheriffsss\src\SheriffsssPackage\TileType.java","C:\proyecto_code_ia\metricas_realizadas\Prog-Concurrente\2026-PROGC-Q1-M5\Codigo_IA_generado\Sheriffsss\src\SheriffsssPackage\TileType.java","TileType::getLightRadiusTiles","getLightRadiusTiles()",28,28
1,1,8,0,1,"TileType::getLightIntensity@29-29@C:\proyecto_code_ia\metricas_realizadas\Prog-Concurrente\2026-PROGC-Q1-M5\Codigo_IA_generado\Sheriffsss\src\SheriffsssPackage\TileType.java","C:\proyecto_code_ia\metricas_realizadas\Prog-Concurrente\2026-PROGC-Q1-M5\Codigo_IA_generado\Sheriffsss\src\SheriffsssPackage\TileType.java","TileType::getLightIntensity","getLightIntensity()",29,29
1,1,20,2,1,"TileType::getSprite@30-30@C:\proyecto_code_ia\metricas_realizadas\Prog-Concurrente\2026-PROGC-Q1-M5\Codigo_IA_generado\Sheriffsss\src\SheriffsssPackage\TileType.java","C:\proyecto_code_ia\metricas_realizadas\Prog-Concurrente\2026-PROGC-Q1-M5\Codigo_IA_generado\Sheriffsss\src\SheriffsssPackage\TileType.java","TileType::getSprite","getSprite( AssetManager assets , long frameCount)",30,30
6,3,30,1,6,"TileType::fromId@32-37@C:\proyecto_code_ia\metricas_realizadas\Prog-Concurrente\2026-PROGC-Q1-M5\Codigo_IA_generado\Sheriffsss\src\SheriffsssPackage\TileType.java","C:\proyecto_code_ia\metricas_realizadas\Prog-Concurrente\2026-PROGC-Q1-M5\Codigo_IA_generado\Sheriffsss\src\SheriffsssPackage\TileType.java","TileType::fromId","fromId( int id)",32,37
3,1,12,0,3,"TrainingControls::TrainingControls@10-12@C:\proyecto_code_ia\metricas_realizadas\Prog-Concurrente\2026-PROGC-Q1-M5\Codigo_IA_generado\Sheriffsss\src\SheriffsssPackage\TrainingControls.java","C:\proyecto_code_ia\metricas_realizadas\Prog-Concurrente\2026-PROGC-Q1-M5\Codigo_IA_generado\Sheriffsss\src\SheriffsssPackage\TrainingControls.java","TrainingControls::TrainingControls","TrainingControls::TrainingControls()",10,12
3,1,16,1,3,"TrainingControls::TrainingControls@14-16@C:\proyecto_code_ia\metricas_realizadas\Prog-Concurrente\2026-PROGC-Q1-M5\Codigo_IA_generado\Sheriffsss\src\SheriffsssPackage\TrainingControls.java","C:\proyecto_code_ia\metricas_realizadas\Prog-Concurrente\2026-PROGC-Q1-M5\Codigo_IA_generado\Sheriffsss\src\SheriffsssPackage\TrainingControls.java","TrainingControls::TrainingControls","TrainingControls::TrainingControls( int enemyCount)",14,16
3,1,10,0,3,"TrainingControls::getEnemyCount@18-20@C:\proyecto_code_ia\metricas_realizadas\Prog-Concurrente\2026-PROGC-Q1-M5\Codigo_IA_generado\Sheriffsss\src\SheriffsssPackage\TrainingControls.java","C:\proyecto_code_ia\metricas_realizadas\Prog-Concurrente\2026-PROGC-Q1-M5\Codigo_IA_generado\Sheriffsss\src\SheriffsssPackage\TrainingControls.java","TrainingControls::getEnemyCount","TrainingControls::getEnemyCount()",18,20
5,2,22,0,5,"TrainingControls::incCount@22-26@C:\proyecto_code_ia\metricas_realizadas\Prog-Concurrente\2026-PROGC-Q1-M5\Codigo_IA_generado\Sheriffsss\src\SheriffsssPackage\TrainingControls.java","C:\proyecto_code_ia\metricas_realizadas\Prog-Concurrente\2026-PROGC-Q1-M5\Codigo_IA_generado\Sheriffsss\src\SheriffsssPackage\TrainingControls.java","TrainingControls::incCount","TrainingControls::incCount()",22,26
5,2,20,0,5,"TrainingControls::decCount@28-32@C:\proyecto_code_ia\metricas_realizadas\Prog-Concurrente\2026-PROGC-Q1-M5\Codigo_IA_generado\Sheriffsss\src\SheriffsssPackage\TrainingControls.java","C:\proyecto_code_ia\metricas_realizadas\Prog-Concurrente\2026-PROGC-Q1-M5\Codigo_IA_generado\Sheriffsss\src\SheriffsssPackage\TrainingControls.java","TrainingControls::decCount","TrainingControls::decCount()",28,32
3,1,16,1,3,"TrainingControls::setEnemyCount@34-36@C:\proyecto_code_ia\metricas_realizadas\Prog-Concurrente\2026-PROGC-Q1-M5\Codigo_IA_generado\Sheriffsss\src\SheriffsssPackage\TrainingControls.java","C:\proyecto_code_ia\metricas_realizadas\Prog-Concurrente\2026-PROGC-Q1-M5\Codigo_IA_generado\Sheriffsss\src\SheriffsssPackage\TrainingControls.java","TrainingControls::setEnemyCount","TrainingControls::setEnemyCount( int count)",34,36
3,1,13,0,3,"TrainingControls::reset@38-40@C:\proyecto_code_ia\metricas_realizadas\Prog-Concurrente\2026-PROGC-Q1-M5\Codigo_IA_generado\Sheriffsss\src\SheriffsssPackage\TrainingControls.java","C:\proyecto_code_ia\metricas_realizadas\Prog-Concurrente\2026-PROGC-Q1-M5\Codigo_IA_generado\Sheriffsss\src\SheriffsssPackage\TrainingControls.java","TrainingControls::reset","TrainingControls::reset()",38,40
9,3,36,1,9,"TrainingControls::clampCount@42-50@C:\proyecto_code_ia\metricas_realizadas\Prog-Concurrente\2026-PROGC-Q1-M5\Codigo_IA_generado\Sheriffsss\src\SheriffsssPackage\TrainingControls.java","C:\proyecto_code_ia\metricas_realizadas\Prog-Concurrente\2026-PROGC-Q1-M5\Codigo_IA_generado\Sheriffsss\src\SheriffsssPackage\TrainingControls.java","TrainingControls::clampCount","TrainingControls::clampCount( int count)",42,50
9,1,67,3,9,"TrainingMode::TrainingMode@200-208@C:\proyecto_code_ia\metricas_realizadas\Prog-Concurrente\2026-PROGC-Q1-M5\Codigo_IA_generado\Sheriffsss\src\SheriffsssPackage\TrainingMode.java","C:\proyecto_code_ia\metricas_realizadas\Prog-Concurrente\2026-PROGC-Q1-M5\Codigo_IA_generado\Sheriffsss\src\SheriffsssPackage\TrainingMode.java","TrainingMode::TrainingMode","TrainingMode::TrainingMode( Game game , EnemySystem enemySystem , int sessionSeedHash)",200,208
12,1,71,0,12,"TrainingMode::buildArena@212-223@C:\proyecto_code_ia\metricas_realizadas\Prog-Concurrente\2026-PROGC-Q1-M5\Codigo_IA_generado\Sheriffsss\src\SheriffsssPackage\TrainingMode.java","C:\proyecto_code_ia\metricas_realizadas\Prog-Concurrente\2026-PROGC-Q1-M5\Codigo_IA_generado\Sheriffsss\src\SheriffsssPackage\TrainingMode.java","TrainingMode::buildArena","TrainingMode::buildArena()",212,223
4,4,31,2,4,"TrainingMode::isInsideInnerArena@225-228@C:\proyecto_code_ia\metricas_realizadas\Prog-Concurrente\2026-PROGC-Q1-M5\Codigo_IA_generado\Sheriffsss\src\SheriffsssPackage\TrainingMode.java","C:\proyecto_code_ia\metricas_realizadas\Prog-Concurrente\2026-PROGC-Q1-M5\Codigo_IA_generado\Sheriffsss\src\SheriffsssPackage\TrainingMode.java","TrainingMode::isInsideInnerArena","TrainingMode::isInsideInnerArena( int tileX , int tileY)",225,228
7,5,49,2,7,"TrainingMode::isPerimeterFenceTile@230-236@C:\proyecto_code_ia\metricas_realizadas\Prog-Concurrente\2026-PROGC-Q1-M5\Codigo_IA_generado\Sheriffsss\src\SheriffsssPackage\TrainingMode.java","C:\proyecto_code_ia\metricas_realizadas\Prog-Concurrente\2026-PROGC-Q1-M5\Codigo_IA_generado\Sheriffsss\src\SheriffsssPackage\TrainingMode.java","TrainingMode::isPerimeterFenceTile","TrainingMode::isPerimeterFenceTile( int tileX , int tileY)",230,236
20,8,140,1,20,"TrainingMode::scatterWildernessVegetation@238-257@C:\proyecto_code_ia\metricas_realizadas\Prog-Concurrente\2026-PROGC-Q1-M5\Codigo_IA_generado\Sheriffsss\src\SheriffsssPackage\TrainingMode.java","C:\proyecto_code_ia\metricas_realizadas\Prog-Concurrente\2026-PROGC-Q1-M5\Codigo_IA_generado\Sheriffsss\src\SheriffsssPackage\TrainingMode.java","TrainingMode::scatterWildernessVegetation","TrainingMode::scatterWildernessVegetation( GameMap arena)",238,257
10,4,70,1,10,"TrainingMode::placePerimeterFence@259-268@C:\proyecto_code_ia\metricas_realizadas\Prog-Concurrente\2026-PROGC-Q1-M5\Codigo_IA_generado\Sheriffsss\src\SheriffsssPackage\TrainingMode.java","C:\proyecto_code_ia\metricas_realizadas\Prog-Concurrente\2026-PROGC-Q1-M5\Codigo_IA_generado\Sheriffsss\src\SheriffsssPackage\TrainingMode.java","TrainingMode::placePerimeterFence","TrainingMode::placePerimeterFence( GameMap arena)",259,268
7,2,66,4,7,"TrainingMode::placeWildernessTree@270-276@C:\proyecto_code_ia\metricas_realizadas\Prog-Concurrente\2026-PROGC-Q1-M5\Codigo_IA_generado\Sheriffsss\src\SheriffsssPackage\TrainingMode.java","C:\proyecto_code_ia\metricas_realizadas\Prog-Concurrente\2026-PROGC-Q1-M5\Codigo_IA_generado\Sheriffsss\src\SheriffsssPackage\TrainingMode.java","TrainingMode::placeWildernessTree","TrainingMode::placeWildernessTree( GameMap arena , Random r , int rootTileX , int rootTileY)",270,276
15,10,111,3,15,"TrainingMode::canPlaceWildernessTree@278-292@C:\proyecto_code_ia\metricas_realizadas\Prog-Concurrente\2026-PROGC-Q1-M5\Codigo_IA_generado\Sheriffsss\src\SheriffsssPackage\TrainingMode.java","C:\proyecto_code_ia\metricas_realizadas\Prog-Concurrente\2026-PROGC-Q1-M5\Codigo_IA_generado\Sheriffsss\src\SheriffsssPackage\TrainingMode.java","TrainingMode::canPlaceWildernessTree","TrainingMode::canPlaceWildernessTree( GameMap arena , int rootTileX , int rootTileY)",278,292
5,1,30,0,5,"TrainingMode::borderTreeSolidMask@294-298@C:\proyecto_code_ia\metricas_realizadas\Prog-Concurrente\2026-PROGC-Q1-M5\Codigo_IA_generado\Sheriffsss\src\SheriffsssPackage\TrainingMode.java","C:\proyecto_code_ia\metricas_realizadas\Prog-Concurrente\2026-PROGC-Q1-M5\Codigo_IA_generado\Sheriffsss\src\SheriffsssPackage\TrainingMode.java","TrainingMode::borderTreeSolidMask","TrainingMode::borderTreeSolidMask()",294,298
5,1,30,0,5,"TrainingMode::borderTreeAboveMask@300-304@C:\proyecto_code_ia\metricas_realizadas\Prog-Concurrente\2026-PROGC-Q1-M5\Codigo_IA_generado\Sheriffsss\src\SheriffsssPackage\TrainingMode.java","C:\proyecto_code_ia\metricas_realizadas\Prog-Concurrente\2026-PROGC-Q1-M5\Codigo_IA_generado\Sheriffsss\src\SheriffsssPackage\TrainingMode.java","TrainingMode::borderTreeAboveMask","TrainingMode::borderTreeAboveMask()",300,304
4,1,28,2,4,"TrainingMode::setPlayerSpawnFromTile@306-309@C:\proyecto_code_ia\metricas_realizadas\Prog-Concurrente\2026-PROGC-Q1-M5\Codigo_IA_generado\Sheriffsss\src\SheriffsssPackage\TrainingMode.java","C:\proyecto_code_ia\metricas_realizadas\Prog-Concurrente\2026-PROGC-Q1-M5\Codigo_IA_generado\Sheriffsss\src\SheriffsssPackage\TrainingMode.java","TrainingMode::setPlayerSpawnFromTile","TrainingMode::setPlayerSpawnFromTile( int centerTileX , int centerTileY)",306,309
3,1,20,1,3,"TrainingMode::tileToWorldCenter@311-313@C:\proyecto_code_ia\metricas_realizadas\Prog-Concurrente\2026-PROGC-Q1-M5\Codigo_IA_generado\Sheriffsss\src\SheriffsssPackage\TrainingMode.java","C:\proyecto_code_ia\metricas_realizadas\Prog-Concurrente\2026-PROGC-Q1-M5\Codigo_IA_generado\Sheriffsss\src\SheriffsssPackage\TrainingMode.java","TrainingMode::tileToWorldCenter","TrainingMode::tileToWorldCenter( int tile)",311,313
3,1,18,2,3,"TrainingMode::isInsideArenaBounds@315-317@C:\proyecto_code_ia\metricas_realizadas\Prog-Concurrente\2026-PROGC-Q1-M5\Codigo_IA_generado\Sheriffsss\src\SheriffsssPackage\TrainingMode.java","C:\proyecto_code_ia\metricas_realizadas\Prog-Concurrente\2026-PROGC-Q1-M5\Codigo_IA_generado\Sheriffsss\src\SheriffsssPackage\TrainingMode.java","TrainingMode::isInsideArenaBounds","TrainingMode::isInsideArenaBounds( int tileX , int tileY)",315,317
10,3,99,3,10,"TrainingMode::placeCenterFence@319-328@C:\proyecto_code_ia\metricas_realizadas\Prog-Concurrente\2026-PROGC-Q1-M5\Codigo_IA_generado\Sheriffsss\src\SheriffsssPackage\TrainingMode.java","C:\proyecto_code_ia\metricas_realizadas\Prog-Concurrente\2026-PROGC-Q1-M5\Codigo_IA_generado\Sheriffsss\src\SheriffsssPackage\TrainingMode.java","TrainingMode::placeCenterFence","TrainingMode::placeCenterFence( GameMap arena , int centerTileX , int centerTileY)",319,328
6,2,44,3,6,"TrainingMode::placeCenterFenceTile@330-335@C:\proyecto_code_ia\metricas_realizadas\Prog-Concurrente\2026-PROGC-Q1-M5\Codigo_IA_generado\Sheriffsss\src\SheriffsssPackage\TrainingMode.java","C:\proyecto_code_ia\metricas_realizadas\Prog-Concurrente\2026-PROGC-Q1-M5\Codigo_IA_generado\Sheriffsss\src\SheriffsssPackage\TrainingMode.java","TrainingMode::placeCenterFenceTile","TrainingMode::placeCenterFenceTile( GameMap arena , int tileX , int tileY)",330,335
16,5,127,1,16,"TrainingMode::placeDecorations@337-352@C:\proyecto_code_ia\metricas_realizadas\Prog-Concurrente\2026-PROGC-Q1-M5\Codigo_IA_generado\Sheriffsss\src\SheriffsssPackage\TrainingMode.java","C:\proyecto_code_ia\metricas_realizadas\Prog-Concurrente\2026-PROGC-Q1-M5\Codigo_IA_generado\Sheriffsss\src\SheriffsssPackage\TrainingMode.java","TrainingMode::placeDecorations","TrainingMode::placeDecorations( GameMap arena)",337,352
4,1,20,0,4,"TrainingMode::start@354-357@C:\proyecto_code_ia\metricas_realizadas\Prog-Concurrente\2026-PROGC-Q1-M5\Codigo_IA_generado\Sheriffsss\src\SheriffsssPackage\TrainingMode.java","C:\proyecto_code_ia\metricas_realizadas\Prog-Concurrente\2026-PROGC-Q1-M5\Codigo_IA_generado\Sheriffsss\src\SheriffsssPackage\TrainingMode.java","TrainingMode::start","TrainingMode::start()",354,357
9,2,46,0,9,"TrainingMode::shutdown@359-367@C:\proyecto_code_ia\metricas_realizadas\Prog-Concurrente\2026-PROGC-Q1-M5\Codigo_IA_generado\Sheriffsss\src\SheriffsssPackage\TrainingMode.java","C:\proyecto_code_ia\metricas_realizadas\Prog-Concurrente\2026-PROGC-Q1-M5\Codigo_IA_generado\Sheriffsss\src\SheriffsssPackage\TrainingMode.java","TrainingMode::shutdown","TrainingMode::shutdown()",359,367
25,1,168,0,25,"TrainingMode::spawnInitialEnemies@371-395@C:\proyecto_code_ia\metricas_realizadas\Prog-Concurrente\2026-PROGC-Q1-M5\Codigo_IA_generado\Sheriffsss\src\SheriffsssPackage\TrainingMode.java","C:\proyecto_code_ia\metricas_realizadas\Prog-Concurrente\2026-PROGC-Q1-M5\Codigo_IA_generado\Sheriffsss\src\SheriffsssPackage\TrainingMode.java","TrainingMode::spawnInitialEnemies","TrainingMode::spawnInitialEnemies()",371,395
7,1,54,0,7,"TrainingMode::createEnemy@397-403@C:\proyecto_code_ia\metricas_realizadas\Prog-Concurrente\2026-PROGC-Q1-M5\Codigo_IA_generado\Sheriffsss\src\SheriffsssPackage\TrainingMode.java","C:\proyecto_code_ia\metricas_realizadas\Prog-Concurrente\2026-PROGC-Q1-M5\Codigo_IA_generado\Sheriffsss\src\SheriffsssPackage\TrainingMode.java","TrainingMode::createEnemy","TrainingMode::createEnemy()",397,403
16,5,148,0,16,"TrainingMode::randomArenaSpawn@405-420@C:\proyecto_code_ia\metricas_realizadas\Prog-Concurrente\2026-PROGC-Q1-M5\Codigo_IA_generado\Sheriffsss\src\SheriffsssPackage\TrainingMode.java","C:\proyecto_code_ia\metricas_realizadas\Prog-Concurrente\2026-PROGC-Q1-M5\Codigo_IA_generado\Sheriffsss\src\SheriffsssPackage\TrainingMode.java","TrainingMode::randomArenaSpawn","TrainingMode::randomArenaSpawn()",405,420
6,2,43,2,6,"TrainingMode::isInsideCenterFence@422-427@C:\proyecto_code_ia\metricas_realizadas\Prog-Concurrente\2026-PROGC-Q1-M5\Codigo_IA_generado\Sheriffsss\src\SheriffsssPackage\TrainingMode.java","C:\proyecto_code_ia\metricas_realizadas\Prog-Concurrente\2026-PROGC-Q1-M5\Codigo_IA_generado\Sheriffsss\src\SheriffsssPackage\TrainingMode.java","TrainingMode::isInsideCenterFence","TrainingMode::isInsideCenterFence( int tileX , int tileY)",422,427
20,7,152,1,20,"TrainingMode::syncEnemyCountToControls@429-448@C:\proyecto_code_ia\metricas_realizadas\Prog-Concurrente\2026-PROGC-Q1-M5\Codigo_IA_generado\Sheriffsss\src\SheriffsssPackage\TrainingMode.java","C:\proyecto_code_ia\metricas_realizadas\Prog-Concurrente\2026-PROGC-Q1-M5\Codigo_IA_generado\Sheriffsss\src\SheriffsssPackage\TrainingMode.java","TrainingMode::syncEnemyCountToControls","TrainingMode::syncEnemyCountToControls( int replacementCount)",429,448
5,1,35,0,5,"TrainingMode::resetArena@450-454@C:\proyecto_code_ia\metricas_realizadas\Prog-Concurrente\2026-PROGC-Q1-M5\Codigo_IA_generado\Sheriffsss\src\SheriffsssPackage\TrainingMode.java","C:\proyecto_code_ia\metricas_realizadas\Prog-Concurrente\2026-PROGC-Q1-M5\Codigo_IA_generado\Sheriffsss\src\SheriffsssPackage\TrainingMode.java","TrainingMode::resetArena","TrainingMode::resetArena()",450,454
22,5,105,3,22,"TrainingMode::update@458-479@C:\proyecto_code_ia\metricas_realizadas\Prog-Concurrente\2026-PROGC-Q1-M5\Codigo_IA_generado\Sheriffsss\src\SheriffsssPackage\TrainingMode.java","C:\proyecto_code_ia\metricas_realizadas\Prog-Concurrente\2026-PROGC-Q1-M5\Codigo_IA_generado\Sheriffsss\src\SheriffsssPackage\TrainingMode.java","TrainingMode::update","TrainingMode::update( Player player , GameInput input , ProjectileSystem projectileSystem)",458,479
7,2,33,0,7,"TrainingMode::notifyShotFired@481-487@C:\proyecto_code_ia\metricas_realizadas\Prog-Concurrente\2026-PROGC-Q1-M5\Codigo_IA_generado\Sheriffsss\src\SheriffsssPackage\TrainingMode.java","C:\proyecto_code_ia\metricas_realizadas\Prog-Concurrente\2026-PROGC-Q1-M5\Codigo_IA_generado\Sheriffsss\src\SheriffsssPackage\TrainingMode.java","TrainingMode::notifyShotFired","TrainingMode::notifyShotFired()",481,487
3,1,10,0,3,"TrainingMode::isSessionFinished@489-491@C:\proyecto_code_ia\metricas_realizadas\Prog-Concurrente\2026-PROGC-Q1-M5\Codigo_IA_generado\Sheriffsss\src\SheriffsssPackage\TrainingMode.java","C:\proyecto_code_ia\metricas_realizadas\Prog-Concurrente\2026-PROGC-Q1-M5\Codigo_IA_generado\Sheriffsss\src\SheriffsssPackage\TrainingMode.java","TrainingMode::isSessionFinished","TrainingMode::isSessionFinished()",489,491
3,1,14,0,3,"TrainingMode::isWaitingForFirstShot@493-495@C:\proyecto_code_ia\metricas_realizadas\Prog-Concurrente\2026-PROGC-Q1-M5\Codigo_IA_generado\Sheriffsss\src\SheriffsssPackage\TrainingMode.java","C:\proyecto_code_ia\metricas_realizadas\Prog-Concurrente\2026-PROGC-Q1-M5\Codigo_IA_generado\Sheriffsss\src\SheriffsssPackage\TrainingMode.java","TrainingMode::isWaitingForFirstShot","TrainingMode::isWaitingForFirstShot()",493,495
32,12,217,1,32,"TrainingMode::updateTutorialFlow@497-528@C:\proyecto_code_ia\metricas_realizadas\Prog-Concurrente\2026-PROGC-Q1-M5\Codigo_IA_generado\Sheriffsss\src\SheriffsssPackage\TrainingMode.java","C:\proyecto_code_ia\metricas_realizadas\Prog-Concurrente\2026-PROGC-Q1-M5\Codigo_IA_generado\Sheriffsss\src\SheriffsssPackage\TrainingMode.java","TrainingMode::updateTutorialFlow","TrainingMode::updateTutorialFlow( ProjectileSystem projectileSystem)",497,528
6,4,44,0,6,"TrainingMode::markDebugUsedIfNeeded@530-535@C:\proyecto_code_ia\metricas_realizadas\Prog-Concurrente\2026-PROGC-Q1-M5\Codigo_IA_generado\Sheriffsss\src\SheriffsssPackage\TrainingMode.java","C:\proyecto_code_ia\metricas_realizadas\Prog-Concurrente\2026-PROGC-Q1-M5\Codigo_IA_generado\Sheriffsss\src\SheriffsssPackage\TrainingMode.java","TrainingMode::markDebugUsedIfNeeded","TrainingMode::markDebugUsedIfNeeded()",530,535
7,2,25,0,7,"TrainingMode::startTargetLifetime@537-543@C:\proyecto_code_ia\metricas_realizadas\Prog-Concurrente\2026-PROGC-Q1-M5\Codigo_IA_generado\Sheriffsss\src\SheriffsssPackage\TrainingMode.java","C:\proyecto_code_ia\metricas_realizadas\Prog-Concurrente\2026-PROGC-Q1-M5\Codigo_IA_generado\Sheriffsss\src\SheriffsssPackage\TrainingMode.java","TrainingMode::startTargetLifetime","TrainingMode::startTargetLifetime()",537,543
9,3,82,0,9,"TrainingMode::resetTargetAnimationTicks@545-553@C:\proyecto_code_ia\metricas_realizadas\Prog-Concurrente\2026-PROGC-Q1-M5\Codigo_IA_generado\Sheriffsss\src\SheriffsssPackage\TrainingMode.java","C:\proyecto_code_ia\metricas_realizadas\Prog-Concurrente\2026-PROGC-Q1-M5\Codigo_IA_generado\Sheriffsss\src\SheriffsssPackage\TrainingMode.java","TrainingMode::resetTargetAnimationTicks","TrainingMode::resetTargetAnimationTicks()",545,553
5,1,36,1,5,"TrainingMode::handleDeadInput@555-559@C:\proyecto_code_ia\metricas_realizadas\Prog-Concurrente\2026-PROGC-Q1-M5\Codigo_IA_generado\Sheriffsss\src\SheriffsssPackage\TrainingMode.java","C:\proyecto_code_ia\metricas_realizadas\Prog-Concurrente\2026-PROGC-Q1-M5\Codigo_IA_generado\Sheriffsss\src\SheriffsssPackage\TrainingMode.java","TrainingMode::handleDeadInput","TrainingMode::handleDeadInput( GameInput input)",555,559
5,1,36,1,5,"TrainingMode::handleFinalInput@561-565@C:\proyecto_code_ia\metricas_realizadas\Prog-Concurrente\2026-PROGC-Q1-M5\Codigo_IA_generado\Sheriffsss\src\SheriffsssPackage\TrainingMode.java","C:\proyecto_code_ia\metricas_realizadas\Prog-Concurrente\2026-PROGC-Q1-M5\Codigo_IA_generado\Sheriffsss\src\SheriffsssPackage\TrainingMode.java","TrainingMode::handleFinalInput","TrainingMode::handleFinalInput( GameInput input)",561,565
4,1,19,1,4,"TrainingMode::drainEndActionKeys@567-570@C:\proyecto_code_ia\metricas_realizadas\Prog-Concurrente\2026-PROGC-Q1-M5\Codigo_IA_generado\Sheriffsss\src\SheriffsssPackage\TrainingMode.java","C:\proyecto_code_ia\metricas_realizadas\Prog-Concurrente\2026-PROGC-Q1-M5\Codigo_IA_generado\Sheriffsss\src\SheriffsssPackage\TrainingMode.java","TrainingMode::drainEndActionKeys","TrainingMode::drainEndActionKeys( GameInput input)",567,570
15,5,121,6,15,"TrainingMode::handleEndScreenClick@572-586@C:\proyecto_code_ia\metricas_realizadas\Prog-Concurrente\2026-PROGC-Q1-M5\Codigo_IA_generado\Sheriffsss\src\SheriffsssPackage\TrainingMode.java","C:\proyecto_code_ia\metricas_realizadas\Prog-Concurrente\2026-PROGC-Q1-M5\Codigo_IA_generado\Sheriffsss\src\SheriffsssPackage\TrainingMode.java","TrainingMode::handleEndScreenClick","TrainingMode::handleEndScreenClick( GameInput input , int boxX , int boxY , int boxWidth , int restartButtonY , int exitButtonY)",572,586
4,4,37,4,4,"TrainingMode::isInsideButton@588-591@C:\proyecto_code_ia\metricas_realizadas\Prog-Concurrente\2026-PROGC-Q1-M5\Codigo_IA_generado\Sheriffsss\src\SheriffsssPackage\TrainingMode.java","C:\proyecto_code_ia\metricas_realizadas\Prog-Concurrente\2026-PROGC-Q1-M5\Codigo_IA_generado\Sheriffsss\src\SheriffsssPackage\TrainingMode.java","TrainingMode::isInsideButton","TrainingMode::isInsideButton( int mouseX , int mouseY , int buttonX , int buttonY)",588,591
5,1,25,1,5,"TrainingMode::drainPanelInputWhileDead@593-597@C:\proyecto_code_ia\metricas_realizadas\Prog-Concurrente\2026-PROGC-Q1-M5\Codigo_IA_generado\Sheriffsss\src\SheriffsssPackage\TrainingMode.java","C:\proyecto_code_ia\metricas_realizadas\Prog-Concurrente\2026-PROGC-Q1-M5\Codigo_IA_generado\Sheriffsss\src\SheriffsssPackage\TrainingMode.java","TrainingMode::drainPanelInputWhileDead","TrainingMode::drainPanelInputWhileDead( GameInput input)",593,597
14,5,75,1,14,"TrainingMode::readPanelInput@599-612@C:\proyecto_code_ia\metricas_realizadas\Prog-Concurrente\2026-PROGC-Q1-M5\Codigo_IA_generado\Sheriffsss\src\SheriffsssPackage\TrainingMode.java","C:\proyecto_code_ia\metricas_realizadas\Prog-Concurrente\2026-PROGC-Q1-M5\Codigo_IA_generado\Sheriffsss\src\SheriffsssPackage\TrainingMode.java","TrainingMode::readPanelInput","TrainingMode::readPanelInput( GameInput input)",599,612
11,3,48,1,11,"TrainingMode::updateSessionTimer@614-624@C:\proyecto_code_ia\metricas_realizadas\Prog-Concurrente\2026-PROGC-Q1-M5\Codigo_IA_generado\Sheriffsss\src\SheriffsssPackage\TrainingMode.java","C:\proyecto_code_ia\metricas_realizadas\Prog-Concurrente\2026-PROGC-Q1-M5\Codigo_IA_generado\Sheriffsss\src\SheriffsssPackage\TrainingMode.java","TrainingMode::updateSessionTimer","TrainingMode::updateSessionTimer( ProjectileSystem projectileSystem)",614,624
5,1,22,1,5,"TrainingMode::finishSession@626-630@C:\proyecto_code_ia\metricas_realizadas\Prog-Concurrente\2026-PROGC-Q1-M5\Codigo_IA_generado\Sheriffsss\src\SheriffsssPackage\TrainingMode.java","C:\proyecto_code_ia\metricas_realizadas\Prog-Concurrente\2026-PROGC-Q1-M5\Codigo_IA_generado\Sheriffsss\src\SheriffsssPackage\TrainingMode.java","TrainingMode::finishSession","TrainingMode::finishSession( ProjectileSystem projectileSystem)",626,630
7,3,42,0,7,"TrainingMode::playCountdownSoundIfNeeded@632-638@C:\proyecto_code_ia\metricas_realizadas\Prog-Concurrente\2026-PROGC-Q1-M5\Codigo_IA_generado\Sheriffsss\src\SheriffsssPackage\TrainingMode.java","C:\proyecto_code_ia\metricas_realizadas\Prog-Concurrente\2026-PROGC-Q1-M5\Codigo_IA_generado\Sheriffsss\src\SheriffsssPackage\TrainingMode.java","TrainingMode::playCountdownSoundIfNeeded","TrainingMode::playCountdownSoundIfNeeded()",632,638
16,3,89,0,16,"TrainingMode::awardScoreForDestroyedTargets@640-655@C:\proyecto_code_ia\metricas_realizadas\Prog-Concurrente\2026-PROGC-Q1-M5\Codigo_IA_generado\Sheriffsss\src\SheriffsssPackage\TrainingMode.java","C:\proyecto_code_ia\metricas_realizadas\Prog-Concurrente\2026-PROGC-Q1-M5\Codigo_IA_generado\Sheriffsss\src\SheriffsssPackage\TrainingMode.java","TrainingMode::awardScoreForDestroyedTargets","TrainingMode::awardScoreForDestroyedTargets()",640,655
6,2,38,0,6,"TrainingMode::playHitMilestoneSounds@657-662@C:\proyecto_code_ia\metricas_realizadas\Prog-Concurrente\2026-PROGC-Q1-M5\Codigo_IA_generado\Sheriffsss\src\SheriffsssPackage\TrainingMode.java","C:\proyecto_code_ia\metricas_realizadas\Prog-Concurrente\2026-PROGC-Q1-M5\Codigo_IA_generado\Sheriffsss\src\SheriffsssPackage\TrainingMode.java","TrainingMode::playHitMilestoneSounds","TrainingMode::playHitMilestoneSounds()",657,662
18,6,134,0,18,"TrainingMode::removeExpiredTargets@664-681@C:\proyecto_code_ia\metricas_realizadas\Prog-Concurrente\2026-PROGC-Q1-M5\Codigo_IA_generado\Sheriffsss\src\SheriffsssPackage\TrainingMode.java","C:\proyecto_code_ia\metricas_realizadas\Prog-Concurrente\2026-PROGC-Q1-M5\Codigo_IA_generado\Sheriffsss\src\SheriffsssPackage\TrainingMode.java","TrainingMode::removeExpiredTargets","TrainingMode::removeExpiredTargets()",664,681
9,2,37,1,9,"TrainingMode::renderHud@685-693@C:\proyecto_code_ia\metricas_realizadas\Prog-Concurrente\2026-PROGC-Q1-M5\Codigo_IA_generado\Sheriffsss\src\SheriffsssPackage\TrainingMode.java","C:\proyecto_code_ia\metricas_realizadas\Prog-Concurrente\2026-PROGC-Q1-M5\Codigo_IA_generado\Sheriffsss\src\SheriffsssPackage\TrainingMode.java","TrainingMode::renderHud","TrainingMode::renderHud( Graphics2D g2)",685,693
14,2,154,1,14,"TrainingMode::drawTrainingStats@695-708@C:\proyecto_code_ia\metricas_realizadas\Prog-Concurrente\2026-PROGC-Q1-M5\Codigo_IA_generado\Sheriffsss\src\SheriffsssPackage\TrainingMode.java","C:\proyecto_code_ia\metricas_realizadas\Prog-Concurrente\2026-PROGC-Q1-M5\Codigo_IA_generado\Sheriffsss\src\SheriffsssPackage\TrainingMode.java","TrainingMode::drawTrainingStats","TrainingMode::drawTrainingStats( Graphics2D g2)",695,708
20,7,126,1,20,"TrainingMode::updateProjectileFailures@710-729@C:\proyecto_code_ia\metricas_realizadas\Prog-Concurrente\2026-PROGC-Q1-M5\Codigo_IA_generado\Sheriffsss\src\SheriffsssPackage\TrainingMode.java","C:\proyecto_code_ia\metricas_realizadas\Prog-Concurrente\2026-PROGC-Q1-M5\Codigo_IA_generado\Sheriffsss\src\SheriffsssPackage\TrainingMode.java","TrainingMode::updateProjectileFailures","TrainingMode::updateProjectileFailures( ProjectileSystem projectileSystem)",710,729
22,8,134,1,22,"TrainingMode::countPredictedFinalProjectileFailures@731-752@C:\proyecto_code_ia\metricas_realizadas\Prog-Concurrente\2026-PROGC-Q1-M5\Codigo_IA_generado\Sheriffsss\src\SheriffsssPackage\TrainingMode.java","C:\proyecto_code_ia\metricas_realizadas\Prog-Concurrente\2026-PROGC-Q1-M5\Codigo_IA_generado\Sheriffsss\src\SheriffsssPackage\TrainingMode.java","TrainingMode::countPredictedFinalProjectileFailures","TrainingMode::countPredictedFinalProjectileFailures( ProjectileSystem projectileSystem)",731,752
25,6,241,1,25,"TrainingMode::projectileTrajectoryWouldHitTarget@754-778@C:\proyecto_code_ia\metricas_realizadas\Prog-Concurrente\2026-PROGC-Q1-M5\Codigo_IA_generado\Sheriffsss\src\SheriffsssPackage\TrainingMode.java","C:\proyecto_code_ia\metricas_realizadas\Prog-Concurrente\2026-PROGC-Q1-M5\Codigo_IA_generado\Sheriffsss\src\SheriffsssPackage\TrainingMode.java","TrainingMode::projectileTrajectoryWouldHitTarget","TrainingMode::projectileTrajectoryWouldHitTarget( Projectile projectile)",754,778
18,6,176,4,18,"TrainingMode::ticksUntilTrajectoryLeavesTrainingPerimeter@780-797@C:\proyecto_code_ia\metricas_realizadas\Prog-Concurrente\2026-PROGC-Q1-M5\Codigo_IA_generado\Sheriffsss\src\SheriffsssPackage\TrainingMode.java","C:\proyecto_code_ia\metricas_realizadas\Prog-Concurrente\2026-PROGC-Q1-M5\Codigo_IA_generado\Sheriffsss\src\SheriffsssPackage\TrainingMode.java","TrainingMode::ticksUntilTrajectoryLeavesTrainingPerimeter","TrainingMode::ticksUntilTrajectoryLeavesTrainingPerimeter( double startX , double startY , double velocityX , double velocityY)",780,797
17,2,171,7,17,"TrainingMode::segmentIntersectsCircle@799-815@C:\proyecto_code_ia\metricas_realizadas\Prog-Concurrente\2026-PROGC-Q1-M5\Codigo_IA_generado\Sheriffsss\src\SheriffsssPackage\TrainingMode.java","C:\proyecto_code_ia\metricas_realizadas\Prog-Concurrente\2026-PROGC-Q1-M5\Codigo_IA_generado\Sheriffsss\src\SheriffsssPackage\TrainingMode.java","TrainingMode::segmentIntersectsCircle","TrainingMode::segmentIntersectsCircle( double startX , double startY , double endX , double endY , double centerX , double centerY , double radius)",799,815
3,1,12,0,3,"TrainingMode::precisionText@817-819@C:\proyecto_code_ia\metricas_realizadas\Prog-Concurrente\2026-PROGC-Q1-M5\Codigo_IA_generado\Sheriffsss\src\SheriffsssPackage\TrainingMode.java","C:\proyecto_code_ia\metricas_realizadas\Prog-Concurrente\2026-PROGC-Q1-M5\Codigo_IA_generado\Sheriffsss\src\SheriffsssPackage\TrainingMode.java","TrainingMode::precisionText","TrainingMode::precisionText()",817,819
9,2,58,0,9,"TrainingMode::updateDisplayedTrainingStats@821-829@C:\proyecto_code_ia\metricas_realizadas\Prog-Concurrente\2026-PROGC-Q1-M5\Codigo_IA_generado\Sheriffsss\src\SheriffsssPackage\TrainingMode.java","C:\proyecto_code_ia\metricas_realizadas\Prog-Concurrente\2026-PROGC-Q1-M5\Codigo_IA_generado\Sheriffsss\src\SheriffsssPackage\TrainingMode.java","TrainingMode::updateDisplayedTrainingStats","TrainingMode::updateDisplayedTrainingStats()",821,829
7,4,52,0,7,"TrainingMode::effectiveShotsFired@831-837@C:\proyecto_code_ia\metricas_realizadas\Prog-Concurrente\2026-PROGC-Q1-M5\Codigo_IA_generado\Sheriffsss\src\SheriffsssPackage\TrainingMode.java","C:\proyecto_code_ia\metricas_realizadas\Prog-Concurrente\2026-PROGC-Q1-M5\Codigo_IA_generado\Sheriffsss\src\SheriffsssPackage\TrainingMode.java","TrainingMode::effectiveShotsFired","TrainingMode::effectiveShotsFired()",831,837
6,4,59,2,6,"TrainingMode::isWorldInsideTrainingPerimeter@839-844@C:\proyecto_code_ia\metricas_realizadas\Prog-Concurrente\2026-PROGC-Q1-M5\Codigo_IA_generado\Sheriffsss\src\SheriffsssPackage\TrainingMode.java","C:\proyecto_code_ia\metricas_realizadas\Prog-Concurrente\2026-PROGC-Q1-M5\Codigo_IA_generado\Sheriffsss\src\SheriffsssPackage\TrainingMode.java","TrainingMode::isWorldInsideTrainingPerimeter","TrainingMode::isWorldInsideTrainingPerimeter( int worldX , int worldY)",839,844
9,2,56,0,9,"TrainingMode::finalScore@846-854@C:\proyecto_code_ia\metricas_realizadas\Prog-Concurrente\2026-PROGC-Q1-M5\Codigo_IA_generado\Sheriffsss\src\SheriffsssPackage\TrainingMode.java","C:\proyecto_code_ia\metricas_realizadas\Prog-Concurrente\2026-PROGC-Q1-M5\Codigo_IA_generado\Sheriffsss\src\SheriffsssPackage\TrainingMode.java","TrainingMode::finalScore","TrainingMode::finalScore()",846,854
4,2,58,0,4,"TrainingMode::timerText@856-859@C:\proyecto_code_ia\metricas_realizadas\Prog-Concurrente\2026-PROGC-Q1-M5\Codigo_IA_generado\Sheriffsss\src\SheriffsssPackage\TrainingMode.java","C:\proyecto_code_ia\metricas_realizadas\Prog-Concurrente\2026-PROGC-Q1-M5\Codigo_IA_generado\Sheriffsss\src\SheriffsssPackage\TrainingMode.java","TrainingMode::timerText","TrainingMode::timerText()",856,859
24,4,158,1,24,"TrainingMode::drawTutorialMessage@863-886@C:\proyecto_code_ia\metricas_realizadas\Prog-Concurrente\2026-PROGC-Q1-M5\Codigo_IA_generado\Sheriffsss\src\SheriffsssPackage\TrainingMode.java","C:\proyecto_code_ia\metricas_realizadas\Prog-Concurrente\2026-PROGC-Q1-M5\Codigo_IA_generado\Sheriffsss\src\SheriffsssPackage\TrainingMode.java","TrainingMode::drawTutorialMessage","TrainingMode::drawTutorialMessage( Graphics2D g2)",863,886
3,1,23,0,3,"TrainingMode::outerFenceScreenCenterX@888-890@C:\proyecto_code_ia\metricas_realizadas\Prog-Concurrente\2026-PROGC-Q1-M5\Codigo_IA_generado\Sheriffsss\src\SheriffsssPackage\TrainingMode.java","C:\proyecto_code_ia\metricas_realizadas\Prog-Concurrente\2026-PROGC-Q1-M5\Codigo_IA_generado\Sheriffsss\src\SheriffsssPackage\TrainingMode.java","TrainingMode::outerFenceScreenCenterX","TrainingMode::outerFenceScreenCenterX()",888,890
4,1,35,0,4,"TrainingMode::outerFenceBottomScreenY@892-895@C:\proyecto_code_ia\metricas_realizadas\Prog-Concurrente\2026-PROGC-Q1-M5\Codigo_IA_generado\Sheriffsss\src\SheriffsssPackage\TrainingMode.java","C:\proyecto_code_ia\metricas_realizadas\Prog-Concurrente\2026-PROGC-Q1-M5\Codigo_IA_generado\Sheriffsss\src\SheriffsssPackage\TrainingMode.java","TrainingMode::outerFenceBottomScreenY","TrainingMode::outerFenceBottomScreenY()",892,895
4,1,23,0,4,"TrainingMode::trainingPromptBaselineY@897-900@C:\proyecto_code_ia\metricas_realizadas\Prog-Concurrente\2026-PROGC-Q1-M5\Codigo_IA_generado\Sheriffsss\src\SheriffsssPackage\TrainingMode.java","C:\proyecto_code_ia\metricas_realizadas\Prog-Concurrente\2026-PROGC-Q1-M5\Codigo_IA_generado\Sheriffsss\src\SheriffsssPackage\TrainingMode.java","TrainingMode::trainingPromptBaselineY","TrainingMode::trainingPromptBaselineY()",897,900
3,1,22,0,3,"TrainingMode::hintAlpha@902-904@C:\proyecto_code_ia\metricas_realizadas\Prog-Concurrente\2026-PROGC-Q1-M5\Codigo_IA_generado\Sheriffsss\src\SheriffsssPackage\TrainingMode.java","C:\proyecto_code_ia\metricas_realizadas\Prog-Concurrente\2026-PROGC-Q1-M5\Codigo_IA_generado\Sheriffsss\src\SheriffsssPackage\TrainingMode.java","TrainingMode::hintAlpha","TrainingMode::hintAlpha()",902,904
8,2,47,0,8,"TrainingMode::updateHintAlpha@906-913@C:\proyecto_code_ia\metricas_realizadas\Prog-Concurrente\2026-PROGC-Q1-M5\Codigo_IA_generado\Sheriffsss\src\SheriffsssPackage\TrainingMode.java","C:\proyecto_code_ia\metricas_realizadas\Prog-Concurrente\2026-PROGC-Q1-M5\Codigo_IA_generado\Sheriffsss\src\SheriffsssPackage\TrainingMode.java","TrainingMode::updateHintAlpha","TrainingMode::updateHintAlpha()",906,913
3,2,20,0,3,"TrainingMode::isHintFullyFaded@915-917@C:\proyecto_code_ia\metricas_realizadas\Prog-Concurrente\2026-PROGC-Q1-M5\Codigo_IA_generado\Sheriffsss\src\SheriffsssPackage\TrainingMode.java","C:\proyecto_code_ia\metricas_realizadas\Prog-Concurrente\2026-PROGC-Q1-M5\Codigo_IA_generado\Sheriffsss\src\SheriffsssPackage\TrainingMode.java","TrainingMode::isHintFullyFaded","TrainingMode::isHintFullyFaded()",915,917
9,3,38,0,9,"TrainingMode::tutorialMessage@919-927@C:\proyecto_code_ia\metricas_realizadas\Prog-Concurrente\2026-PROGC-Q1-M5\Codigo_IA_generado\Sheriffsss\src\SheriffsssPackage\TrainingMode.java","C:\proyecto_code_ia\metricas_realizadas\Prog-Concurrente\2026-PROGC-Q1-M5\Codigo_IA_generado\Sheriffsss\src\SheriffsssPackage\TrainingMode.java","TrainingMode::tutorialMessage","TrainingMode::tutorialMessage()",919,927
12,4,121,1,12,"TrainingMode::drawDeathPrompt@931-942@C:\proyecto_code_ia\metricas_realizadas\Prog-Concurrente\2026-PROGC-Q1-M5\Codigo_IA_generado\Sheriffsss\src\SheriffsssPackage\TrainingMode.java","C:\proyecto_code_ia\metricas_realizadas\Prog-Concurrente\2026-PROGC-Q1-M5\Codigo_IA_generado\Sheriffsss\src\SheriffsssPackage\TrainingMode.java","TrainingMode::drawDeathPrompt","TrainingMode::drawDeathPrompt( Graphics2D g2)",931,942
3,1,16,0,3,"TrainingMode::deathBoxX@944-946@C:\proyecto_code_ia\metricas_realizadas\Prog-Concurrente\2026-PROGC-Q1-M5\Codigo_IA_generado\Sheriffsss\src\SheriffsssPackage\TrainingMode.java","C:\proyecto_code_ia\metricas_realizadas\Prog-Concurrente\2026-PROGC-Q1-M5\Codigo_IA_generado\Sheriffsss\src\SheriffsssPackage\TrainingMode.java","TrainingMode::deathBoxX","TrainingMode::deathBoxX()",944,946
3,1,14,0,3,"TrainingMode::deathBoxY@948-950@C:\proyecto_code_ia\metricas_realizadas\Prog-Concurrente\2026-PROGC-Q1-M5\Codigo_IA_generado\Sheriffsss\src\SheriffsssPackage\TrainingMode.java","C:\proyecto_code_ia\metricas_realizadas\Prog-Concurrente\2026-PROGC-Q1-M5\Codigo_IA_generado\Sheriffsss\src\SheriffsssPackage\TrainingMode.java","TrainingMode::deathBoxY","TrainingMode::deathBoxY()",948,950
4,1,38,3,4,"TrainingMode::drawDeathTitle@952-955@C:\proyecto_code_ia\metricas_realizadas\Prog-Concurrente\2026-PROGC-Q1-M5\Codigo_IA_generado\Sheriffsss\src\SheriffsssPackage\TrainingMode.java","C:\proyecto_code_ia\metricas_realizadas\Prog-Concurrente\2026-PROGC-Q1-M5\Codigo_IA_generado\Sheriffsss\src\SheriffsssPackage\TrainingMode.java","TrainingMode::drawDeathTitle","TrainingMode::drawDeathTitle( Graphics2D g2 , int boxX , int boxY)",952,955
13,3,184,1,13,"TrainingMode::drawFinalScreen@957-969@C:\proyecto_code_ia\metricas_realizadas\Prog-Concurrente\2026-PROGC-Q1-M5\Codigo_IA_generado\Sheriffsss\src\SheriffsssPackage\TrainingMode.java","C:\proyecto_code_ia\metricas_realizadas\Prog-Concurrente\2026-PROGC-Q1-M5\Codigo_IA_generado\Sheriffsss\src\SheriffsssPackage\TrainingMode.java","TrainingMode::drawFinalScreen","TrainingMode::drawFinalScreen( Graphics2D g2)",957,969
3,1,16,0,3,"TrainingMode::finalBoxX@971-973@C:\proyecto_code_ia\metricas_realizadas\Prog-Concurrente\2026-PROGC-Q1-M5\Codigo_IA_generado\Sheriffsss\src\SheriffsssPackage\TrainingMode.java","C:\proyecto_code_ia\metricas_realizadas\Prog-Concurrente\2026-PROGC-Q1-M5\Codigo_IA_generado\Sheriffsss\src\SheriffsssPackage\TrainingMode.java","TrainingMode::finalBoxX","TrainingMode::finalBoxX()",971,973
3,1,16,0,3,"TrainingMode::finalBoxY@975-977@C:\proyecto_code_ia\metricas_realizadas\Prog-Concurrente\2026-PROGC-Q1-M5\Codigo_IA_generado\Sheriffsss\src\SheriffsssPackage\TrainingMode.java","C:\proyecto_code_ia\metricas_realizadas\Prog-Concurrente\2026-PROGC-Q1-M5\Codigo_IA_generado\Sheriffsss\src\SheriffsssPackage\TrainingMode.java","TrainingMode::finalBoxY","TrainingMode::finalBoxY()",975,977
3,1,45,6,3,"TrainingMode::drawFinalCenteredLine@979-981@C:\proyecto_code_ia\metricas_realizadas\Prog-Concurrente\2026-PROGC-Q1-M5\Codigo_IA_generado\Sheriffsss\src\SheriffsssPackage\TrainingMode.java","C:\proyecto_code_ia\metricas_realizadas\Prog-Concurrente\2026-PROGC-Q1-M5\Codigo_IA_generado\Sheriffsss\src\SheriffsssPackage\TrainingMode.java","TrainingMode::drawFinalCenteredLine","TrainingMode::drawFinalCenteredLine( Graphics2D g2 , String text , Font font , Color color , int boxX , int baselineY)",979,981
3,1,21,2,3,"TrainingMode::endButtonX@983-985@C:\proyecto_code_ia\metricas_realizadas\Prog-Concurrente\2026-PROGC-Q1-M5\Codigo_IA_generado\Sheriffsss\src\SheriffsssPackage\TrainingMode.java","C:\proyecto_code_ia\metricas_realizadas\Prog-Concurrente\2026-PROGC-Q1-M5\Codigo_IA_generado\Sheriffsss\src\SheriffsssPackage\TrainingMode.java","TrainingMode::endButtonX","TrainingMode::endButtonX( int boxX , int boxWidth)",983,985
10,1,127,4,10,"TrainingMode::drawEndButton@987-996@C:\proyecto_code_ia\metricas_realizadas\Prog-Concurrente\2026-PROGC-Q1-M5\Codigo_IA_generado\Sheriffsss\src\SheriffsssPackage\TrainingMode.java","C:\proyecto_code_ia\metricas_realizadas\Prog-Concurrente\2026-PROGC-Q1-M5\Codigo_IA_generado\Sheriffsss\src\SheriffsssPackage\TrainingMode.java","TrainingMode::drawEndButton","TrainingMode::drawEndButton( Graphics2D g2 , String text , int x , int y)",987,996
9,1,100,8,9,"TrainingMode::drawTranslucentBox@1000-1008@C:\proyecto_code_ia\metricas_realizadas\Prog-Concurrente\2026-PROGC-Q1-M5\Codigo_IA_generado\Sheriffsss\src\SheriffsssPackage\TrainingMode.java","C:\proyecto_code_ia\metricas_realizadas\Prog-Concurrente\2026-PROGC-Q1-M5\Codigo_IA_generado\Sheriffsss\src\SheriffsssPackage\TrainingMode.java","TrainingMode::drawTranslucentBox","TrainingMode::drawTranslucentBox( Graphics2D g2 , int x , int y , int width , int height , float alpha , Color fill , Color border)",1000,1008
13,4,75,0,13,"TrainingMode::loadControls@1012-1024@C:\proyecto_code_ia\metricas_realizadas\Prog-Concurrente\2026-PROGC-Q1-M5\Codigo_IA_generado\Sheriffsss\src\SheriffsssPackage\TrainingMode.java","C:\proyecto_code_ia\metricas_realizadas\Prog-Concurrente\2026-PROGC-Q1-M5\Codigo_IA_generado\Sheriffsss\src\SheriffsssPackage\TrainingMode.java","TrainingMode::loadControls","TrainingMode::loadControls()",1012,1024
11,3,75,1,11,"TrainingMode::applyConfigLine@1026-1036@C:\proyecto_code_ia\metricas_realizadas\Prog-Concurrente\2026-PROGC-Q1-M5\Codigo_IA_generado\Sheriffsss\src\SheriffsssPackage\TrainingMode.java","C:\proyecto_code_ia\metricas_realizadas\Prog-Concurrente\2026-PROGC-Q1-M5\Codigo_IA_generado\Sheriffsss\src\SheriffsssPackage\TrainingMode.java","TrainingMode::applyConfigLine","TrainingMode::applyConfigLine( String line)",1026,1036
6,2,31,1,6,"TrainingMode::applyCountValue@1038-1043@C:\proyecto_code_ia\metricas_realizadas\Prog-Concurrente\2026-PROGC-Q1-M5\Codigo_IA_generado\Sheriffsss\src\SheriffsssPackage\TrainingMode.java","C:\proyecto_code_ia\metricas_realizadas\Prog-Concurrente\2026-PROGC-Q1-M5\Codigo_IA_generado\Sheriffsss\src\SheriffsssPackage\TrainingMode.java","TrainingMode::applyCountValue","TrainingMode::applyCountValue( String value)",1038,1043
9,2,66,0,9,"TrainingMode::saveControls@1045-1053@C:\proyecto_code_ia\metricas_realizadas\Prog-Concurrente\2026-PROGC-Q1-M5\Codigo_IA_generado\Sheriffsss\src\SheriffsssPackage\TrainingMode.java","C:\proyecto_code_ia\metricas_realizadas\Prog-Concurrente\2026-PROGC-Q1-M5\Codigo_IA_generado\Sheriffsss\src\SheriffsssPackage\TrainingMode.java","TrainingMode::saveControls","TrainingMode::saveControls()",1045,1053
6,3,37,1,6,"TrainingMode::ensureParentDirExists@1055-1060@C:\proyecto_code_ia\metricas_realizadas\Prog-Concurrente\2026-PROGC-Q1-M5\Codigo_IA_generado\Sheriffsss\src\SheriffsssPackage\TrainingMode.java","C:\proyecto_code_ia\metricas_realizadas\Prog-Concurrente\2026-PROGC-Q1-M5\Codigo_IA_generado\Sheriffsss\src\SheriffsssPackage\TrainingMode.java","TrainingMode::ensureParentDirExists","TrainingMode::ensureParentDirExists( File file)",1055,1060
3,1,10,0,3,"TrainingMode::getPlayerSpawnWorldX@1064-1066@C:\proyecto_code_ia\metricas_realizadas\Prog-Concurrente\2026-PROGC-Q1-M5\Codigo_IA_generado\Sheriffsss\src\SheriffsssPackage\TrainingMode.java","C:\proyecto_code_ia\metricas_realizadas\Prog-Concurrente\2026-PROGC-Q1-M5\Codigo_IA_generado\Sheriffsss\src\SheriffsssPackage\TrainingMode.java","TrainingMode::getPlayerSpawnWorldX","TrainingMode::getPlayerSpawnWorldX()",1064,1066
3,1,10,0,3,"TrainingMode::getPlayerSpawnWorldY@1068-1070@C:\proyecto_code_ia\metricas_realizadas\Prog-Concurrente\2026-PROGC-Q1-M5\Codigo_IA_generado\Sheriffsss\src\SheriffsssPackage\TrainingMode.java","C:\proyecto_code_ia\metricas_realizadas\Prog-Concurrente\2026-PROGC-Q1-M5\Codigo_IA_generado\Sheriffsss\src\SheriffsssPackage\TrainingMode.java","TrainingMode::getPlayerSpawnWorldY","TrainingMode::getPlayerSpawnWorldY()",1068,1070
3,1,12,0,3,"TrainingMode::getFailurePerimeterLeftWorldX@1072-1074@C:\proyecto_code_ia\metricas_realizadas\Prog-Concurrente\2026-PROGC-Q1-M5\Codigo_IA_generado\Sheriffsss\src\SheriffsssPackage\TrainingMode.java","C:\proyecto_code_ia\metricas_realizadas\Prog-Concurrente\2026-PROGC-Q1-M5\Codigo_IA_generado\Sheriffsss\src\SheriffsssPackage\TrainingMode.java","TrainingMode::getFailurePerimeterLeftWorldX","TrainingMode::getFailurePerimeterLeftWorldX()",1072,1074
3,1,12,0,3,"TrainingMode::getFailurePerimeterTopWorldY@1076-1078@C:\proyecto_code_ia\metricas_realizadas\Prog-Concurrente\2026-PROGC-Q1-M5\Codigo_IA_generado\Sheriffsss\src\SheriffsssPackage\TrainingMode.java","C:\proyecto_code_ia\metricas_realizadas\Prog-Concurrente\2026-PROGC-Q1-M5\Codigo_IA_generado\Sheriffsss\src\SheriffsssPackage\TrainingMode.java","TrainingMode::getFailurePerimeterTopWorldY","TrainingMode::getFailurePerimeterTopWorldY()",1076,1078
3,1,12,0,3,"TrainingMode::getFailurePerimeterWidthWorld@1080-1082@C:\proyecto_code_ia\metricas_realizadas\Prog-Concurrente\2026-PROGC-Q1-M5\Codigo_IA_generado\Sheriffsss\src\SheriffsssPackage\TrainingMode.java","C:\proyecto_code_ia\metricas_realizadas\Prog-Concurrente\2026-PROGC-Q1-M5\Codigo_IA_generado\Sheriffsss\src\SheriffsssPackage\TrainingMode.java","TrainingMode::getFailurePerimeterWidthWorld","TrainingMode::getFailurePerimeterWidthWorld()",1080,1082
3,1,12,0,3,"TrainingMode::getFailurePerimeterHeightWorld@1084-1086@C:\proyecto_code_ia\metricas_realizadas\Prog-Concurrente\2026-PROGC-Q1-M5\Codigo_IA_generado\Sheriffsss\src\SheriffsssPackage\TrainingMode.java","C:\proyecto_code_ia\metricas_realizadas\Prog-Concurrente\2026-PROGC-Q1-M5\Codigo_IA_generado\Sheriffsss\src\SheriffsssPackage\TrainingMode.java","TrainingMode::getFailurePerimeterHeightWorld","TrainingMode::getFailurePerimeterHeightWorld()",1084,1086
19,1,47,0,19,"TrainingMode::buildSteps@1090-1108@C:\proyecto_code_ia\metricas_realizadas\Prog-Concurrente\2026-PROGC-Q1-M5\Codigo_IA_generado\Sheriffsss\src\SheriffsssPackage\TrainingMode.java","C:\proyecto_code_ia\metricas_realizadas\Prog-Concurrente\2026-PROGC-Q1-M5\Codigo_IA_generado\Sheriffsss\src\SheriffsssPackage\TrainingMode.java","TrainingMode::buildSteps","TrainingMode::buildSteps()",1090,1108
5,1,47,3,5,"TutorialStep::TutorialStep@11-15@C:\proyecto_code_ia\metricas_realizadas\Prog-Concurrente\2026-PROGC-Q1-M5\Codigo_IA_generado\Sheriffsss\src\SheriffsssPackage\TutorialStep.java","C:\proyecto_code_ia\metricas_realizadas\Prog-Concurrente\2026-PROGC-Q1-M5\Codigo_IA_generado\Sheriffsss\src\SheriffsssPackage\TutorialStep.java","TutorialStep::TutorialStep","TutorialStep::TutorialStep( TutorialEventType triggerEvent , long minDurationMs , long maxWaitMs)",11,15
3,1,10,0,3,"TutorialStep::getTriggerEvent@17-19@C:\proyecto_code_ia\metricas_realizadas\Prog-Concurrente\2026-PROGC-Q1-M5\Codigo_IA_generado\Sheriffsss\src\SheriffsssPackage\TutorialStep.java","C:\proyecto_code_ia\metricas_realizadas\Prog-Concurrente\2026-PROGC-Q1-M5\Codigo_IA_generado\Sheriffsss\src\SheriffsssPackage\TutorialStep.java","TutorialStep::getTriggerEvent","TutorialStep::getTriggerEvent()",17,19
3,1,10,0,3,"TutorialStep::getMinDurationMs@21-23@C:\proyecto_code_ia\metricas_realizadas\Prog-Concurrente\2026-PROGC-Q1-M5\Codigo_IA_generado\Sheriffsss\src\SheriffsssPackage\TutorialStep.java","C:\proyecto_code_ia\metricas_realizadas\Prog-Concurrente\2026-PROGC-Q1-M5\Codigo_IA_generado\Sheriffsss\src\SheriffsssPackage\TutorialStep.java","TutorialStep::getMinDurationMs","TutorialStep::getMinDurationMs()",21,23
3,1,10,0,3,"TutorialStep::getMaxWaitMs@25-27@C:\proyecto_code_ia\metricas_realizadas\Prog-Concurrente\2026-PROGC-Q1-M5\Codigo_IA_generado\Sheriffsss\src\SheriffsssPackage\TutorialStep.java","C:\proyecto_code_ia\metricas_realizadas\Prog-Concurrente\2026-PROGC-Q1-M5\Codigo_IA_generado\Sheriffsss\src\SheriffsssPackage\TutorialStep.java","TutorialStep::getMaxWaitMs","TutorialStep::getMaxWaitMs()",25,27
5,1,26,1,5,"TutorialThread::TutorialThread@28-32@C:\proyecto_code_ia\metricas_realizadas\Prog-Concurrente\2026-PROGC-Q1-M5\Codigo_IA_generado\Sheriffsss\src\SheriffsssPackage\TutorialThread.java","C:\proyecto_code_ia\metricas_realizadas\Prog-Concurrente\2026-PROGC-Q1-M5\Codigo_IA_generado\Sheriffsss\src\SheriffsssPackage\TutorialThread.java","TutorialThread::TutorialThread","TutorialThread::TutorialThread( List<TutorialStep> steps)",28,32
8,2,31,0,9,"TutorialThread::run@35-43@C:\proyecto_code_ia\metricas_realizadas\Prog-Concurrente\2026-PROGC-Q1-M5\Codigo_IA_generado\Sheriffsss\src\SheriffsssPackage\TutorialThread.java","C:\proyecto_code_ia\metricas_realizadas\Prog-Concurrente\2026-PROGC-Q1-M5\Codigo_IA_generado\Sheriffsss\src\SheriffsssPackage\TutorialThread.java","TutorialThread::run","TutorialThread::run()",35,43
9,3,66,0,9,"TutorialThread::runAllSteps@45-53@C:\proyecto_code_ia\metricas_realizadas\Prog-Concurrente\2026-PROGC-Q1-M5\Codigo_IA_generado\Sheriffsss\src\SheriffsssPackage\TutorialThread.java","C:\proyecto_code_ia\metricas_realizadas\Prog-Concurrente\2026-PROGC-Q1-M5\Codigo_IA_generado\Sheriffsss\src\SheriffsssPackage\TutorialThread.java","TutorialThread::runAllSteps","TutorialThread::runAllSteps()",45,53
13,4,81,3,13,"TutorialThread::runStep@55-67@C:\proyecto_code_ia\metricas_realizadas\Prog-Concurrente\2026-PROGC-Q1-M5\Codigo_IA_generado\Sheriffsss\src\SheriffsssPackage\TutorialThread.java","C:\proyecto_code_ia\metricas_realizadas\Prog-Concurrente\2026-PROGC-Q1-M5\Codigo_IA_generado\Sheriffsss\src\SheriffsssPackage\TutorialThread.java","TutorialThread::runStep","TutorialThread::runStep( TutorialStep step , int stepNumber , int totalSteps)",55,67
3,1,27,1,3,"TutorialThread::remainingWaitMs@69-71@C:\proyecto_code_ia\metricas_realizadas\Prog-Concurrente\2026-PROGC-Q1-M5\Codigo_IA_generado\Sheriffsss\src\SheriffsssPackage\TutorialThread.java","C:\proyecto_code_ia\metricas_realizadas\Prog-Concurrente\2026-PROGC-Q1-M5\Codigo_IA_generado\Sheriffsss\src\SheriffsssPackage\TutorialThread.java","TutorialThread::remainingWaitMs","TutorialThread::remainingWaitMs( TutorialStep step)",69,71
5,2,24,0,5,"TutorialThread::skip@76-80@C:\proyecto_code_ia\metricas_realizadas\Prog-Concurrente\2026-PROGC-Q1-M5\Codigo_IA_generado\Sheriffsss\src\SheriffsssPackage\TutorialThread.java","C:\proyecto_code_ia\metricas_realizadas\Prog-Concurrente\2026-PROGC-Q1-M5\Codigo_IA_generado\Sheriffsss\src\SheriffsssPackage\TutorialThread.java","TutorialThread::skip","TutorialThread::skip()",76,80
5,1,71,4,5,"WorldLighting::resolveDarknessAlpha@9-13@C:\proyecto_code_ia\metricas_realizadas\Prog-Concurrente\2026-PROGC-Q1-M5\Codigo_IA_generado\Sheriffsss\src\SheriffsssPackage\WorldLighting.java","C:\proyecto_code_ia\metricas_realizadas\Prog-Concurrente\2026-PROGC-Q1-M5\Codigo_IA_generado\Sheriffsss\src\SheriffsssPackage\WorldLighting.java","WorldLighting::resolveDarknessAlpha","WorldLighting::resolveDarknessAlpha( GameMap map , int tileX , int tileY , DayNightCycle cycle)",9,13
6,1,94,5,6,"WorldLighting::resolveDarknessAlpha@15-20@C:\proyecto_code_ia\metricas_realizadas\Prog-Concurrente\2026-PROGC-Q1-M5\Codigo_IA_generado\Sheriffsss\src\SheriffsssPackage\WorldLighting.java","C:\proyecto_code_ia\metricas_realizadas\Prog-Concurrente\2026-PROGC-Q1-M5\Codigo_IA_generado\Sheriffsss\src\SheriffsssPackage\WorldLighting.java","WorldLighting::resolveDarknessAlpha","WorldLighting::resolveDarknessAlpha( GameMap map , Player player , int tileX , int tileY , DayNightCycle cycle)",15,20
8,2,72,7,8,"WorldLighting::resolveDynamicLight@22-29@C:\proyecto_code_ia\metricas_realizadas\Prog-Concurrente\2026-PROGC-Q1-M5\Codigo_IA_generado\Sheriffsss\src\SheriffsssPackage\WorldLighting.java","C:\proyecto_code_ia\metricas_realizadas\Prog-Concurrente\2026-PROGC-Q1-M5\Codigo_IA_generado\Sheriffsss\src\SheriffsssPackage\WorldLighting.java","WorldLighting::resolveDynamicLight","WorldLighting::resolveDynamicLight( GameMap map , int sourceWorldX , int sourceWorldY , int tileX , int tileY , int radiusTiles , double intensity)",22,29
12,6,78,1,12,"WorldLighting::hasEnemyDebuffLights@31-42@C:\proyecto_code_ia\metricas_realizadas\Prog-Concurrente\2026-PROGC-Q1-M5\Codigo_IA_generado\Sheriffsss\src\SheriffsssPackage\WorldLighting.java","C:\proyecto_code_ia\metricas_realizadas\Prog-Concurrente\2026-PROGC-Q1-M5\Codigo_IA_generado\Sheriffsss\src\SheriffsssPackage\WorldLighting.java","WorldLighting::hasEnemyDebuffLights","WorldLighting::hasEnemyDebuffLights( List<Enemy> enemies)",31,42
27,10,230,4,27,"WorldLighting::resolveEnemyDebuffLight@44-70@C:\proyecto_code_ia\metricas_realizadas\Prog-Concurrente\2026-PROGC-Q1-M5\Codigo_IA_generado\Sheriffsss\src\SheriffsssPackage\WorldLighting.java","C:\proyecto_code_ia\metricas_realizadas\Prog-Concurrente\2026-PROGC-Q1-M5\Codigo_IA_generado\Sheriffsss\src\SheriffsssPackage\WorldLighting.java","WorldLighting::resolveEnemyDebuffLight","WorldLighting::resolveEnemyDebuffLight( GameMap map , List<Enemy> enemies , int tileX , int tileY)",44,70
17,4,124,4,17,"WorldLighting::resolveHeldLight@72-88@C:\proyecto_code_ia\metricas_realizadas\Prog-Concurrente\2026-PROGC-Q1-M5\Codigo_IA_generado\Sheriffsss\src\SheriffsssPackage\WorldLighting.java","C:\proyecto_code_ia\metricas_realizadas\Prog-Concurrente\2026-PROGC-Q1-M5\Codigo_IA_generado\Sheriffsss\src\SheriffsssPackage\WorldLighting.java","WorldLighting::resolveHeldLight","WorldLighting::resolveHeldLight( GameMap map , Player player , int tileX , int tileY)",72,88
22,6,200,3,23,"WorldLighting::resolveLocalLight@90-112@C:\proyecto_code_ia\metricas_realizadas\Prog-Concurrente\2026-PROGC-Q1-M5\Codigo_IA_generado\Sheriffsss\src\SheriffsssPackage\WorldLighting.java","C:\proyecto_code_ia\metricas_realizadas\Prog-Concurrente\2026-PROGC-Q1-M5\Codigo_IA_generado\Sheriffsss\src\SheriffsssPackage\WorldLighting.java","WorldLighting::resolveLocalLight","WorldLighting::resolveLocalLight( GameMap map , int tileX , int tileY)",90,112
11,4,74,4,11,"WorldLighting::contribution@114-124@C:\proyecto_code_ia\metricas_realizadas\Prog-Concurrente\2026-PROGC-Q1-M5\Codigo_IA_generado\Sheriffsss\src\SheriffsssPackage\WorldLighting.java","C:\proyecto_code_ia\metricas_realizadas\Prog-Concurrente\2026-PROGC-Q1-M5\Codigo_IA_generado\Sheriffsss\src\SheriffsssPackage\WorldLighting.java","WorldLighting::contribution","WorldLighting::contribution( int radiusTiles , double intensity , int deltaX , int deltaY)",114,124
11,4,74,4,11,"WorldLighting::contributionPixels@126-136@C:\proyecto_code_ia\metricas_realizadas\Prog-Concurrente\2026-PROGC-Q1-M5\Codigo_IA_generado\Sheriffsss\src\SheriffsssPackage\WorldLighting.java","C:\proyecto_code_ia\metricas_realizadas\Prog-Concurrente\2026-PROGC-Q1-M5\Codigo_IA_generado\Sheriffsss\src\SheriffsssPackage\WorldLighting.java","WorldLighting::contributionPixels","WorldLighting::contributionPixels( int radiusPixels , double intensity , int deltaX , int deltaY)",126,136
